city_id,city_name,state,station_id,station_name,sensor_id,timestamp_utc,pm25,coverage_percent,data_source
BLR,Bengaluru,Karnataka,6206921,Koramangala,15203555,2026-07-26 06:30:00+00:00,16.4,100.0,OpenAQ verified hourly measurement
BLR,Bengaluru,Karnataka,6206921,Koramangala,15203555,2026-07-26 07:30:00+00:00,17.2,100.0,OpenAQ verified hourly measurement
BLR,Bengaluru,Karnataka,6206921,Koramangala,15203555,2026-07-26 08:30:00+00:00,13.9,100.0,OpenAQ verified hourly measurement
BLR,Bengaluru,Karnataka,6206921,Koramangala,15203555,2026-07-26 09:30:00+00:00,15.9,100.0,OpenAQ verified hourly measurement
BLR,Bengaluru,Karnataka,6206921,Koramangala,15203555,2026-07-26 10:30:00+00:00,7.8,100.0,OpenAQ verified hourly measurement
BLR,Bengaluru,Karnataka,6206921,Koramangala,15203555,2026-07-26 11:30:00+00:00,10.1,100.0,OpenAQ verified hourly measurement
BLR,Bengaluru,Karnataka,6206921,Koramangala,15203555,2026-07-26 12:30:00+00:00,13.3,100.0,OpenAQ verified hourly measurement
BLR,Bengaluru,Karnataka,6206921,Koramangala,15203555,2026-07-26 13:30:00+00:00,14.3,100.0,OpenAQ verified hourly measurement
BLR,Bengaluru,Karnataka,6206921,Koramangala,15203555,2026-07-26 14:30:00+00:00,16.3,100.0,OpenAQ verified hourly measurement
BLR,Bengaluru,Karnataka,6206921,Koramangala,15203555,2026-07-26 15:30:00+00:00,20.2,100.0,OpenAQ verified hourly measurement
BLR,Bengaluru,Karnataka,6206921,Koramangala,15203555,2026-07-26 16:30:00+00:00,19.7,100.0,OpenAQ verified hourly measurement
BLR,Bengaluru,Karnataka,6206921,Koramangala,15203555,2026-07-26 17:30:00+00:00,11.0,100.0,OpenAQ verified hourly measurement
BLR,Bengaluru,Karnataka,6206921,Koramangala,15203555,2026-07-26 18:30:00+00:00,11.8,100.0,OpenAQ verified hourly measurement
BLR,Bengaluru,Karnataka,6206921,Koramangala,15203555,2026-07-26 19:30:00+00:00,8.9,100.0,OpenAQ verified hourly measurement
BLR,Bengaluru,Karnataka,6206921,Koramangala,15203555,2026-07-26 20:30:00+00:00,9.3,100.0,OpenAQ verified hourly measurement
BLR,Bengaluru,Karnataka,6206921,Koramangala,15203555,2026-07-26 21:30:00+00:00,7.7,100.0,OpenAQ verified hourly measurement
BLR,Bengaluru,Karnataka,6206921,Koramangala,15203555,2026-07-26 22:30:00+00:00,7.3,100.0,OpenAQ verified hourly measurement
BLR,Bengaluru,Karnataka,6206921,Koramangala,15203555,2026-07-26 23:30:00+00:00,9.1,100.0,OpenAQ verified hourly measurement
BLR,Bengaluru,Karnataka,6206921,Koramangala,15203555,2026-07-27 00:30:00+00:00,12.2,100.0,OpenAQ verified hourly measurement
BLR,Bengaluru,Karnataka,6206921,Koramangala,15203555,2026-07-27 01:30:00+00:00,20.5,100.0,OpenAQ verified hourly measurement
BLR,Bengaluru,Karnataka,6206921,Koramangala,15203555,2026-07-27 02:30:00+00:00,23.0,100.0,OpenAQ verified hourly measurement
BLR,Bengaluru,Karnataka,6206921,Koramangala,15203555,2026-07-27 03:30:00+00:00,19.5,100.0,OpenAQ verified hourly measurement
BLR,Bengaluru,Karnataka,6206921,Koramangala,15203555,2026-07-27 04:30:00+00:00,13.1,100.0,OpenAQ verified hourly measurement
BLR,Bengaluru,Karnataka,6206921,Koramangala,15203555,2026-07-27 05:30:00+00:00,9.4,100.0,OpenAQ verified hourly measurement
BLR,Bengaluru,Karnataka,6206921,Koramangala,15203555,2026-07-27 06:30:00+00:00,8.6,100.0,OpenAQ verified hourly measurement
BLR,Bengaluru,Karnataka,6206921,Koramangala,15203555,2026-07-27 07:30:00+00:00,13.5,100.0,OpenAQ verified hourly measurement
BLR,Bengaluru,Karnataka,6206921,Koramangala,15203555,2026-07-27 08:30:00+00:00,4.5,100.0,OpenAQ verified hourly measurement
BLR,Bengaluru,Karnataka,6206921,Koramangala,15203555,2026-07-27 09:30:00+00:00,6.7,100.0,OpenAQ verified hourly measurement
BLR,Bengaluru,Karnataka,6206921,Koramangala,15203555,2026-07-27 10:30:00+00:00,8.8,100.0,OpenAQ verified hourly measurement
BLR,Bengaluru,Karnataka,6206921,Koramangala,15203555,2026-07-27 11:30:00+00:00,23.2,100.0,OpenAQ verified hourly measurement
BLR,Bengaluru,Karnataka,6206921,Koramangala,15203555,2026-07-27 12:30:00+00:00,16.9,100.0,OpenAQ verified hourly measurement
BLR,Bengaluru,Karnataka,6206921,Koramangala,15203555,2026-07-27 13:30:00+00:00,23.4,100.0,OpenAQ verified hourly measurement
BLR,Bengaluru,Karnataka,6206921,Koramangala,15203555,2026-07-27 14:30:00+00:00,25.9,100.0,OpenAQ verified hourly measurement
BLR,Bengaluru,Karnataka,6206921,Koramangala,15203555,2026-07-27 15:30:00+00:00,23.1,100.0,OpenAQ verified hourly measurement
BLR,Bengaluru,Karnataka,6206921,Koramangala,15203555,2026-07-27 16:30:00+00:00,17.3,100.0,OpenAQ verified hourly measurement
BLR,Bengaluru,Karnataka,6206921,Koramangala,15203555,2026-07-27 17:30:00+00:00,15.7,100.0,OpenAQ verified hourly measurement
BLR,Bengaluru,Karnataka,6206921,Koramangala,15203555,2026-07-27 18:30:00+00:00,9.9,100.0,OpenAQ verified hourly measurement
BLR,Bengaluru,Karnataka,6206921,Koramangala,15203555,2026-07-27 19:30:00+00:00,8.7,100.0,OpenAQ verified hourly measurement
BLR,Bengaluru,Karnataka,6206921,Koramangala,15203555,2026-07-27 20:30:00+00:00,9.0,100.0,OpenAQ verified hourly measurement
BLR,Bengaluru,Karnataka,6206921,Koramangala,15203555,2026-07-27 21:30:00+00:00,6.3,100.0,OpenAQ verified hourly measurement
BLR,Bengaluru,Karnataka,6206921,Koramangala,15203555,2026-07-27 22:30:00+00:00,6.4,100.0,OpenAQ verified hourly measurement
BLR,Bengaluru,Karnataka,6206921,Koramangala,15203555,2026-07-27 23:30:00+00:00,5.2,100.0,OpenAQ verified hourly measurement
BLR,Bengaluru,Karnataka,6206921,Koramangala,15203555,2026-07-28 00:30:00+00:00,6.3,100.0,OpenAQ verified hourly measurement
BLR,Bengaluru,Karnataka,6206921,Koramangala,15203555,2026-07-28 01:30:00+00:00,13.4,100.0,OpenAQ verified hourly measurement
BLR,Bengaluru,Karnataka,6206921,Koramangala,15203555,2026-07-28 02:30:00+00:00,19.6,100.0,OpenAQ verified hourly measurement
BLR,Bengaluru,Karnataka,6206921,Koramangala,15203555,2026-07-28 03:30:00+00:00,10.7,100.0,OpenAQ verified hourly measurement
BLR,Bengaluru,Karnataka,6206921,Koramangala,15203555,2026-07-28 04:30:00+00:00,9.1,100.0,OpenAQ verified hourly measurement
BLR,Bengaluru,Karnataka,6206921,Koramangala,15203555,2026-07-28 05:30:00+00:00,13.4,100.0,OpenAQ verified hourly measurement
BLR,Bengaluru,Karnataka,6206921,Koramangala,15203555,2026-07-28 06:30:00+00:00,10.9,100.0,OpenAQ verified hourly measurement
BLR,Bengaluru,Karnataka,6206921,Koramangala,15203555,2026-07-28 07:30:00+00:00,8.7,100.0,OpenAQ verified hourly measurement
BLR,Bengaluru,Karnataka,6206921,Koramangala,15203555,2026-07-28 08:30:00+00:00,7.8,100.0,OpenAQ verified hourly measurement
BLR,Bengaluru,Karnataka,6206921,Koramangala,15203555,2026-07-28 09:30:00+00:00,5.7,100.0,OpenAQ verified hourly measurement
BLR,Bengaluru,Karnataka,6206921,Koramangala,15203555,2026-07-28 10:30:00+00:00,6.3,100.0,OpenAQ verified hourly measurement
BLR,Bengaluru,Karnataka,6206921,Koramangala,15203555,2026-07-28 11:30:00+00:00,11.2,100.0,OpenAQ verified hourly measurement
BLR,Bengaluru,Karnataka,6206921,Koramangala,15203555,2026-07-28 12:30:00+00:00,9.2,100.0,OpenAQ verified hourly measurement
BLR,Bengaluru,Karnataka,6206921,Koramangala,15203555,2026-07-28 13:30:00+00:00,9.4,100.0,OpenAQ verified hourly measurement
BLR,Bengaluru,Karnataka,6206921,Koramangala,15203555,2026-07-28 14:30:00+00:00,12.2,100.0,OpenAQ verified hourly measurement
BLR,Bengaluru,Karnataka,6206921,Koramangala,15203555,2026-07-28 15:30:00+00:00,10.9,100.0,OpenAQ verified hourly measurement
BLR,Bengaluru,Karnataka,6206921,Koramangala,15203555,2026-07-28 16:30:00+00:00,14.0,100.0,OpenAQ verified hourly measurement
BLR,Bengaluru,Karnataka,6206921,Koramangala,15203555,2026-07-28 17:30:00+00:00,12.0,100.0,OpenAQ verified hourly measurement
BLR,Bengaluru,Karnataka,6206921,Koramangala,15203555,2026-07-28 18:30:00+00:00,9.8,100.0,OpenAQ verified hourly measurement
BLR,Bengaluru,Karnataka,6206921,Koramangala,15203555,2026-07-28 19:30:00+00:00,10.2,100.0,OpenAQ verified hourly measurement
BLR,Bengaluru,Karnataka,6206921,Koramangala,15203555,2026-07-28 20:30:00+00:00,8.7,100.0,OpenAQ verified hourly measurement
BLR,Bengaluru,Karnataka,6206921,Koramangala,15203555,2026-07-28 21:30:00+00:00,11.9,100.0,OpenAQ verified hourly measurement
BLR,Bengaluru,Karnataka,6206921,Koramangala,15203555,2026-07-28 22:30:00+00:00,12.7,100.0,OpenAQ verified hourly measurement
BLR,Bengaluru,Karnataka,6206921,Koramangala,15203555,2026-07-28 23:30:00+00:00,13.4,100.0,OpenAQ verified hourly measurement
BLR,Bengaluru,Karnataka,6206921,Koramangala,15203555,2026-07-29 00:30:00+00:00,12.2,100.0,OpenAQ verified hourly measurement
BLR,Bengaluru,Karnataka,6206921,Koramangala,15203555,2026-07-29 01:30:00+00:00,21.6,100.0,OpenAQ verified hourly measurement
BLR,Bengaluru,Karnataka,6206921,Koramangala,15203555,2026-07-29 02:30:00+00:00,30.8,100.0,OpenAQ verified hourly measurement
BLR,Bengaluru,Karnataka,6206921,Koramangala,15203555,2026-07-29 03:30:00+00:00,19.4,100.0,OpenAQ verified hourly measurement
BLR,Bengaluru,Karnataka,6206921,Koramangala,15203555,2026-07-29 04:30:00+00:00,16.3,100.0,OpenAQ verified hourly measurement
BLR,Bengaluru,Karnataka,6206921,Koramangala,15203555,2026-07-29 05:30:00+00:00,14.0,100.0,OpenAQ verified hourly measurement
BLR,Bengaluru,Karnataka,6206921,Koramangala,15203555,2026-07-29 06:30:00+00:00,13.5,100.0,OpenAQ verified hourly measurement
BLR,Bengaluru,Karnataka,6206921,Koramangala,15203555,2026-07-29 07:30:00+00:00,15.4,100.0,OpenAQ verified hourly measurement
BLR,Bengaluru,Karnataka,6206921,Koramangala,15203555,2026-07-29 08:30:00+00:00,17.5,100.0,OpenAQ verified hourly measurement
BLR,Bengaluru,Karnataka,6206921,Koramangala,15203555,2026-07-29 09:30:00+00:00,12.6,100.0,OpenAQ verified hourly measurement
BLR,Bengaluru,Karnataka,6206921,Koramangala,15203555,2026-07-29 10:30:00+00:00,5.3,100.0,OpenAQ verified hourly measurement
BLR,Bengaluru,Karnataka,6206921,Koramangala,15203555,2026-07-29 11:30:00+00:00,8.9,100.0,OpenAQ verified hourly measurement
BLR,Bengaluru,Karnataka,6206921,Koramangala,15203555,2026-07-29 12:30:00+00:00,36.5,100.0,OpenAQ verified hourly measurement
BLR,Bengaluru,Karnataka,6206921,Koramangala,15203555,2026-07-29 13:30:00+00:00,19.0,100.0,OpenAQ verified hourly measurement
BLR,Bengaluru,Karnataka,6206921,Koramangala,15203555,2026-07-29 14:30:00+00:00,24.0,100.0,OpenAQ verified hourly measurement
BLR,Bengaluru,Karnataka,6206921,Koramangala,15203555,2026-07-29 15:30:00+00:00,23.3,100.0,OpenAQ verified hourly measurement
BLR,Bengaluru,Karnataka,6206921,Koramangala,15203555,2026-07-29 16:30:00+00:00,18.0,100.0,OpenAQ verified hourly measurement
BLR,Bengaluru,Karnataka,6206921,Koramangala,15203555,2026-07-29 17:30:00+00:00,13.2,100.0,OpenAQ verified hourly measurement
BLR,Bengaluru,Karnataka,6206921,Koramangala,15203555,2026-07-29 18:30:00+00:00,12.7,100.0,OpenAQ verified hourly measurement
BLR,Bengaluru,Karnataka,6206921,Koramangala,15203555,2026-07-29 19:30:00+00:00,16.5,100.0,OpenAQ verified hourly measurement
BLR,Bengaluru,Karnataka,6206921,Koramangala,15203555,2026-07-29 20:30:00+00:00,17.0,100.0,OpenAQ verified hourly measurement
BLR,Bengaluru,Karnataka,6206921,Koramangala,15203555,2026-07-29 21:30:00+00:00,15.4,100.0,OpenAQ verified hourly measurement
BLR,Bengaluru,Karnataka,6206921,Koramangala,15203555,2026-07-29 22:30:00+00:00,15.5,100.0,OpenAQ verified hourly measurement
BLR,Bengaluru,Karnataka,6206921,Koramangala,15203555,2026-07-29 23:30:00+00:00,15.6,100.0,OpenAQ verified hourly measurement
BLR,Bengaluru,Karnataka,6206921,Koramangala,15203555,2026-07-30 00:30:00+00:00,18.5,100.0,OpenAQ verified hourly measurement
BLR,Bengaluru,Karnataka,6206921,Koramangala,15203555,2026-07-30 01:30:00+00:00,22.0,100.0,OpenAQ verified hourly measurement
BLR,Bengaluru,Karnataka,6206921,Koramangala,15203555,2026-07-30 02:30:00+00:00,27.1,100.0,OpenAQ verified hourly measurement
BLR,Bengaluru,Karnataka,6206921,Koramangala,15203555,2026-07-30 03:30:00+00:00,22.5,100.0,OpenAQ verified hourly measurement
BLR,Bengaluru,Karnataka,6206921,Koramangala,15203555,2026-07-30 04:30:00+00:00,32.1,100.0,OpenAQ verified hourly measurement
BLR,Bengaluru,Karnataka,6206921,Koramangala,15203555,2026-07-30 05:30:00+00:00,17.0,100.0,OpenAQ verified hourly measurement
BLR,Bengaluru,Karnataka,6206921,Koramangala,15203555,2026-07-30 06:30:00+00:00,11.0,100.0,OpenAQ verified hourly measurement
BLR,Bengaluru,Karnataka,6206921,Koramangala,15203555,2026-07-30 07:30:00+00:00,14.8,100.0,OpenAQ verified hourly measurement
BLR,Bengaluru,Karnataka,6206921,Koramangala,15203555,2026-07-30 08:30:00+00:00,8.4,100.0,OpenAQ verified hourly measurement
BLR,Bengaluru,Karnataka,6206921,Koramangala,15203555,2026-07-30 09:30:00+00:00,7.0,100.0,OpenAQ verified hourly measurement
BLR,Bengaluru,Karnataka,6206921,Koramangala,15203555,2026-07-30 10:30:00+00:00,7.8,100.0,OpenAQ verified hourly measurement
BLR,Bengaluru,Karnataka,6206921,Koramangala,15203555,2026-07-30 11:30:00+00:00,8.1,100.0,OpenAQ verified hourly measurement
BLR,Bengaluru,Karnataka,6206921,Koramangala,15203555,2026-07-30 12:30:00+00:00,10.4,100.0,OpenAQ verified hourly measurement
BLR,Bengaluru,Karnataka,6206921,Koramangala,15203555,2026-07-30 13:30:00+00:00,14.6,100.0,OpenAQ verified hourly measurement
BLR,Bengaluru,Karnataka,6206921,Koramangala,15203555,2026-07-30 14:30:00+00:00,12.8,100.0,OpenAQ verified hourly measurement
BLR,Bengaluru,Karnataka,6206921,Koramangala,15203555,2026-07-30 15:30:00+00:00,10.1,100.0,OpenAQ verified hourly measurement
BLR,Bengaluru,Karnataka,6206921,Koramangala,15203555,2026-07-30 16:30:00+00:00,11.4,100.0,OpenAQ verified hourly measurement
BLR,Bengaluru,Karnataka,6206921,Koramangala,15203555,2026-07-30 17:30:00+00:00,12.0,100.0,OpenAQ verified hourly measurement
BLR,Bengaluru,Karnataka,6206921,Koramangala,15203555,2026-07-30 18:30:00+00:00,16.1,100.0,OpenAQ verified hourly measurement
BLR,Bengaluru,Karnataka,6206921,Koramangala,15203555,2026-07-30 19:30:00+00:00,13.3,100.0,OpenAQ verified hourly measurement
BLR,Bengaluru,Karnataka,6206921,Koramangala,15203555,2026-07-30 20:30:00+00:00,9.5,100.0,OpenAQ verified hourly measurement
BLR,Bengaluru,Karnataka,6206921,Koramangala,15203555,2026-07-30 21:30:00+00:00,8.3,100.0,OpenAQ verified hourly measurement
BLR,Bengaluru,Karnataka,6206921,Koramangala,15203555,2026-07-30 22:30:00+00:00,6.9,100.0,OpenAQ verified hourly measurement
BLR,Bengaluru,Karnataka,6206921,Koramangala,15203555,2026-07-30 23:30:00+00:00,6.2,100.0,OpenAQ verified hourly measurement
BLR,Bengaluru,Karnataka,6206921,Koramangala,15203555,2026-07-31 00:30:00+00:00,7.1,100.0,OpenAQ verified hourly measurement
BLR,Bengaluru,Karnataka,6206921,Koramangala,15203555,2026-07-31 01:30:00+00:00,14.0,100.0,OpenAQ verified hourly measurement
BLR,Bengaluru,Karnataka,6206921,Koramangala,15203555,2026-07-31 02:30:00+00:00,24.4,100.0,OpenAQ verified hourly measurement
BLR,Bengaluru,Karnataka,6206921,Koramangala,15203555,2026-07-31 03:30:00+00:00,12.3,100.0,OpenAQ verified hourly measurement
BLR,Bengaluru,Karnataka,6206921,Koramangala,15203555,2026-07-31 04:30:00+00:00,11.9,100.0,OpenAQ verified hourly measurement
BLR,Bengaluru,Karnataka,6206921,Koramangala,15203555,2026-07-31 05:30:00+00:00,11.4,100.0,OpenAQ verified hourly measurement
BLR,Bengaluru,Karnataka,6206921,Koramangala,15203555,2026-07-31 06:30:00+00:00,7.7,100.0,OpenAQ verified hourly measurement
BLR,Bengaluru,Karnataka,6206921,Koramangala,15203555,2026-07-31 07:30:00+00:00,6.6,100.0,OpenAQ verified hourly measurement
BLR,Bengaluru,Karnataka,6206921,Koramangala,15203555,2026-07-31 08:30:00+00:00,7.4,100.0,OpenAQ verified hourly measurement
BLR,Bengaluru,Karnataka,6206921,Koramangala,15203555,2026-07-31 09:30:00+00:00,7.9,100.0,OpenAQ verified hourly measurement
BLR,Bengaluru,Karnataka,6206921,Koramangala,15203555,2026-07-31 10:30:00+00:00,6.2,100.0,OpenAQ verified hourly measurement
BLR,Bengaluru,Karnataka,6206921,Koramangala,15203555,2026-07-31 11:30:00+00:00,7.3,100.0,OpenAQ verified hourly measurement
BLR,Bengaluru,Karnataka,6206921,Koramangala,15203555,2026-07-31 12:30:00+00:00,9.7,100.0,OpenAQ verified hourly measurement
BLR,Bengaluru,Karnataka,6206921,Koramangala,15203555,2026-07-31 13:30:00+00:00,17.3,100.0,OpenAQ verified hourly measurement
BLR,Bengaluru,Karnataka,6206921,Koramangala,15203555,2026-07-31 14:30:00+00:00,10.7,100.0,OpenAQ verified hourly measurement
BLR,Bengaluru,Karnataka,6206921,Koramangala,15203555,2026-07-31 15:30:00+00:00,9.1,100.0,OpenAQ verified hourly measurement
BLR,Bengaluru,Karnataka,6206921,Koramangala,15203555,2026-07-31 16:30:00+00:00,10.6,100.0,OpenAQ verified hourly measurement
BLR,Bengaluru,Karnataka,6206921,Koramangala,15203555,2026-07-31 17:30:00+00:00,11.2,100.0,OpenAQ verified hourly measurement
BLR,Bengaluru,Karnataka,6206921,Koramangala,15203555,2026-07-31 18:30:00+00:00,12.5,100.0,OpenAQ verified hourly measurement
BLR,Bengaluru,Karnataka,6206921,Koramangala,15203555,2026-07-31 19:30:00+00:00,9.2,100.0,OpenAQ verified hourly measurement
BLR,Bengaluru,Karnataka,6206921,Koramangala,15203555,2026-07-31 20:30:00+00:00,9.3,100.0,OpenAQ verified hourly measurement
BLR,Bengaluru,Karnataka,6206921,Koramangala,15203555,2026-07-31 21:30:00+00:00,7.2,100.0,OpenAQ verified hourly measurement
BLR,Bengaluru,Karnataka,6206921,Koramangala,15203555,2026-07-31 22:30:00+00:00,7.0,100.0,OpenAQ verified hourly measurement
BLR,Bengaluru,Karnataka,6206921,Koramangala,15203555,2026-07-31 23:30:00+00:00,6.8,100.0,OpenAQ verified hourly measurement
BLR,Bengaluru,Karnataka,6206921,Koramangala,15203555,2026-08-01 00:30:00+00:00,12.2,100.0,OpenAQ verified hourly measurement
BLR,Bengaluru,Karnataka,6206921,Koramangala,15203555,2026-08-01 01:30:00+00:00,17.4,100.0,OpenAQ verified hourly measurement
BLR,Bengaluru,Karnataka,6206921,Koramangala,15203555,2026-08-01 02:30:00+00:00,20.7,100.0,OpenAQ verified hourly measurement
BLR,Bengaluru,Karnataka,6206921,Koramangala,15203555,2026-08-01 03:30:00+00:00,19.8,100.0,OpenAQ verified hourly measurement
BLR,Bengaluru,Karnataka,6206921,Koramangala,15203555,2026-08-01 04:30:00+00:00,21.2,100.0,OpenAQ verified hourly measurement
BLR,Bengaluru,Karnataka,6206921,Koramangala,15203555,2026-08-01 05:30:00+00:00,24.0,100.0,OpenAQ verified hourly measurement
BLR,Bengaluru,Karnataka,6206921,Koramangala,15203555,2026-08-01 06:30:00+00:00,18.7,100.0,OpenAQ verified hourly measurement
BLR,Bengaluru,Karnataka,6206921,Koramangala,15203555,2026-08-01 07:30:00+00:00,25.5,100.0,OpenAQ verified hourly measurement
BLR,Bengaluru,Karnataka,6206921,Koramangala,15203555,2026-08-01 08:30:00+00:00,18.1,100.0,OpenAQ verified hourly measurement
BLR,Bengaluru,Karnataka,6206921,Koramangala,15203555,2026-08-01 09:30:00+00:00,18.7,100.0,OpenAQ verified hourly measurement
BLR,Bengaluru,Karnataka,6206921,Koramangala,15203555,2026-08-01 10:30:00+00:00,16.8,100.0,OpenAQ verified hourly measurement
BLR,Bengaluru,Karnataka,6206921,Koramangala,15203555,2026-08-01 11:30:00+00:00,4.3,100.0,OpenAQ verified hourly measurement
BLR,Bengaluru,Karnataka,6206921,Koramangala,15203555,2026-08-01 12:30:00+00:00,4.1,100.0,OpenAQ verified hourly measurement
BLR,Bengaluru,Karnataka,6206921,Koramangala,15203555,2026-08-01 13:30:00+00:00,3.6,100.0,OpenAQ verified hourly measurement
BLR,Bengaluru,Karnataka,6206921,Koramangala,15203555,2026-08-01 14:30:00+00:00,11.7,100.0,OpenAQ verified hourly measurement
BLR,Bengaluru,Karnataka,6206921,Koramangala,15203555,2026-08-01 15:30:00+00:00,8.7,100.0,OpenAQ verified hourly measurement
BLR,Bengaluru,Karnataka,6206921,Koramangala,15203555,2026-08-01 16:30:00+00:00,7.5,100.0,OpenAQ verified hourly measurement
BLR,Bengaluru,Karnataka,6206921,Koramangala,15203555,2026-08-01 17:30:00+00:00,8.7,100.0,OpenAQ verified hourly measurement
BLR,Bengaluru,Karnataka,6206921,Koramangala,15203555,2026-08-01 18:30:00+00:00,6.6,100.0,OpenAQ verified hourly measurement
BLR,Bengaluru,Karnataka,6206921,Koramangala,15203555,2026-08-01 19:30:00+00:00,10.2,100.0,OpenAQ verified hourly measurement
BLR,Bengaluru,Karnataka,6206921,Koramangala,15203555,2026-08-01 20:30:00+00:00,11.3,100.0,OpenAQ verified hourly measurement
BLR,Bengaluru,Karnataka,6206921,Koramangala,15203555,2026-08-01 21:30:00+00:00,9.4,100.0,OpenAQ verified hourly measurement
BLR,Bengaluru,Karnataka,6206921,Koramangala,15203555,2026-08-01 22:30:00+00:00,10.1,100.0,OpenAQ verified hourly measurement
BLR,Bengaluru,Karnataka,6206921,Koramangala,15203555,2026-08-01 23:30:00+00:00,9.0,100.0,OpenAQ verified hourly measurement
BLR,Bengaluru,Karnataka,6206921,Koramangala,15203555,2026-08-02 00:30:00+00:00,10.2,100.0,OpenAQ verified hourly measurement
BLR,Bengaluru,Karnataka,6206921,Koramangala,15203555,2026-08-02 01:30:00+00:00,8.3,100.0,OpenAQ verified hourly measurement
BLR,Bengaluru,Karnataka,6206921,Koramangala,15203555,2026-08-02 02:30:00+00:00,8.5,100.0,OpenAQ verified hourly measurement
BLR,Bengaluru,Karnataka,6206921,Koramangala,15203555,2026-08-02 03:30:00+00:00,12.2,100.0,OpenAQ verified hourly measurement
BLR,Bengaluru,Karnataka,6206921,Koramangala,15203555,2026-08-02 04:30:00+00:00,13.7,100.0,OpenAQ verified hourly measurement
BLR,Bengaluru,Karnataka,6206921,Koramangala,15203555,2026-08-02 05:30:00+00:00,19.8,100.0,OpenAQ verified hourly measurement
BLR,Bengaluru,Karnataka,6206921,Koramangala,15203555,2026-08-02 06:30:00+00:00,13.7,100.0,OpenAQ verified hourly measurement
BLR,Bengaluru,Karnataka,6206921,Koramangala,15203555,2026-08-02 07:30:00+00:00,14.2,100.0,OpenAQ verified hourly measurement
BLR,Bengaluru,Karnataka,6206921,Koramangala,15203555,2026-08-02 08:30:00+00:00,6.5,100.0,OpenAQ verified hourly measurement
BLR,Bengaluru,Karnataka,6206921,Koramangala,15203555,2026-08-02 09:30:00+00:00,5.4,100.0,OpenAQ verified hourly measurement
BLR,Bengaluru,Karnataka,6206921,Koramangala,15203555,2026-08-02 10:30:00+00:00,8.3,100.0,OpenAQ verified hourly measurement
BLR,Bengaluru,Karnataka,6206921,Koramangala,15203555,2026-08-02 11:30:00+00:00,10.1,100.0,OpenAQ verified hourly measurement
BLR,Bengaluru,Karnataka,6206921,Koramangala,15203555,2026-08-02 12:30:00+00:00,10.6,100.0,OpenAQ verified hourly measurement
BLR,Bengaluru,Karnataka,6206921,Koramangala,15203555,2026-08-02 13:30:00+00:00,18.7,100.0,OpenAQ verified hourly measurement
BLR,Bengaluru,Karnataka,6206921,Koramangala,15203555,2026-08-02 14:30:00+00:00,14.7,100.0,OpenAQ verified hourly measurement
BLR,Bengaluru,Karnataka,6206921,Koramangala,15203555,2026-08-02 15:30:00+00:00,16.7,100.0,OpenAQ verified hourly measurement
BLR,Bengaluru,Karnataka,6206921,Koramangala,15203555,2026-08-02 16:30:00+00:00,16.6,100.0,OpenAQ verified hourly measurement
BLR,Bengaluru,Karnataka,6206921,Koramangala,15203555,2026-08-02 17:30:00+00:00,17.4,100.0,OpenAQ verified hourly measurement
BLR,Bengaluru,Karnataka,6206921,Koramangala,15203555,2026-08-02 18:30:00+00:00,14.9,100.0,OpenAQ verified hourly measurement
BLR,Bengaluru,Karnataka,6206921,Koramangala,15203555,2026-08-02 19:30:00+00:00,13.4,100.0,OpenAQ verified hourly measurement
BLR,Bengaluru,Karnataka,6206921,Koramangala,15203555,2026-08-02 20:30:00+00:00,10.1,100.0,OpenAQ verified hourly measurement
BLR,Bengaluru,Karnataka,6206921,Koramangala,15203555,2026-08-02 21:30:00+00:00,7.3,100.0,OpenAQ verified hourly measurement
BLR,Bengaluru,Karnataka,6206921,Koramangala,15203555,2026-08-02 22:30:00+00:00,7.6,100.0,OpenAQ verified hourly measurement
BLR,Bengaluru,Karnataka,6206921,Koramangala,15203555,2026-08-02 23:30:00+00:00,7.9,100.0,OpenAQ verified hourly measurement
BLR,Bengaluru,Karnataka,6206921,Koramangala,15203555,2026-08-03 00:30:00+00:00,10.4,100.0,OpenAQ verified hourly measurement
BLR,Bengaluru,Karnataka,6206921,Koramangala,15203555,2026-08-03 01:30:00+00:00,40.3,100.0,OpenAQ verified hourly measurement
BLR,Bengaluru,Karnataka,6206921,Koramangala,15203555,2026-08-03 02:30:00+00:00,33.6,100.0,OpenAQ verified hourly measurement
BLR,Bengaluru,Karnataka,6206921,Koramangala,15203555,2026-08-03 03:30:00+00:00,30.0,100.0,OpenAQ verified hourly measurement
BLR,Bengaluru,Karnataka,6206921,Koramangala,15203555,2026-08-03 04:30:00+00:00,14.7,100.0,OpenAQ verified hourly measurement
BLR,Bengaluru,Karnataka,6206921,Koramangala,15203555,2026-08-03 05:30:00+00:00,11.0,100.0,OpenAQ verified hourly measurement
BLR,Bengaluru,Karnataka,6206921,Koramangala,15203555,2026-08-03 06:30:00+00:00,11.9,100.0,OpenAQ verified hourly measurement
BLR,Bengaluru,Karnataka,6206921,Koramangala,15203555,2026-08-03 07:30:00+00:00,12.9,100.0,OpenAQ verified hourly measurement
BLR,Bengaluru,Karnataka,6206921,Koramangala,15203555,2026-08-03 08:30:00+00:00,27.4,100.0,OpenAQ verified hourly measurement
BLR,Bengaluru,Karnataka,6206921,Koramangala,15203555,2026-08-03 09:30:00+00:00,19.5,100.0,OpenAQ verified hourly measurement
BLR,Bengaluru,Karnataka,6206921,Koramangala,15203555,2026-08-03 10:30:00+00:00,14.4,100.0,OpenAQ verified hourly measurement
BLR,Bengaluru,Karnataka,6206921,Koramangala,15203555,2026-08-03 11:30:00+00:00,10.6,100.0,OpenAQ verified hourly measurement
BLR,Bengaluru,Karnataka,6206921,Koramangala,15203555,2026-08-03 12:30:00+00:00,9.1,100.0,OpenAQ verified hourly measurement
BLR,Bengaluru,Karnataka,6206921,Koramangala,15203555,2026-08-03 13:30:00+00:00,16.0,100.0,OpenAQ verified hourly measurement
BLR,Bengaluru,Karnataka,6206921,Koramangala,15203555,2026-08-03 14:30:00+00:00,21.3,100.0,OpenAQ verified hourly measurement
BLR,Bengaluru,Karnataka,6206921,Koramangala,15203555,2026-08-03 15:30:00+00:00,19.4,100.0,OpenAQ verified hourly measurement
BLR,Bengaluru,Karnataka,6206921,Koramangala,15203555,2026-08-03 16:30:00+00:00,20.8,100.0,OpenAQ verified hourly measurement
BLR,Bengaluru,Karnataka,6206921,Koramangala,15203555,2026-08-03 17:30:00+00:00,18.1,100.0,OpenAQ verified hourly measurement
BLR,Bengaluru,Karnataka,6206921,Koramangala,15203555,2026-08-03 18:30:00+00:00,17.0,100.0,OpenAQ verified hourly measurement
BLR,Bengaluru,Karnataka,6206921,Koramangala,15203555,2026-08-03 19:30:00+00:00,14.6,100.0,OpenAQ verified hourly measurement
BLR,Bengaluru,Karnataka,6206921,Koramangala,15203555,2026-08-03 20:30:00+00:00,10.1,100.0,OpenAQ verified hourly measurement
BLR,Bengaluru,Karnataka,6206921,Koramangala,15203555,2026-08-03 21:30:00+00:00,5.5,100.0,OpenAQ verified hourly measurement
BLR,Bengaluru,Karnataka,6206921,Koramangala,15203555,2026-08-03 22:30:00+00:00,5.3,100.0,OpenAQ verified hourly measurement
BLR,Bengaluru,Karnataka,6206921,Koramangala,15203555,2026-08-03 23:30:00+00:00,7.3,100.0,OpenAQ verified hourly measurement
BLR,Bengaluru,Karnataka,6206921,Koramangala,15203555,2026-08-04 00:30:00+00:00,13.7,100.0,OpenAQ verified hourly measurement
BLR,Bengaluru,Karnataka,6206921,Koramangala,15203555,2026-08-04 01:30:00+00:00,22.5,100.0,OpenAQ verified hourly measurement
BLR,Bengaluru,Karnataka,6206921,Koramangala,15203555,2026-08-04 02:30:00+00:00,25.5,100.0,OpenAQ verified hourly measurement
BLR,Bengaluru,Karnataka,6206921,Koramangala,15203555,2026-08-04 03:30:00+00:00,15.6,100.0,OpenAQ verified hourly measurement
BLR,Bengaluru,Karnataka,6206921,Koramangala,15203555,2026-08-04 04:30:00+00:00,11.3,100.0,OpenAQ verified hourly measurement
BLR,Bengaluru,Karnataka,6206921,Koramangala,15203555,2026-08-04 05:30:00+00:00,9.8,100.0,OpenAQ verified hourly measurement
BLR,Bengaluru,Karnataka,6206921,Koramangala,15203555,2026-08-04 06:30:00+00:00,14.8,100.0,OpenAQ verified hourly measurement
BLR,Bengaluru,Karnataka,6206921,Koramangala,15203555,2026-08-04 07:30:00+00:00,17.7,100.0,OpenAQ verified hourly measurement
BLR,Bengaluru,Karnataka,6206921,Koramangala,15203555,2026-08-04 08:30:00+00:00,11.6,100.0,OpenAQ verified hourly measurement
BLR,Bengaluru,Karnataka,6206921,Koramangala,15203555,2026-08-04 09:30:00+00:00,6.4,100.0,OpenAQ verified hourly measurement
BLR,Bengaluru,Karnataka,6206921,Koramangala,15203555,2026-08-04 10:30:00+00:00,6.1,100.0,OpenAQ verified hourly measurement
BLR,Bengaluru,Karnataka,6206921,Koramangala,15203555,2026-08-04 11:30:00+00:00,4.5,100.0,OpenAQ verified hourly measurement
BLR,Bengaluru,Karnataka,6206921,Koramangala,15203555,2026-08-04 12:30:00+00:00,4.1,100.0,OpenAQ verified hourly measurement
BLR,Bengaluru,Karnataka,6206921,Koramangala,15203555,2026-08-04 13:30:00+00:00,12.6,100.0,OpenAQ verified hourly measurement
BLR,Bengaluru,Karnataka,6206921,Koramangala,15203555,2026-08-04 14:30:00+00:00,19.5,100.0,OpenAQ verified hourly measurement
BLR,Bengaluru,Karnataka,6206921,Koramangala,15203555,2026-08-04 15:30:00+00:00,8.3,100.0,OpenAQ verified hourly measurement
BLR,Bengaluru,Karnataka,6206921,Koramangala,15203555,2026-08-04 16:30:00+00:00,7.4,100.0,OpenAQ verified hourly measurement
BLR,Bengaluru,Karnataka,6206921,Koramangala,15203555,2026-08-04 17:30:00+00:00,8.1,100.0,OpenAQ verified hourly measurement
BLR,Bengaluru,Karnataka,6206921,Koramangala,15203555,2026-08-04 18:30:00+00:00,7.7,100.0,OpenAQ verified hourly measurement
BLR,Bengaluru,Karnataka,6206921,Koramangala,15203555,2026-08-04 19:30:00+00:00,10.5,100.0,OpenAQ verified hourly measurement
BLR,Bengaluru,Karnataka,6206921,Koramangala,15203555,2026-08-04 20:30:00+00:00,16.0,100.0,OpenAQ verified hourly measurement
BLR,Bengaluru,Karnataka,6206921,Koramangala,15203555,2026-08-04 21:30:00+00:00,18.6,100.0,OpenAQ verified hourly measurement
BLR,Bengaluru,Karnataka,6206921,Koramangala,15203555,2026-08-04 22:30:00+00:00,20.9,100.0,OpenAQ verified hourly measurement
BLR,Bengaluru,Karnataka,6206921,Koramangala,15203555,2026-08-04 23:30:00+00:00,27.0,100.0,OpenAQ verified hourly measurement
BLR,Bengaluru,Karnataka,6206921,Koramangala,15203555,2026-08-05 00:30:00+00:00,27.8,100.0,OpenAQ verified hourly measurement
BLR,Bengaluru,Karnataka,6206921,Koramangala,15203555,2026-08-05 01:30:00+00:00,31.3,100.0,OpenAQ verified hourly measurement
BLR,Bengaluru,Karnataka,6206921,Koramangala,15203555,2026-08-05 02:30:00+00:00,31.9,100.0,OpenAQ verified hourly measurement
BLR,Bengaluru,Karnataka,6206921,Koramangala,15203555,2026-08-05 03:30:00+00:00,26.0,100.0,OpenAQ verified hourly measurement
BLR,Bengaluru,Karnataka,6206921,Koramangala,15203555,2026-08-05 04:30:00+00:00,20.6,100.0,OpenAQ verified hourly measurement
BLR,Bengaluru,Karnataka,6206921,Koramangala,15203555,2026-08-05 05:30:00+00:00,24.9,100.0,OpenAQ verified hourly measurement
BLR,Bengaluru,Karnataka,6206921,Koramangala,15203555,2026-08-05 06:30:00+00:00,23.6,100.0,OpenAQ verified hourly measurement
BLR,Bengaluru,Karnataka,6206921,Koramangala,15203555,2026-08-05 07:30:00+00:00,21.1,100.0,OpenAQ verified hourly measurement
BLR,Bengaluru,Karnataka,6206921,Koramangala,15203555,2026-08-05 08:30:00+00:00,13.6,100.0,OpenAQ verified hourly measurement
BLR,Bengaluru,Karnataka,6206921,Koramangala,15203555,2026-08-05 09:30:00+00:00,13.7,100.0,OpenAQ verified hourly measurement
BLR,Bengaluru,Karnataka,6206921,Koramangala,15203555,2026-08-05 10:30:00+00:00,8.7,100.0,OpenAQ verified hourly measurement
BLR,Bengaluru,Karnataka,6206921,Koramangala,15203555,2026-08-05 11:30:00+00:00,11.5,100.0,OpenAQ verified hourly measurement
BLR,Bengaluru,Karnataka,6206921,Koramangala,15203555,2026-08-05 12:30:00+00:00,45.6,100.0,OpenAQ verified hourly measurement
BLR,Bengaluru,Karnataka,6206921,Koramangala,15203555,2026-08-05 13:30:00+00:00,17.2,100.0,OpenAQ verified hourly measurement
BLR,Bengaluru,Karnataka,6206921,Koramangala,15203555,2026-08-05 14:30:00+00:00,20.5,100.0,OpenAQ verified hourly measurement
BLR,Bengaluru,Karnataka,6206921,Koramangala,15203555,2026-08-05 15:30:00+00:00,22.4,100.0,OpenAQ verified hourly measurement
BLR,Bengaluru,Karnataka,6206921,Koramangala,15203555,2026-08-05 16:30:00+00:00,23.3,100.0,OpenAQ verified hourly measurement
BLR,Bengaluru,Karnataka,6206921,Koramangala,15203555,2026-08-05 17:30:00+00:00,22.7,100.0,OpenAQ verified hourly measurement
BLR,Bengaluru,Karnataka,6206921,Koramangala,15203555,2026-08-05 18:30:00+00:00,23.4,100.0,OpenAQ verified hourly measurement
BLR,Bengaluru,Karnataka,6206921,Koramangala,15203555,2026-08-05 19:30:00+00:00,22.6,100.0,OpenAQ verified hourly measurement
BLR,Bengaluru,Karnataka,6206921,Koramangala,15203555,2026-08-05 20:30:00+00:00,20.5,100.0,OpenAQ verified hourly measurement
BLR,Bengaluru,Karnataka,6206921,Koramangala,15203555,2026-08-05 21:30:00+00:00,18.8,100.0,OpenAQ verified hourly measurement
BLR,Bengaluru,Karnataka,6206921,Koramangala,15203555,2026-08-05 22:30:00+00:00,23.0,100.0,OpenAQ verified hourly measurement
BLR,Bengaluru,Karnataka,6206921,Koramangala,15203555,2026-08-05 23:30:00+00:00,22.8,100.0,OpenAQ verified hourly measurement
BLR,Bengaluru,Karnataka,6206921,Koramangala,15203555,2026-08-06 00:30:00+00:00,27.0,100.0,OpenAQ verified hourly measurement
BLR,Bengaluru,Karnataka,6206921,Koramangala,15203555,2026-08-06 01:30:00+00:00,28.0,100.0,OpenAQ verified hourly measurement
BLR,Bengaluru,Karnataka,6206921,Koramangala,15203555,2026-08-06 02:30:00+00:00,37.5,100.0,OpenAQ verified hourly measurement
BLR,Bengaluru,Karnataka,6206921,Koramangala,15203555,2026-08-06 03:30:00+00:00,25.8,100.0,OpenAQ verified hourly measurement
BLR,Bengaluru,Karnataka,6206921,Koramangala,15203555,2026-08-06 04:30:00+00:00,25.3,100.0,OpenAQ verified hourly measurement
BLR,Bengaluru,Karnataka,6206921,Koramangala,15203555,2026-08-06 05:30:00+00:00,27.4,100.0,OpenAQ verified hourly measurement
BLR,Bengaluru,Karnataka,6206921,Koramangala,15203555,2026-08-06 06:30:00+00:00,23.0,100.0,OpenAQ verified hourly measurement
BLR,Bengaluru,Karnataka,6206921,Koramangala,15203555,2026-08-06 07:30:00+00:00,25.7,100.0,OpenAQ verified hourly measurement
BLR,Bengaluru,Karnataka,6206921,Koramangala,15203555,2026-08-06 08:30:00+00:00,22.7,100.0,OpenAQ verified hourly measurement
BLR,Bengaluru,Karnataka,6206921,Koramangala,15203555,2026-08-06 09:30:00+00:00,13.1,100.0,OpenAQ verified hourly measurement
BLR,Bengaluru,Karnataka,6206921,Koramangala,15203555,2026-08-06 10:30:00+00:00,13.9,100.0,OpenAQ verified hourly measurement
BLR,Bengaluru,Karnataka,6206921,Koramangala,15203555,2026-08-06 11:30:00+00:00,11.2,100.0,OpenAQ verified hourly measurement
BLR,Bengaluru,Karnataka,6206921,Koramangala,15203555,2026-08-06 12:30:00+00:00,16.1,100.0,OpenAQ verified hourly measurement
BLR,Bengaluru,Karnataka,6206921,Koramangala,15203555,2026-08-06 13:30:00+00:00,29.3,100.0,OpenAQ verified hourly measurement
BLR,Bengaluru,Karnataka,6206921,Koramangala,15203555,2026-08-06 14:30:00+00:00,28.6,100.0,OpenAQ verified hourly measurement
BLR,Bengaluru,Karnataka,6206921,Koramangala,15203555,2026-08-06 15:30:00+00:00,30.4,100.0,OpenAQ verified hourly measurement
BLR,Bengaluru,Karnataka,6206921,Koramangala,15203555,2026-08-06 16:30:00+00:00,24.3,100.0,OpenAQ verified hourly measurement
BLR,Bengaluru,Karnataka,6206921,Koramangala,15203555,2026-08-06 17:30:00+00:00,26.7,100.0,OpenAQ verified hourly measurement
BLR,Bengaluru,Karnataka,6206921,Koramangala,15203555,2026-08-06 18:30:00+00:00,27.0,100.0,OpenAQ verified hourly measurement
BLR,Bengaluru,Karnataka,6206921,Koramangala,15203555,2026-08-06 19:30:00+00:00,19.6,100.0,OpenAQ verified hourly measurement
BLR,Bengaluru,Karnataka,6206921,Koramangala,15203555,2026-08-06 20:30:00+00:00,15.5,100.0,OpenAQ verified hourly measurement
BLR,Bengaluru,Karnataka,6206921,Koramangala,15203555,2026-08-06 21:30:00+00:00,8.7,100.0,OpenAQ verified hourly measurement
BLR,Bengaluru,Karnataka,6206921,Koramangala,15203555,2026-08-06 22:30:00+00:00,10.2,100.0,OpenAQ verified hourly measurement
BLR,Bengaluru,Karnataka,6206921,Koramangala,15203555,2026-08-06 23:30:00+00:00,13.7,100.0,OpenAQ verified hourly measurement
BLR,Bengaluru,Karnataka,6206921,Koramangala,15203555,2026-08-07 00:30:00+00:00,11.1,100.0,OpenAQ verified hourly measurement
BLR,Bengaluru,Karnataka,6206921,Koramangala,15203555,2026-08-07 01:30:00+00:00,14.1,100.0,OpenAQ verified hourly measurement
BLR,Bengaluru,Karnataka,6206921,Koramangala,15203555,2026-08-07 02:30:00+00:00,26.9,100.0,OpenAQ verified hourly measurement
BLR,Bengaluru,Karnataka,6206921,Koramangala,15203555,2026-08-07 03:30:00+00:00,24.6,100.0,OpenAQ verified hourly measurement
BLR,Bengaluru,Karnataka,6206921,Koramangala,15203555,2026-08-07 04:30:00+00:00,23.2,100.0,OpenAQ verified hourly measurement
BLR,Bengaluru,Karnataka,6206921,Koramangala,15203555,2026-08-07 05:30:00+00:00,14.5,100.0,OpenAQ verified hourly measurement
BLR,Bengaluru,Karnataka,6206921,Koramangala,15203555,2026-08-07 06:30:00+00:00,10.2,100.0,OpenAQ verified hourly measurement
BLR,Bengaluru,Karnataka,6206921,Koramangala,15203555,2026-08-07 07:30:00+00:00,16.1,100.0,OpenAQ verified hourly measurement
BLR,Bengaluru,Karnataka,6206921,Koramangala,15203555,2026-08-07 08:30:00+00:00,21.3,100.0,OpenAQ verified hourly measurement
BLR,Bengaluru,Karnataka,6206921,Koramangala,15203555,2026-08-07 09:30:00+00:00,12.1,100.0,OpenAQ verified hourly measurement
BLR,Bengaluru,Karnataka,6206921,Koramangala,15203555,2026-08-07 10:30:00+00:00,12.8,100.0,OpenAQ verified hourly measurement
BLR,Bengaluru,Karnataka,6206921,Koramangala,15203555,2026-08-07 11:30:00+00:00,11.5,100.0,OpenAQ verified hourly measurement
BLR,Bengaluru,Karnataka,6206921,Koramangala,15203555,2026-08-07 12:30:00+00:00,13.2,100.0,OpenAQ verified hourly measurement
BLR,Bengaluru,Karnataka,6206921,Koramangala,15203555,2026-08-07 13:30:00+00:00,23.4,100.0,OpenAQ verified hourly measurement
BLR,Bengaluru,Karnataka,6206921,Koramangala,15203555,2026-08-07 14:30:00+00:00,25.7,100.0,OpenAQ verified hourly measurement
BLR,Bengaluru,Karnataka,6206921,Koramangala,15203555,2026-08-07 15:30:00+00:00,31.1,100.0,OpenAQ verified hourly measurement
BLR,Bengaluru,Karnataka,6206921,Koramangala,15203555,2026-08-07 16:30:00+00:00,31.3,100.0,OpenAQ verified hourly measurement
BLR,Bengaluru,Karnataka,6206921,Koramangala,15203555,2026-08-07 17:30:00+00:00,26.1,100.0,OpenAQ verified hourly measurement
BLR,Bengaluru,Karnataka,6206921,Koramangala,15203555,2026-08-07 18:30:00+00:00,19.7,100.0,OpenAQ verified hourly measurement
BLR,Bengaluru,Karnataka,6206921,Koramangala,15203555,2026-08-07 19:30:00+00:00,16.9,100.0,OpenAQ verified hourly measurement
BLR,Bengaluru,Karnataka,6206921,Koramangala,15203555,2026-08-07 20:30:00+00:00,16.4,100.0,OpenAQ verified hourly measurement
BLR,Bengaluru,Karnataka,6206921,Koramangala,15203555,2026-08-07 21:30:00+00:00,13.0,100.0,OpenAQ verified hourly measurement
BLR,Bengaluru,Karnataka,6206921,Koramangala,15203555,2026-08-07 22:30:00+00:00,9.6,100.0,OpenAQ verified hourly measurement
BLR,Bengaluru,Karnataka,6206921,Koramangala,15203555,2026-08-07 23:30:00+00:00,7.4,100.0,OpenAQ verified hourly measurement
BLR,Bengaluru,Karnataka,6206921,Koramangala,15203555,2026-08-08 00:30:00+00:00,8.9,100.0,OpenAQ verified hourly measurement
BLR,Bengaluru,Karnataka,6206921,Koramangala,15203555,2026-08-08 01:30:00+00:00,17.3,100.0,OpenAQ verified hourly measurement
BLR,Bengaluru,Karnataka,6206921,Koramangala,15203555,2026-08-08 02:30:00+00:00,23.8,100.0,OpenAQ verified hourly measurement
BLR,Bengaluru,Karnataka,6206921,Koramangala,15203555,2026-08-08 03:30:00+00:00,25.6,100.0,OpenAQ verified hourly measurement
BLR,Bengaluru,Karnataka,6206921,Koramangala,15203555,2026-08-08 04:30:00+00:00,30.2,100.0,OpenAQ verified hourly measurement
BLR,Bengaluru,Karnataka,6206921,Koramangala,15203555,2026-08-08 05:30:00+00:00,33.6,100.0,OpenAQ verified hourly measurement
BLR,Bengaluru,Karnataka,6206921,Koramangala,15203555,2026-08-08 06:30:00+00:00,15.0,100.0,OpenAQ verified hourly measurement
BLR,Bengaluru,Karnataka,6206921,Koramangala,15203555,2026-08-08 07:30:00+00:00,23.8,100.0,OpenAQ verified hourly measurement
BLR,Bengaluru,Karnataka,6206921,Koramangala,15203555,2026-08-08 08:30:00+00:00,20.7,100.0,OpenAQ verified hourly measurement
BLR,Bengaluru,Karnataka,6206921,Koramangala,15203555,2026-08-08 09:30:00+00:00,22.5,100.0,OpenAQ verified hourly measurement
BLR,Bengaluru,Karnataka,6206921,Koramangala,15203555,2026-08-08 10:30:00+00:00,19.7,100.0,OpenAQ verified hourly measurement
BLR,Bengaluru,Karnataka,6206921,Koramangala,15203555,2026-08-08 11:30:00+00:00,13.7,100.0,OpenAQ verified hourly measurement
BLR,Bengaluru,Karnataka,6206921,Koramangala,15203555,2026-08-08 12:30:00+00:00,7.5,100.0,OpenAQ verified hourly measurement
BLR,Bengaluru,Karnataka,6206921,Koramangala,15203555,2026-08-08 13:30:00+00:00,19.1,100.0,OpenAQ verified hourly measurement
BLR,Bengaluru,Karnataka,6206921,Koramangala,15203555,2026-08-08 14:30:00+00:00,22.6,100.0,OpenAQ verified hourly measurement
BLR,Bengaluru,Karnataka,6206921,Koramangala,15203555,2026-08-08 15:30:00+00:00,20.2,100.0,OpenAQ verified hourly measurement
BLR,Bengaluru,Karnataka,6206921,Koramangala,15203555,2026-08-08 16:30:00+00:00,19.3,100.0,OpenAQ verified hourly measurement
BLR,Bengaluru,Karnataka,6206921,Koramangala,15203555,2026-08-08 17:30:00+00:00,16.7,100.0,OpenAQ verified hourly measurement
BLR,Bengaluru,Karnataka,6206921,Koramangala,15203555,2026-08-08 18:30:00+00:00,16.3,100.0,OpenAQ verified hourly measurement
BLR,Bengaluru,Karnataka,6206921,Koramangala,15203555,2026-08-08 19:30:00+00:00,9.8,100.0,OpenAQ verified hourly measurement
BLR,Bengaluru,Karnataka,6206921,Koramangala,15203555,2026-08-08 20:30:00+00:00,8.2,100.0,OpenAQ verified hourly measurement
BLR,Bengaluru,Karnataka,6206921,Koramangala,15203555,2026-08-08 21:30:00+00:00,8.2,100.0,OpenAQ verified hourly measurement
BLR,Bengaluru,Karnataka,6206921,Koramangala,15203555,2026-08-08 22:30:00+00:00,9.4,100.0,OpenAQ verified hourly measurement
BLR,Bengaluru,Karnataka,6206921,Koramangala,15203555,2026-08-08 23:30:00+00:00,10.4,100.0,OpenAQ verified hourly measurement
BLR,Bengaluru,Karnataka,6206921,Koramangala,15203555,2026-08-09 00:30:00+00:00,17.1,100.0,OpenAQ verified hourly measurement
BLR,Bengaluru,Karnataka,6206921,Koramangala,15203555,2026-08-09 01:30:00+00:00,28.0,100.0,OpenAQ verified hourly measurement
BLR,Bengaluru,Karnataka,6206921,Koramangala,15203555,2026-08-09 02:30:00+00:00,21.7,100.0,OpenAQ verified hourly measurement
BLR,Bengaluru,Karnataka,6206921,Koramangala,15203555,2026-08-09 03:30:00+00:00,19.9,100.0,OpenAQ verified hourly measurement
BLR,Bengaluru,Karnataka,6206921,Koramangala,15203555,2026-08-09 04:30:00+00:00,12.1,100.0,OpenAQ verified hourly measurement
BLR,Bengaluru,Karnataka,6206921,Koramangala,15203555,2026-08-09 05:30:00+00:00,9.8,100.0,OpenAQ verified hourly measurement
BLR,Bengaluru,Karnataka,6206921,Koramangala,15203555,2026-08-09 06:30:00+00:00,9.0,100.0,OpenAQ verified hourly measurement
BLR,Bengaluru,Karnataka,6206921,Koramangala,15203555,2026-08-09 07:30:00+00:00,10.2,100.0,OpenAQ verified hourly measurement
BLR,Bengaluru,Karnataka,6206921,Koramangala,15203555,2026-08-09 08:30:00+00:00,8.0,100.0,OpenAQ verified hourly measurement
BLR,Bengaluru,Karnataka,6206921,Koramangala,15203555,2026-08-09 09:30:00+00:00,5.7,100.0,OpenAQ verified hourly measurement
BLR,Bengaluru,Karnataka,6206921,Koramangala,15203555,2026-08-09 10:30:00+00:00,7.7,100.0,OpenAQ verified hourly measurement
BLR,Bengaluru,Karnataka,6206921,Koramangala,15203555,2026-08-09 11:30:00+00:00,7.5,100.0,OpenAQ verified hourly measurement
BLR,Bengaluru,Karnataka,6206921,Koramangala,15203555,2026-08-09 12:30:00+00:00,14.8,100.0,OpenAQ verified hourly measurement
BLR,Bengaluru,Karnataka,6206921,Koramangala,15203555,2026-08-09 13:30:00+00:00,18.8,100.0,OpenAQ verified hourly measurement
BLR,Bengaluru,Karnataka,6206921,Koramangala,15203555,2026-08-09 14:30:00+00:00,18.2,100.0,OpenAQ verified hourly measurement
BLR,Bengaluru,Karnataka,6206921,Koramangala,15203555,2026-08-09 15:30:00+00:00,26.3,100.0,OpenAQ verified hourly measurement
BLR,Bengaluru,Karnataka,6206921,Koramangala,15203555,2026-08-09 16:30:00+00:00,25.2,100.0,OpenAQ verified hourly measurement
BLR,Bengaluru,Karnataka,6206921,Koramangala,15203555,2026-08-09 17:30:00+00:00,21.8,100.0,OpenAQ verified hourly measurement
BLR,Bengaluru,Karnataka,6206921,Koramangala,15203555,2026-08-09 18:30:00+00:00,20.6,100.0,OpenAQ verified hourly measurement
BLR,Bengaluru,Karnataka,6206921,Koramangala,15203555,2026-08-09 19:30:00+00:00,15.4,100.0,OpenAQ verified hourly measurement
BLR,Bengaluru,Karnataka,6206921,Koramangala,15203555,2026-08-09 20:30:00+00:00,12.2,100.0,OpenAQ verified hourly measurement
BLR,Bengaluru,Karnataka,6206921,Koramangala,15203555,2026-08-09 21:30:00+00:00,9.5,100.0,OpenAQ verified hourly measurement
BLR,Bengaluru,Karnataka,6206921,Koramangala,15203555,2026-08-09 22:30:00+00:00,11.6,100.0,OpenAQ verified hourly measurement
BLR,Bengaluru,Karnataka,6206921,Koramangala,15203555,2026-08-09 23:30:00+00:00,17.4,100.0,OpenAQ verified hourly measurement
BLR,Bengaluru,Karnataka,6206921,Koramangala,15203555,2026-08-10 00:30:00+00:00,21.8,100.0,OpenAQ verified hourly measurement
BLR,Bengaluru,Karnataka,6206921,Koramangala,15203555,2026-08-10 01:30:00+00:00,23.3,100.0,OpenAQ verified hourly measurement
BLR,Bengaluru,Karnataka,6206921,Koramangala,15203555,2026-08-10 02:30:00+00:00,23.4,100.0,OpenAQ verified hourly measurement
BLR,Bengaluru,Karnataka,6206921,Koramangala,15203555,2026-08-10 03:30:00+00:00,19.7,100.0,OpenAQ verified hourly measurement
BLR,Bengaluru,Karnataka,6206921,Koramangala,15203555,2026-08-10 04:30:00+00:00,19.1,100.0,OpenAQ verified hourly measurement
BLR,Bengaluru,Karnataka,6206921,Koramangala,15203555,2026-08-10 05:30:00+00:00,12.0,100.0,OpenAQ verified hourly measurement
BLR,Bengaluru,Karnataka,6206921,Koramangala,15203555,2026-08-10 06:30:00+00:00,9.3,100.0,OpenAQ verified hourly measurement
BLR,Bengaluru,Karnataka,6206921,Koramangala,15203555,2026-08-10 07:30:00+00:00,7.8,100.0,OpenAQ verified hourly measurement
BLR,Bengaluru,Karnataka,6206921,Koramangala,15203555,2026-08-10 08:30:00+00:00,7.8,100.0,OpenAQ verified hourly measurement
BLR,Bengaluru,Karnataka,6206921,Koramangala,15203555,2026-08-10 09:30:00+00:00,7.2,100.0,OpenAQ verified hourly measurement
BLR,Bengaluru,Karnataka,6206921,Koramangala,15203555,2026-08-10 10:30:00+00:00,7.0,100.0,OpenAQ verified hourly measurement
BLR,Bengaluru,Karnataka,6206921,Koramangala,15203555,2026-08-10 11:30:00+00:00,3.3,100.0,OpenAQ verified hourly measurement
BLR,Bengaluru,Karnataka,6206921,Koramangala,15203555,2026-08-10 12:30:00+00:00,18.5,100.0,OpenAQ verified hourly measurement
BLR,Bengaluru,Karnataka,6206921,Koramangala,15203555,2026-08-10 13:30:00+00:00,27.0,100.0,OpenAQ verified hourly measurement
BLR,Bengaluru,Karnataka,6206921,Koramangala,15203555,2026-08-10 14:30:00+00:00,25.2,100.0,OpenAQ verified hourly measurement
BLR,Bengaluru,Karnataka,6206921,Koramangala,15203555,2026-08-10 15:30:00+00:00,31.4,100.0,OpenAQ verified hourly measurement
BLR,Bengaluru,Karnataka,6206921,Koramangala,15203555,2026-08-10 16:30:00+00:00,24.2,100.0,OpenAQ verified hourly measurement
BLR,Bengaluru,Karnataka,6206921,Koramangala,15203555,2026-08-10 17:30:00+00:00,22.0,100.0,OpenAQ verified hourly measurement
BLR,Bengaluru,Karnataka,6206921,Koramangala,15203555,2026-08-10 18:30:00+00:00,19.3,100.0,OpenAQ verified hourly measurement
BLR,Bengaluru,Karnataka,6206921,Koramangala,15203555,2026-08-10 19:30:00+00:00,17.9,100.0,OpenAQ verified hourly measurement
BLR,Bengaluru,Karnataka,6206921,Koramangala,15203555,2026-08-10 20:30:00+00:00,14.9,100.0,OpenAQ verified hourly measurement
BLR,Bengaluru,Karnataka,6206921,Koramangala,15203555,2026-08-10 21:30:00+00:00,17.3,100.0,OpenAQ verified hourly measurement
BLR,Bengaluru,Karnataka,6206921,Koramangala,15203555,2026-08-10 22:30:00+00:00,16.9,100.0,OpenAQ verified hourly measurement
BLR,Bengaluru,Karnataka,6206921,Koramangala,15203555,2026-08-10 23:30:00+00:00,16.2,100.0,OpenAQ verified hourly measurement
BLR,Bengaluru,Karnataka,6206921,Koramangala,15203555,2026-08-11 00:30:00+00:00,9.8,100.0,OpenAQ verified hourly measurement
BLR,Bengaluru,Karnataka,6206921,Koramangala,15203555,2026-08-11 01:30:00+00:00,18.7,100.0,OpenAQ verified hourly measurement
BLR,Bengaluru,Karnataka,6206921,Koramangala,15203555,2026-08-11 02:30:00+00:00,25.1,100.0,OpenAQ verified hourly measurement
BLR,Bengaluru,Karnataka,6206921,Koramangala,15203555,2026-08-11 03:30:00+00:00,20.8,100.0,OpenAQ verified hourly measurement
BLR,Bengaluru,Karnataka,6206921,Koramangala,15203555,2026-08-11 04:30:00+00:00,15.0,100.0,OpenAQ verified hourly measurement
BLR,Bengaluru,Karnataka,6206921,Koramangala,15203555,2026-08-11 05:30:00+00:00,13.9,100.0,OpenAQ verified hourly measurement
BLR,Bengaluru,Karnataka,6206921,Koramangala,15203555,2026-08-11 06:30:00+00:00,9.3,100.0,OpenAQ verified hourly measurement
BLR,Bengaluru,Karnataka,6206921,Koramangala,15203555,2026-08-11 07:30:00+00:00,6.0,100.0,OpenAQ verified hourly measurement
BLR,Bengaluru,Karnataka,6206921,Koramangala,15203555,2026-08-11 08:30:00+00:00,5.0,100.0,OpenAQ verified hourly measurement
BLR,Bengaluru,Karnataka,6206921,Koramangala,15203555,2026-08-11 09:30:00+00:00,4.3,100.0,OpenAQ verified hourly measurement
BLR,Bengaluru,Karnataka,6206921,Koramangala,15203555,2026-08-11 10:30:00+00:00,3.9,100.0,OpenAQ verified hourly measurement
BLR,Bengaluru,Karnataka,6206921,Koramangala,15203555,2026-08-11 11:30:00+00:00,5.3,100.0,OpenAQ verified hourly measurement
BLR,Bengaluru,Karnataka,6206921,Koramangala,15203555,2026-08-11 12:30:00+00:00,11.0,100.0,OpenAQ verified hourly measurement
BLR,Bengaluru,Karnataka,6206921,Koramangala,15203555,2026-08-11 13:30:00+00:00,19.6,100.0,OpenAQ verified hourly measurement
BLR,Bengaluru,Karnataka,6206921,Koramangala,15203555,2026-08-11 14:30:00+00:00,17.2,100.0,OpenAQ verified hourly measurement
BLR,Bengaluru,Karnataka,6206921,Koramangala,15203555,2026-08-11 15:30:00+00:00,39.1,100.0,OpenAQ verified hourly measurement
BLR,Bengaluru,Karnataka,6206921,Koramangala,15203555,2026-08-11 16:30:00+00:00,28.6,100.0,OpenAQ verified hourly measurement
BLR,Bengaluru,Karnataka,6206921,Koramangala,15203555,2026-08-11 17:30:00+00:00,26.1,100.0,OpenAQ verified hourly measurement
BLR,Bengaluru,Karnataka,6206921,Koramangala,15203555,2026-08-11 18:30:00+00:00,20.3,100.0,OpenAQ verified hourly measurement
BLR,Bengaluru,Karnataka,6206921,Koramangala,15203555,2026-08-11 19:30:00+00:00,18.5,100.0,OpenAQ verified hourly measurement
BLR,Bengaluru,Karnataka,6206921,Koramangala,15203555,2026-08-11 20:30:00+00:00,19.5,100.0,OpenAQ verified hourly measurement
BLR,Bengaluru,Karnataka,6206921,Koramangala,15203555,2026-08-11 21:30:00+00:00,15.5,100.0,OpenAQ verified hourly measurement
BLR,Bengaluru,Karnataka,6206921,Koramangala,15203555,2026-08-11 22:30:00+00:00,13.0,100.0,OpenAQ verified hourly measurement
BLR,Bengaluru,Karnataka,6206921,Koramangala,15203555,2026-08-11 23:30:00+00:00,9.2,100.0,OpenAQ verified hourly measurement
BLR,Bengaluru,Karnataka,6206921,Koramangala,15203555,2026-08-12 00:30:00+00:00,13.9,100.0,OpenAQ verified hourly measurement
BLR,Bengaluru,Karnataka,6206921,Koramangala,15203555,2026-08-12 01:30:00+00:00,20.1,100.0,OpenAQ verified hourly measurement
BLR,Bengaluru,Karnataka,6206921,Koramangala,15203555,2026-08-12 02:30:00+00:00,24.2,100.0,OpenAQ verified hourly measurement
BLR,Bengaluru,Karnataka,6206921,Koramangala,15203555,2026-08-12 03:30:00+00:00,25.3,100.0,OpenAQ verified hourly measurement
BLR,Bengaluru,Karnataka,6206921,Koramangala,15203555,2026-08-12 04:30:00+00:00,26.7,100.0,OpenAQ verified hourly measurement
BLR,Bengaluru,Karnataka,6206921,Koramangala,15203555,2026-08-12 05:30:00+00:00,33.6,100.0,OpenAQ verified hourly measurement
BLR,Bengaluru,Karnataka,6206921,Koramangala,15203555,2026-08-12 06:30:00+00:00,20.7,100.0,OpenAQ verified hourly measurement
BLR,Bengaluru,Karnataka,6206921,Koramangala,15203555,2026-08-12 07:30:00+00:00,28.2,100.0,OpenAQ verified hourly measurement
BLR,Bengaluru,Karnataka,6206921,Koramangala,15203555,2026-08-12 08:30:00+00:00,29.2,100.0,OpenAQ verified hourly measurement
BLR,Bengaluru,Karnataka,6206921,Koramangala,15203555,2026-08-12 09:30:00+00:00,14.2,100.0,OpenAQ verified hourly measurement
BLR,Bengaluru,Karnataka,6206921,Koramangala,15203555,2026-08-12 10:30:00+00:00,12.1,100.0,OpenAQ verified hourly measurement
BLR,Bengaluru,Karnataka,6206921,Koramangala,15203555,2026-08-12 11:30:00+00:00,13.7,100.0,OpenAQ verified hourly measurement
BLR,Bengaluru,Karnataka,6206921,Koramangala,15203555,2026-08-12 12:30:00+00:00,30.3,100.0,OpenAQ verified hourly measurement
BLR,Bengaluru,Karnataka,6206921,Koramangala,15203555,2026-08-12 13:30:00+00:00,15.1,100.0,OpenAQ verified hourly measurement
BLR,Bengaluru,Karnataka,6206921,Koramangala,15203555,2026-08-12 14:30:00+00:00,26.5,100.0,OpenAQ verified hourly measurement
BLR,Bengaluru,Karnataka,6206921,Koramangala,15203555,2026-08-12 15:30:00+00:00,19.6,100.0,OpenAQ verified hourly measurement
BLR,Bengaluru,Karnataka,6206921,Koramangala,15203555,2026-08-12 16:30:00+00:00,19.1,100.0,OpenAQ verified hourly measurement
BLR,Bengaluru,Karnataka,6206921,Koramangala,15203555,2026-08-12 17:30:00+00:00,19.8,100.0,OpenAQ verified hourly measurement
BLR,Bengaluru,Karnataka,6206921,Koramangala,15203555,2026-08-12 18:30:00+00:00,17.4,100.0,OpenAQ verified hourly measurement
BLR,Bengaluru,Karnataka,6206921,Koramangala,15203555,2026-08-12 19:30:00+00:00,10.1,100.0,OpenAQ verified hourly measurement
BLR,Bengaluru,Karnataka,6206921,Koramangala,15203555,2026-08-12 20:30:00+00:00,18.6,100.0,OpenAQ verified hourly measurement
BLR,Bengaluru,Karnataka,6206921,Koramangala,15203555,2026-08-12 21:30:00+00:00,11.3,100.0,OpenAQ verified hourly measurement
BLR,Bengaluru,Karnataka,6206921,Koramangala,15203555,2026-08-12 22:30:00+00:00,10.7,100.0,OpenAQ verified hourly measurement
BLR,Bengaluru,Karnataka,6206921,Koramangala,15203555,2026-08-12 23:30:00+00:00,16.0,100.0,OpenAQ verified hourly measurement
BLR,Bengaluru,Karnataka,6206921,Koramangala,15203555,2026-08-13 00:30:00+00:00,19.0,100.0,OpenAQ verified hourly measurement
BLR,Bengaluru,Karnataka,6206921,Koramangala,15203555,2026-08-13 01:30:00+00:00,26.1,100.0,OpenAQ verified hourly measurement
BLR,Bengaluru,Karnataka,6206921,Koramangala,15203555,2026-08-13 02:30:00+00:00,37.3,100.0,OpenAQ verified hourly measurement
BLR,Bengaluru,Karnataka,6206921,Koramangala,15203555,2026-08-13 03:30:00+00:00,27.6,100.0,OpenAQ verified hourly measurement
BLR,Bengaluru,Karnataka,6206921,Koramangala,15203555,2026-08-13 04:30:00+00:00,20.9,100.0,OpenAQ verified hourly measurement
BLR,Bengaluru,Karnataka,6206921,Koramangala,15203555,2026-08-13 05:30:00+00:00,13.7,100.0,OpenAQ verified hourly measurement
BLR,Bengaluru,Karnataka,6206921,Koramangala,15203555,2026-08-13 06:30:00+00:00,11.6,100.0,OpenAQ verified hourly measurement
BLR,Bengaluru,Karnataka,6206921,Koramangala,15203555,2026-08-13 07:30:00+00:00,13.8,100.0,OpenAQ verified hourly measurement
BLR,Bengaluru,Karnataka,6206921,Koramangala,15203555,2026-08-13 08:30:00+00:00,12.1,100.0,OpenAQ verified hourly measurement
BLR,Bengaluru,Karnataka,6206921,Koramangala,15203555,2026-08-13 09:30:00+00:00,7.9,100.0,OpenAQ verified hourly measurement
BLR,Bengaluru,Karnataka,6206921,Koramangala,15203555,2026-08-13 10:30:00+00:00,7.1,100.0,OpenAQ verified hourly measurement
BLR,Bengaluru,Karnataka,6206921,Koramangala,15203555,2026-08-13 11:30:00+00:00,16.9,100.0,OpenAQ verified hourly measurement
BLR,Bengaluru,Karnataka,6206921,Koramangala,15203555,2026-08-13 12:30:00+00:00,11.8,100.0,OpenAQ verified hourly measurement
BLR,Bengaluru,Karnataka,6206921,Koramangala,15203555,2026-08-13 13:30:00+00:00,26.8,100.0,OpenAQ verified hourly measurement
BLR,Bengaluru,Karnataka,6206921,Koramangala,15203555,2026-08-13 14:30:00+00:00,23.5,100.0,OpenAQ verified hourly measurement
BLR,Bengaluru,Karnataka,6206921,Koramangala,15203555,2026-08-13 15:30:00+00:00,20.8,100.0,OpenAQ verified hourly measurement
BLR,Bengaluru,Karnataka,6206921,Koramangala,15203555,2026-08-13 16:30:00+00:00,19.9,100.0,OpenAQ verified hourly measurement
BLR,Bengaluru,Karnataka,6206921,Koramangala,15203555,2026-08-13 17:30:00+00:00,16.1,100.0,OpenAQ verified hourly measurement
BLR,Bengaluru,Karnataka,6206921,Koramangala,15203555,2026-08-13 18:30:00+00:00,16.2,100.0,OpenAQ verified hourly measurement
BLR,Bengaluru,Karnataka,6206921,Koramangala,15203555,2026-08-13 19:30:00+00:00,14.2,100.0,OpenAQ verified hourly measurement
BLR,Bengaluru,Karnataka,6206921,Koramangala,15203555,2026-08-13 20:30:00+00:00,15.5,100.0,OpenAQ verified hourly measurement
BLR,Bengaluru,Karnataka,6206921,Koramangala,15203555,2026-08-13 21:30:00+00:00,17.7,100.0,OpenAQ verified hourly measurement
BLR,Bengaluru,Karnataka,6206921,Koramangala,15203555,2026-08-13 22:30:00+00:00,17.0,100.0,OpenAQ verified hourly measurement
BLR,Bengaluru,Karnataka,6206921,Koramangala,15203555,2026-08-13 23:30:00+00:00,17.5,100.0,OpenAQ verified hourly measurement
BLR,Bengaluru,Karnataka,6206921,Koramangala,15203555,2026-08-14 00:30:00+00:00,17.0,100.0,OpenAQ verified hourly measurement
BLR,Bengaluru,Karnataka,6206921,Koramangala,15203555,2026-08-14 01:30:00+00:00,22.9,100.0,OpenAQ verified hourly measurement
BLR,Bengaluru,Karnataka,6206921,Koramangala,15203555,2026-08-14 02:30:00+00:00,29.4,100.0,OpenAQ verified hourly measurement
BLR,Bengaluru,Karnataka,6206921,Koramangala,15203555,2026-08-14 03:30:00+00:00,24.6,100.0,OpenAQ verified hourly measurement
BLR,Bengaluru,Karnataka,6206921,Koramangala,15203555,2026-08-14 04:30:00+00:00,26.5,100.0,OpenAQ verified hourly measurement
BLR,Bengaluru,Karnataka,6206921,Koramangala,15203555,2026-08-14 05:30:00+00:00,12.1,100.0,OpenAQ verified hourly measurement
BLR,Bengaluru,Karnataka,6206921,Koramangala,15203555,2026-08-14 06:30:00+00:00,6.9,100.0,OpenAQ verified hourly measurement
BLR,Bengaluru,Karnataka,6206921,Koramangala,15203555,2026-08-14 07:30:00+00:00,6.7,100.0,OpenAQ verified hourly measurement
BLR,Bengaluru,Karnataka,6206921,Koramangala,15203555,2026-08-14 08:30:00+00:00,7.9,100.0,OpenAQ verified hourly measurement
BLR,Bengaluru,Karnataka,6206921,Koramangala,15203555,2026-08-14 09:30:00+00:00,10.6,100.0,OpenAQ verified hourly measurement
BLR,Bengaluru,Karnataka,6206921,Koramangala,15203555,2026-08-14 10:30:00+00:00,13.5,100.0,OpenAQ verified hourly measurement
BLR,Bengaluru,Karnataka,6206921,Koramangala,15203555,2026-08-14 11:30:00+00:00,15.2,100.0,OpenAQ verified hourly measurement
BLR,Bengaluru,Karnataka,6206921,Koramangala,15203555,2026-08-14 12:30:00+00:00,12.4,100.0,OpenAQ verified hourly measurement
BLR,Bengaluru,Karnataka,6206921,Koramangala,15203555,2026-08-14 13:30:00+00:00,22.0,100.0,OpenAQ verified hourly measurement
BLR,Bengaluru,Karnataka,6206921,Koramangala,15203555,2026-08-14 14:30:00+00:00,21.8,100.0,OpenAQ verified hourly measurement
BLR,Bengaluru,Karnataka,6206921,Koramangala,15203555,2026-08-14 15:30:00+00:00,24.0,100.0,OpenAQ verified hourly measurement
BLR,Bengaluru,Karnataka,6206921,Koramangala,15203555,2026-08-14 16:30:00+00:00,18.8,100.0,OpenAQ verified hourly measurement
BLR,Bengaluru,Karnataka,6206921,Koramangala,15203555,2026-08-14 17:30:00+00:00,11.9,100.0,OpenAQ verified hourly measurement
BLR,Bengaluru,Karnataka,6206921,Koramangala,15203555,2026-08-14 18:30:00+00:00,9.7,100.0,OpenAQ verified hourly measurement
BLR,Bengaluru,Karnataka,6206921,Koramangala,15203555,2026-08-14 19:30:00+00:00,8.1,100.0,OpenAQ verified hourly measurement
BLR,Bengaluru,Karnataka,6206921,Koramangala,15203555,2026-08-14 20:30:00+00:00,6.8,100.0,OpenAQ verified hourly measurement
BLR,Bengaluru,Karnataka,6206921,Koramangala,15203555,2026-08-14 21:30:00+00:00,5.1,100.0,OpenAQ verified hourly measurement
BLR,Bengaluru,Karnataka,6206921,Koramangala,15203555,2026-08-14 22:30:00+00:00,5.0,100.0,OpenAQ verified hourly measurement
BLR,Bengaluru,Karnataka,6206921,Koramangala,15203555,2026-08-14 23:30:00+00:00,5.6,100.0,OpenAQ verified hourly measurement
BLR,Bengaluru,Karnataka,6206921,Koramangala,15203555,2026-08-15 00:30:00+00:00,10.4,100.0,OpenAQ verified hourly measurement
BLR,Bengaluru,Karnataka,6206921,Koramangala,15203555,2026-08-15 01:30:00+00:00,18.1,100.0,OpenAQ verified hourly measurement
BLR,Bengaluru,Karnataka,6206921,Koramangala,15203555,2026-08-15 02:30:00+00:00,54.5,100.0,OpenAQ verified hourly measurement
BLR,Bengaluru,Karnataka,6206921,Koramangala,15203555,2026-08-15 03:30:00+00:00,49.5,100.0,OpenAQ verified hourly measurement
BLR,Bengaluru,Karnataka,6206921,Koramangala,15203555,2026-08-15 04:30:00+00:00,23.2,100.0,OpenAQ verified hourly measurement
BLR,Bengaluru,Karnataka,6206921,Koramangala,15203555,2026-08-15 05:30:00+00:00,13.6,100.0,OpenAQ verified hourly measurement
BLR,Bengaluru,Karnataka,6206921,Koramangala,15203555,2026-08-15 06:30:00+00:00,12.3,100.0,OpenAQ verified hourly measurement
BLR,Bengaluru,Karnataka,6206921,Koramangala,15203555,2026-08-15 07:30:00+00:00,10.3,100.0,OpenAQ verified hourly measurement
BLR,Bengaluru,Karnataka,6206921,Koramangala,15203555,2026-08-15 08:30:00+00:00,7.8,100.0,OpenAQ verified hourly measurement
BLR,Bengaluru,Karnataka,6206921,Koramangala,15203555,2026-08-15 09:30:00+00:00,7.0,100.0,OpenAQ verified hourly measurement
BLR,Bengaluru,Karnataka,6206921,Koramangala,15203555,2026-08-15 10:30:00+00:00,7.5,100.0,OpenAQ verified hourly measurement
BLR,Bengaluru,Karnataka,6206921,Koramangala,15203555,2026-08-15 11:30:00+00:00,8.6,100.0,OpenAQ verified hourly measurement
BLR,Bengaluru,Karnataka,6206921,Koramangala,15203555,2026-08-15 12:30:00+00:00,6.3,100.0,OpenAQ verified hourly measurement
BLR,Bengaluru,Karnataka,6206921,Koramangala,15203555,2026-08-15 13:30:00+00:00,14.9,100.0,OpenAQ verified hourly measurement
BLR,Bengaluru,Karnataka,6206921,Koramangala,15203555,2026-08-15 14:30:00+00:00,23.2,100.0,OpenAQ verified hourly measurement
BLR,Bengaluru,Karnataka,6206921,Koramangala,15203555,2026-08-15 15:30:00+00:00,18.5,100.0,OpenAQ verified hourly measurement
BLR,Bengaluru,Karnataka,6206921,Koramangala,15203555,2026-08-15 16:30:00+00:00,7.3,100.0,OpenAQ verified hourly measurement
BLR,Bengaluru,Karnataka,6206921,Koramangala,15203555,2026-08-15 17:30:00+00:00,10.5,100.0,OpenAQ verified hourly measurement
BLR,Bengaluru,Karnataka,6206921,Koramangala,15203555,2026-08-15 18:30:00+00:00,7.1,100.0,OpenAQ verified hourly measurement
BLR,Bengaluru,Karnataka,6206921,Koramangala,15203555,2026-08-15 19:30:00+00:00,5.2,100.0,OpenAQ verified hourly measurement
BLR,Bengaluru,Karnataka,6206921,Koramangala,15203555,2026-08-15 20:30:00+00:00,6.2,100.0,OpenAQ verified hourly measurement
BLR,Bengaluru,Karnataka,6206921,Koramangala,15203555,2026-08-15 21:30:00+00:00,10.8,100.0,OpenAQ verified hourly measurement
BLR,Bengaluru,Karnataka,6206921,Koramangala,15203555,2026-08-15 22:30:00+00:00,12.8,100.0,OpenAQ verified hourly measurement
BLR,Bengaluru,Karnataka,6206921,Koramangala,15203555,2026-08-15 23:30:00+00:00,9.0,100.0,OpenAQ verified hourly measurement
BLR,Bengaluru,Karnataka,6206921,Koramangala,15203555,2026-08-16 00:30:00+00:00,12.6,100.0,OpenAQ verified hourly measurement
BLR,Bengaluru,Karnataka,6206921,Koramangala,15203555,2026-08-16 01:30:00+00:00,15.0,100.0,OpenAQ verified hourly measurement
BLR,Bengaluru,Karnataka,6206921,Koramangala,15203555,2026-08-16 02:30:00+00:00,15.4,100.0,OpenAQ verified hourly measurement
BLR,Bengaluru,Karnataka,6206921,Koramangala,15203555,2026-08-16 03:30:00+00:00,15.3,100.0,OpenAQ verified hourly measurement
BLR,Bengaluru,Karnataka,6206921,Koramangala,15203555,2026-08-16 04:30:00+00:00,11.1,100.0,OpenAQ verified hourly measurement
BLR,Bengaluru,Karnataka,6206921,Koramangala,15203555,2026-08-16 05:30:00+00:00,12.4,100.0,OpenAQ verified hourly measurement
BLR,Bengaluru,Karnataka,6206921,Koramangala,15203555,2026-08-16 06:30:00+00:00,10.3,100.0,OpenAQ verified hourly measurement
BLR,Bengaluru,Karnataka,6206921,Koramangala,15203555,2026-08-16 07:30:00+00:00,16.7,100.0,OpenAQ verified hourly measurement
BLR,Bengaluru,Karnataka,6206921,Koramangala,15203555,2026-08-16 08:30:00+00:00,15.8,100.0,OpenAQ verified hourly measurement
BLR,Bengaluru,Karnataka,6206921,Koramangala,15203555,2026-08-16 09:30:00+00:00,13.1,100.0,OpenAQ verified hourly measurement
BLR,Bengaluru,Karnataka,6206921,Koramangala,15203555,2026-08-16 10:30:00+00:00,13.2,100.0,OpenAQ verified hourly measurement
BLR,Bengaluru,Karnataka,6206921,Koramangala,15203555,2026-08-16 11:30:00+00:00,9.7,100.0,OpenAQ verified hourly measurement
BLR,Bengaluru,Karnataka,6206921,Koramangala,15203555,2026-08-16 12:30:00+00:00,6.1,100.0,OpenAQ verified hourly measurement
BLR,Bengaluru,Karnataka,6206921,Koramangala,15203555,2026-08-16 13:30:00+00:00,8.4,100.0,OpenAQ verified hourly measurement
BLR,Bengaluru,Karnataka,6206921,Koramangala,15203555,2026-08-16 14:30:00+00:00,11.6,100.0,OpenAQ verified hourly measurement
BLR,Bengaluru,Karnataka,6206921,Koramangala,15203555,2026-08-16 15:30:00+00:00,19.6,100.0,OpenAQ verified hourly measurement
BLR,Bengaluru,Karnataka,6206921,Koramangala,15203555,2026-08-16 16:30:00+00:00,26.0,100.0,OpenAQ verified hourly measurement
BLR,Bengaluru,Karnataka,6206921,Koramangala,15203555,2026-08-16 17:30:00+00:00,19.1,100.0,OpenAQ verified hourly measurement
BLR,Bengaluru,Karnataka,6206921,Koramangala,15203555,2026-08-16 18:30:00+00:00,20.6,100.0,OpenAQ verified hourly measurement
BLR,Bengaluru,Karnataka,6206921,Koramangala,15203555,2026-08-16 19:30:00+00:00,21.4,100.0,OpenAQ verified hourly measurement
BLR,Bengaluru,Karnataka,6206921,Koramangala,15203555,2026-08-16 20:30:00+00:00,12.1,100.0,OpenAQ verified hourly measurement
BLR,Bengaluru,Karnataka,6206921,Koramangala,15203555,2026-08-16 21:30:00+00:00,17.2,100.0,OpenAQ verified hourly measurement
BLR,Bengaluru,Karnataka,6206921,Koramangala,15203555,2026-08-16 22:30:00+00:00,14.1,100.0,OpenAQ verified hourly measurement
BLR,Bengaluru,Karnataka,6206921,Koramangala,15203555,2026-08-16 23:30:00+00:00,10.3,100.0,OpenAQ verified hourly measurement
BLR,Bengaluru,Karnataka,6206921,Koramangala,15203555,2026-08-17 00:30:00+00:00,24.9,100.0,OpenAQ verified hourly measurement
BLR,Bengaluru,Karnataka,6206921,Koramangala,15203555,2026-08-17 01:30:00+00:00,16.5,100.0,OpenAQ verified hourly measurement
BLR,Bengaluru,Karnataka,6206921,Koramangala,15203555,2026-08-17 02:30:00+00:00,22.7,100.0,OpenAQ verified hourly measurement
BLR,Bengaluru,Karnataka,6206921,Koramangala,15203555,2026-08-17 06:30:00+00:00,13.1,100.0,OpenAQ verified hourly measurement
BLR,Bengaluru,Karnataka,6206921,Koramangala,15203555,2026-08-17 07:30:00+00:00,8.3,100.0,OpenAQ verified hourly measurement
BLR,Bengaluru,Karnataka,6206921,Koramangala,15203555,2026-08-17 08:30:00+00:00,7.4,100.0,OpenAQ verified hourly measurement
BLR,Bengaluru,Karnataka,6206921,Koramangala,15203555,2026-08-17 09:30:00+00:00,7.9,100.0,OpenAQ verified hourly measurement
BLR,Bengaluru,Karnataka,6206921,Koramangala,15203555,2026-08-17 10:30:00+00:00,15.4,100.0,OpenAQ verified hourly measurement
BLR,Bengaluru,Karnataka,6206921,Koramangala,15203555,2026-08-17 11:30:00+00:00,6.0,100.0,OpenAQ verified hourly measurement
BLR,Bengaluru,Karnataka,6206921,Koramangala,15203555,2026-08-17 12:30:00+00:00,10.3,100.0,OpenAQ verified hourly measurement
BLR,Bengaluru,Karnataka,6206921,Koramangala,15203555,2026-08-17 13:30:00+00:00,20.4,100.0,OpenAQ verified hourly measurement
BLR,Bengaluru,Karnataka,6206921,Koramangala,15203555,2026-08-17 14:30:00+00:00,25.7,100.0,OpenAQ verified hourly measurement
BLR,Bengaluru,Karnataka,6206921,Koramangala,15203555,2026-08-17 15:30:00+00:00,21.1,100.0,OpenAQ verified hourly measurement
BLR,Bengaluru,Karnataka,6206921,Koramangala,15203555,2026-08-17 16:30:00+00:00,12.2,100.0,OpenAQ verified hourly measurement
BLR,Bengaluru,Karnataka,6206921,Koramangala,15203555,2026-08-17 17:30:00+00:00,7.0,100.0,OpenAQ verified hourly measurement
BLR,Bengaluru,Karnataka,6206921,Koramangala,15203555,2026-08-17 18:30:00+00:00,5.6,100.0,OpenAQ verified hourly measurement
BLR,Bengaluru,Karnataka,6206921,Koramangala,15203555,2026-08-17 19:30:00+00:00,5.9,100.0,OpenAQ verified hourly measurement
BLR,Bengaluru,Karnataka,6206921,Koramangala,15203555,2026-08-17 20:30:00+00:00,8.7,100.0,OpenAQ verified hourly measurement
BLR,Bengaluru,Karnataka,6206921,Koramangala,15203555,2026-08-17 21:30:00+00:00,9.2,100.0,OpenAQ verified hourly measurement
BLR,Bengaluru,Karnataka,6206921,Koramangala,15203555,2026-08-17 22:30:00+00:00,12.6,100.0,OpenAQ verified hourly measurement
BLR,Bengaluru,Karnataka,6206921,Koramangala,15203555,2026-08-17 23:30:00+00:00,14.4,100.0,OpenAQ verified hourly measurement
BLR,Bengaluru,Karnataka,6206921,Koramangala,15203555,2026-08-18 00:30:00+00:00,19.3,100.0,OpenAQ verified hourly measurement
BLR,Bengaluru,Karnataka,6206921,Koramangala,15203555,2026-08-18 01:30:00+00:00,20.8,100.0,OpenAQ verified hourly measurement
BLR,Bengaluru,Karnataka,6206921,Koramangala,15203555,2026-08-18 02:30:00+00:00,23.8,100.0,OpenAQ verified hourly measurement
BLR,Bengaluru,Karnataka,6206921,Koramangala,15203555,2026-08-18 03:30:00+00:00,20.5,100.0,OpenAQ verified hourly measurement
BLR,Bengaluru,Karnataka,6206921,Koramangala,15203555,2026-08-18 04:30:00+00:00,16.9,100.0,OpenAQ verified hourly measurement
BLR,Bengaluru,Karnataka,6206921,Koramangala,15203555,2026-08-18 05:30:00+00:00,12.7,100.0,OpenAQ verified hourly measurement
BLR,Bengaluru,Karnataka,6206921,Koramangala,15203555,2026-08-18 06:30:00+00:00,11.6,100.0,OpenAQ verified hourly measurement
BLR,Bengaluru,Karnataka,6206921,Koramangala,15203555,2026-08-18 07:30:00+00:00,9.1,100.0,OpenAQ verified hourly measurement
BLR,Bengaluru,Karnataka,6206921,Koramangala,15203555,2026-08-18 08:30:00+00:00,6.3,100.0,OpenAQ verified hourly measurement
BLR,Bengaluru,Karnataka,6206921,Koramangala,15203555,2026-08-18 09:30:00+00:00,5.6,100.0,OpenAQ verified hourly measurement
BLR,Bengaluru,Karnataka,6206921,Koramangala,15203555,2026-08-18 10:30:00+00:00,13.1,100.0,OpenAQ verified hourly measurement
BLR,Bengaluru,Karnataka,6206921,Koramangala,15203555,2026-08-18 11:30:00+00:00,19.7,100.0,OpenAQ verified hourly measurement
BLR,Bengaluru,Karnataka,6206921,Koramangala,15203555,2026-08-18 12:30:00+00:00,25.5,100.0,OpenAQ verified hourly measurement
BLR,Bengaluru,Karnataka,6206921,Koramangala,15203555,2026-08-18 13:30:00+00:00,22.8,100.0,OpenAQ verified hourly measurement
BLR,Bengaluru,Karnataka,6206921,Koramangala,15203555,2026-08-18 14:30:00+00:00,19.4,100.0,OpenAQ verified hourly measurement
BLR,Bengaluru,Karnataka,6206921,Koramangala,15203555,2026-08-18 15:30:00+00:00,13.3,100.0,OpenAQ verified hourly measurement
BLR,Bengaluru,Karnataka,6206921,Koramangala,15203555,2026-08-18 16:30:00+00:00,8.2,100.0,OpenAQ verified hourly measurement
BLR,Bengaluru,Karnataka,6206921,Koramangala,15203555,2026-08-18 17:30:00+00:00,7.1,100.0,OpenAQ verified hourly measurement
BLR,Bengaluru,Karnataka,6206921,Koramangala,15203555,2026-08-18 18:30:00+00:00,7.7,100.0,OpenAQ verified hourly measurement
BLR,Bengaluru,Karnataka,6206921,Koramangala,15203555,2026-08-18 19:30:00+00:00,5.8,100.0,OpenAQ verified hourly measurement
BLR,Bengaluru,Karnataka,6206921,Koramangala,15203555,2026-08-18 20:30:00+00:00,9.6,100.0,OpenAQ verified hourly measurement
BLR,Bengaluru,Karnataka,6206921,Koramangala,15203555,2026-08-18 21:30:00+00:00,7.8,100.0,OpenAQ verified hourly measurement
BLR,Bengaluru,Karnataka,6206921,Koramangala,15203555,2026-08-18 22:30:00+00:00,6.0,100.0,OpenAQ verified hourly measurement
BLR,Bengaluru,Karnataka,6206921,Koramangala,15203555,2026-08-18 23:30:00+00:00,10.8,100.0,OpenAQ verified hourly measurement
BLR,Bengaluru,Karnataka,6206921,Koramangala,15203555,2026-08-19 00:30:00+00:00,12.9,100.0,OpenAQ verified hourly measurement
BLR,Bengaluru,Karnataka,6206921,Koramangala,15203555,2026-08-19 01:30:00+00:00,15.1,100.0,OpenAQ verified hourly measurement
BLR,Bengaluru,Karnataka,6206921,Koramangala,15203555,2026-08-19 02:30:00+00:00,33.6,100.0,OpenAQ verified hourly measurement
BLR,Bengaluru,Karnataka,6206921,Koramangala,15203555,2026-08-19 03:30:00+00:00,24.8,100.0,OpenAQ verified hourly measurement
BLR,Bengaluru,Karnataka,6206921,Koramangala,15203555,2026-08-19 04:30:00+00:00,18.6,100.0,OpenAQ verified hourly measurement
BLR,Bengaluru,Karnataka,6206921,Koramangala,15203555,2026-08-19 05:30:00+00:00,13.0,100.0,OpenAQ verified hourly measurement
BLR,Bengaluru,Karnataka,6206921,Koramangala,15203555,2026-08-19 06:30:00+00:00,11.4,100.0,OpenAQ verified hourly measurement
BLR,Bengaluru,Karnataka,6206921,Koramangala,15203555,2026-08-19 07:30:00+00:00,11.2,100.0,OpenAQ verified hourly measurement
BLR,Bengaluru,Karnataka,6206921,Koramangala,15203555,2026-08-19 08:30:00+00:00,8.2,100.0,OpenAQ verified hourly measurement
BLR,Bengaluru,Karnataka,6206921,Koramangala,15203555,2026-08-19 09:30:00+00:00,9.3,100.0,OpenAQ verified hourly measurement
BLR,Bengaluru,Karnataka,6206921,Koramangala,15203555,2026-08-19 10:30:00+00:00,14.7,100.0,OpenAQ verified hourly measurement
BLR,Bengaluru,Karnataka,6206921,Koramangala,15203555,2026-08-19 11:30:00+00:00,10.0,100.0,OpenAQ verified hourly measurement
BLR,Bengaluru,Karnataka,6206921,Koramangala,15203555,2026-08-19 12:30:00+00:00,13.9,100.0,OpenAQ verified hourly measurement
BLR,Bengaluru,Karnataka,6206921,Koramangala,15203555,2026-08-19 13:30:00+00:00,9.2,100.0,OpenAQ verified hourly measurement
BLR,Bengaluru,Karnataka,6206921,Koramangala,15203555,2026-08-19 14:30:00+00:00,17.5,100.0,OpenAQ verified hourly measurement
BLR,Bengaluru,Karnataka,6206921,Koramangala,15203555,2026-08-19 15:30:00+00:00,27.7,100.0,OpenAQ verified hourly measurement
BLR,Bengaluru,Karnataka,6206921,Koramangala,15203555,2026-08-19 16:30:00+00:00,22.8,100.0,OpenAQ verified hourly measurement
BLR,Bengaluru,Karnataka,6206921,Koramangala,15203555,2026-08-19 17:30:00+00:00,17.9,100.0,OpenAQ verified hourly measurement
BLR,Bengaluru,Karnataka,6206921,Koramangala,15203555,2026-08-19 18:30:00+00:00,12.8,100.0,OpenAQ verified hourly measurement
BLR,Bengaluru,Karnataka,6206921,Koramangala,15203555,2026-08-19 19:30:00+00:00,10.8,100.0,OpenAQ verified hourly measurement
BLR,Bengaluru,Karnataka,6206921,Koramangala,15203555,2026-08-19 20:30:00+00:00,13.0,100.0,OpenAQ verified hourly measurement
BLR,Bengaluru,Karnataka,6206921,Koramangala,15203555,2026-08-19 21:30:00+00:00,10.6,100.0,OpenAQ verified hourly measurement
BLR,Bengaluru,Karnataka,6206921,Koramangala,15203555,2026-08-19 22:30:00+00:00,12.2,100.0,OpenAQ verified hourly measurement
BLR,Bengaluru,Karnataka,6206921,Koramangala,15203555,2026-08-19 23:30:00+00:00,7.7,100.0,OpenAQ verified hourly measurement
BLR,Bengaluru,Karnataka,6206921,Koramangala,15203555,2026-08-20 00:30:00+00:00,11.4,100.0,OpenAQ verified hourly measurement
BLR,Bengaluru,Karnataka,6206921,Koramangala,15203555,2026-08-20 01:30:00+00:00,13.0,100.0,OpenAQ verified hourly measurement
BLR,Bengaluru,Karnataka,6206921,Koramangala,15203555,2026-08-20 02:30:00+00:00,19.7,100.0,OpenAQ verified hourly measurement
BLR,Bengaluru,Karnataka,6206921,Koramangala,15203555,2026-08-20 03:30:00+00:00,19.5,100.0,OpenAQ verified hourly measurement
BLR,Bengaluru,Karnataka,6206921,Koramangala,15203555,2026-08-20 05:30:00+00:00,20.7,100.0,OpenAQ verified hourly measurement
BLR,Bengaluru,Karnataka,6206921,Koramangala,15203555,2026-08-20 06:30:00+00:00,15.5,100.0,OpenAQ verified hourly measurement
BLR,Bengaluru,Karnataka,6206921,Koramangala,15203555,2026-08-20 07:30:00+00:00,15.0,100.0,OpenAQ verified hourly measurement
BLR,Bengaluru,Karnataka,6206921,Koramangala,15203555,2026-08-20 08:30:00+00:00,6.4,100.0,OpenAQ verified hourly measurement
BLR,Bengaluru,Karnataka,6206921,Koramangala,15203555,2026-08-20 09:30:00+00:00,15.4,100.0,OpenAQ verified hourly measurement
BLR,Bengaluru,Karnataka,6206921,Koramangala,15203555,2026-08-20 10:30:00+00:00,21.1,100.0,OpenAQ verified hourly measurement
BLR,Bengaluru,Karnataka,6206921,Koramangala,15203555,2026-08-20 11:30:00+00:00,23.1,100.0,OpenAQ verified hourly measurement
BLR,Bengaluru,Karnataka,6206921,Koramangala,15203555,2026-08-20 12:30:00+00:00,14.2,100.0,OpenAQ verified hourly measurement
BLR,Bengaluru,Karnataka,6206921,Koramangala,15203555,2026-08-20 13:30:00+00:00,25.1,100.0,OpenAQ verified hourly measurement
BLR,Bengaluru,Karnataka,6206921,Koramangala,15203555,2026-08-20 14:30:00+00:00,34.8,100.0,OpenAQ verified hourly measurement
BLR,Bengaluru,Karnataka,6206921,Koramangala,15203555,2026-08-20 15:30:00+00:00,28.8,100.0,OpenAQ verified hourly measurement
BLR,Bengaluru,Karnataka,6206921,Koramangala,15203555,2026-08-20 16:30:00+00:00,26.7,100.0,OpenAQ verified hourly measurement
BLR,Bengaluru,Karnataka,6206921,Koramangala,15203555,2026-08-20 17:30:00+00:00,19.9,100.0,OpenAQ verified hourly measurement
BLR,Bengaluru,Karnataka,6206921,Koramangala,15203555,2026-08-20 18:30:00+00:00,16.5,100.0,OpenAQ verified hourly measurement
BLR,Bengaluru,Karnataka,6206921,Koramangala,15203555,2026-08-20 19:30:00+00:00,11.2,100.0,OpenAQ verified hourly measurement
BLR,Bengaluru,Karnataka,6206921,Koramangala,15203555,2026-08-20 20:30:00+00:00,10.3,100.0,OpenAQ verified hourly measurement
BLR,Bengaluru,Karnataka,6206921,Koramangala,15203555,2026-08-20 21:30:00+00:00,10.6,100.0,OpenAQ verified hourly measurement
BLR,Bengaluru,Karnataka,6206921,Koramangala,15203555,2026-08-20 22:30:00+00:00,9.5,100.0,OpenAQ verified hourly measurement
BLR,Bengaluru,Karnataka,6206921,Koramangala,15203555,2026-08-20 23:30:00+00:00,11.7,100.0,OpenAQ verified hourly measurement
BLR,Bengaluru,Karnataka,6206921,Koramangala,15203555,2026-08-21 00:30:00+00:00,13.1,100.0,OpenAQ verified hourly measurement
BLR,Bengaluru,Karnataka,6206921,Koramangala,15203555,2026-08-21 01:30:00+00:00,20.2,100.0,OpenAQ verified hourly measurement
BLR,Bengaluru,Karnataka,6206921,Koramangala,15203555,2026-08-21 02:30:00+00:00,31.2,100.0,OpenAQ verified hourly measurement
BLR,Bengaluru,Karnataka,6206921,Koramangala,15203555,2026-08-21 03:30:00+00:00,30.2,100.0,OpenAQ verified hourly measurement
BLR,Bengaluru,Karnataka,6206921,Koramangala,15203555,2026-08-21 04:30:00+00:00,23.5,100.0,OpenAQ verified hourly measurement
BLR,Bengaluru,Karnataka,6206921,Koramangala,15203555,2026-08-21 05:30:00+00:00,20.4,100.0,OpenAQ verified hourly measurement
BLR,Bengaluru,Karnataka,6206921,Koramangala,15203555,2026-08-21 06:30:00+00:00,18.7,100.0,OpenAQ verified hourly measurement
BLR,Bengaluru,Karnataka,6206921,Koramangala,15203555,2026-08-21 07:30:00+00:00,14.2,100.0,OpenAQ verified hourly measurement
BLR,Bengaluru,Karnataka,6206921,Koramangala,15203555,2026-08-21 08:30:00+00:00,13.0,100.0,OpenAQ verified hourly measurement
BLR,Bengaluru,Karnataka,6206921,Koramangala,15203555,2026-08-21 09:30:00+00:00,14.8,100.0,OpenAQ verified hourly measurement
BLR,Bengaluru,Karnataka,6206921,Koramangala,15203555,2026-08-21 10:30:00+00:00,21.9,100.0,OpenAQ verified hourly measurement
BLR,Bengaluru,Karnataka,6206921,Koramangala,15203555,2026-08-21 11:30:00+00:00,26.1,100.0,OpenAQ verified hourly measurement
BLR,Bengaluru,Karnataka,6206921,Koramangala,15203555,2026-08-21 12:30:00+00:00,23.8,100.0,OpenAQ verified hourly measurement
BLR,Bengaluru,Karnataka,6206921,Koramangala,15203555,2026-08-21 13:30:00+00:00,26.5,100.0,OpenAQ verified hourly measurement
BLR,Bengaluru,Karnataka,6206921,Koramangala,15203555,2026-08-21 14:30:00+00:00,26.4,100.0,OpenAQ verified hourly measurement
BLR,Bengaluru,Karnataka,6206921,Koramangala,15203555,2026-08-21 15:30:00+00:00,25.5,100.0,OpenAQ verified hourly measurement
BLR,Bengaluru,Karnataka,6206921,Koramangala,15203555,2026-08-21 16:30:00+00:00,18.2,100.0,OpenAQ verified hourly measurement
BLR,Bengaluru,Karnataka,6206921,Koramangala,15203555,2026-08-21 17:30:00+00:00,22.8,100.0,OpenAQ verified hourly measurement
BLR,Bengaluru,Karnataka,6206921,Koramangala,15203555,2026-08-21 18:30:00+00:00,26.8,100.0,OpenAQ verified hourly measurement
BLR,Bengaluru,Karnataka,6206921,Koramangala,15203555,2026-08-21 19:30:00+00:00,28.1,100.0,OpenAQ verified hourly measurement
BLR,Bengaluru,Karnataka,6206921,Koramangala,15203555,2026-08-21 20:30:00+00:00,26.3,100.0,OpenAQ verified hourly measurement
BLR,Bengaluru,Karnataka,6206921,Koramangala,15203555,2026-08-21 21:30:00+00:00,21.3,100.0,OpenAQ verified hourly measurement
BLR,Bengaluru,Karnataka,6206921,Koramangala,15203555,2026-08-21 22:30:00+00:00,18.8,100.0,OpenAQ verified hourly measurement
BLR,Bengaluru,Karnataka,6206921,Koramangala,15203555,2026-08-21 23:30:00+00:00,19.6,100.0,OpenAQ verified hourly measurement
BLR,Bengaluru,Karnataka,6206921,Koramangala,15203555,2026-08-22 00:30:00+00:00,21.5,100.0,OpenAQ verified hourly measurement
BLR,Bengaluru,Karnataka,6206921,Koramangala,15203555,2026-08-22 01:30:00+00:00,23.8,100.0,OpenAQ verified hourly measurement
BLR,Bengaluru,Karnataka,6206921,Koramangala,15203555,2026-08-22 02:30:00+00:00,23.4,100.0,OpenAQ verified hourly measurement
BLR,Bengaluru,Karnataka,6206921,Koramangala,15203555,2026-08-22 03:30:00+00:00,20.8,100.0,OpenAQ verified hourly measurement
BLR,Bengaluru,Karnataka,6206921,Koramangala,15203555,2026-08-22 04:30:00+00:00,17.8,100.0,OpenAQ verified hourly measurement
BLR,Bengaluru,Karnataka,6206921,Koramangala,15203555,2026-08-22 05:30:00+00:00,13.5,100.0,OpenAQ verified hourly measurement
BLR,Bengaluru,Karnataka,6206921,Koramangala,15203555,2026-08-22 06:30:00+00:00,11.7,100.0,OpenAQ verified hourly measurement
BLR,Bengaluru,Karnataka,6206921,Koramangala,15203555,2026-08-22 07:30:00+00:00,21.0,100.0,OpenAQ verified hourly measurement
BLR,Bengaluru,Karnataka,6206921,Koramangala,15203555,2026-08-22 08:30:00+00:00,12.9,100.0,OpenAQ verified hourly measurement
BLR,Bengaluru,Karnataka,6206921,Koramangala,15203555,2026-08-22 09:30:00+00:00,9.5,100.0,OpenAQ verified hourly measurement
BLR,Bengaluru,Karnataka,6206921,Koramangala,15203555,2026-08-22 10:30:00+00:00,5.0,100.0,OpenAQ verified hourly measurement
BLR,Bengaluru,Karnataka,6206921,Koramangala,15203555,2026-08-22 11:30:00+00:00,4.1,100.0,OpenAQ verified hourly measurement
BLR,Bengaluru,Karnataka,6206921,Koramangala,15203555,2026-08-22 12:30:00+00:00,7.1,100.0,OpenAQ verified hourly measurement
BLR,Bengaluru,Karnataka,6206921,Koramangala,15203555,2026-08-22 13:30:00+00:00,16.7,100.0,OpenAQ verified hourly measurement
BLR,Bengaluru,Karnataka,6206921,Koramangala,15203555,2026-08-22 14:30:00+00:00,22.6,100.0,OpenAQ verified hourly measurement
BLR,Bengaluru,Karnataka,6206921,Koramangala,15203555,2026-08-22 15:30:00+00:00,23.1,100.0,OpenAQ verified hourly measurement
BLR,Bengaluru,Karnataka,6206921,Koramangala,15203555,2026-08-22 16:30:00+00:00,22.6,100.0,OpenAQ verified hourly measurement
BLR,Bengaluru,Karnataka,6206921,Koramangala,15203555,2026-08-22 17:30:00+00:00,22.9,100.0,OpenAQ verified hourly measurement
BLR,Bengaluru,Karnataka,6206921,Koramangala,15203555,2026-08-22 18:30:00+00:00,17.6,100.0,OpenAQ verified hourly measurement
BLR,Bengaluru,Karnataka,6206921,Koramangala,15203555,2026-08-22 19:30:00+00:00,18.6,100.0,OpenAQ verified hourly measurement
BLR,Bengaluru,Karnataka,6206921,Koramangala,15203555,2026-08-22 20:30:00+00:00,19.0,100.0,OpenAQ verified hourly measurement
BLR,Bengaluru,Karnataka,6206921,Koramangala,15203555,2026-08-22 21:30:00+00:00,23.0,100.0,OpenAQ verified hourly measurement
BLR,Bengaluru,Karnataka,6206921,Koramangala,15203555,2026-08-22 22:30:00+00:00,24.7,100.0,OpenAQ verified hourly measurement
BLR,Bengaluru,Karnataka,6206921,Koramangala,15203555,2026-08-22 23:30:00+00:00,23.6,100.0,OpenAQ verified hourly measurement
BLR,Bengaluru,Karnataka,6206921,Koramangala,15203555,2026-08-23 00:30:00+00:00,22.2,100.0,OpenAQ verified hourly measurement
BLR,Bengaluru,Karnataka,6206921,Koramangala,15203555,2026-08-23 01:30:00+00:00,20.0,100.0,OpenAQ verified hourly measurement
BLR,Bengaluru,Karnataka,6206921,Koramangala,15203555,2026-08-23 02:30:00+00:00,21.7,100.0,OpenAQ verified hourly measurement
BLR,Bengaluru,Karnataka,6206921,Koramangala,15203555,2026-08-23 03:30:00+00:00,22.0,100.0,OpenAQ verified hourly measurement
BLR,Bengaluru,Karnataka,6206921,Koramangala,15203555,2026-08-23 04:30:00+00:00,18.7,100.0,OpenAQ verified hourly measurement
BLR,Bengaluru,Karnataka,6206921,Koramangala,15203555,2026-08-23 05:30:00+00:00,18.2,100.0,OpenAQ verified hourly measurement
BLR,Bengaluru,Karnataka,6206921,Koramangala,15203555,2026-08-23 06:30:00+00:00,15.4,100.0,OpenAQ verified hourly measurement
BLR,Bengaluru,Karnataka,6206921,Koramangala,15203555,2026-08-23 07:30:00+00:00,25.3,100.0,OpenAQ verified hourly measurement
BLR,Bengaluru,Karnataka,6206921,Koramangala,15203555,2026-08-23 08:30:00+00:00,25.8,100.0,OpenAQ verified hourly measurement
BLR,Bengaluru,Karnataka,6206921,Koramangala,15203555,2026-08-23 09:30:00+00:00,23.8,100.0,OpenAQ verified hourly measurement
BLR,Bengaluru,Karnataka,6206921,Koramangala,15203555,2026-08-23 10:30:00+00:00,17.0,100.0,OpenAQ verified hourly measurement
BLR,Bengaluru,Karnataka,6206921,Koramangala,15203555,2026-08-23 11:30:00+00:00,14.8,100.0,OpenAQ verified hourly measurement
BLR,Bengaluru,Karnataka,6206921,Koramangala,15203555,2026-08-23 12:30:00+00:00,15.6,100.0,OpenAQ verified hourly measurement
BLR,Bengaluru,Karnataka,6206921,Koramangala,15203555,2026-08-23 13:30:00+00:00,12.3,100.0,OpenAQ verified hourly measurement
BLR,Bengaluru,Karnataka,6206921,Koramangala,15203555,2026-08-23 14:30:00+00:00,17.9,100.0,OpenAQ verified hourly measurement
BLR,Bengaluru,Karnataka,6206921,Koramangala,15203555,2026-08-23 15:30:00+00:00,23.0,100.0,OpenAQ verified hourly measurement
BLR,Bengaluru,Karnataka,6206921,Koramangala,15203555,2026-08-23 16:30:00+00:00,30.0,100.0,OpenAQ verified hourly measurement
BLR,Bengaluru,Karnataka,6206921,Koramangala,15203555,2026-08-23 17:30:00+00:00,20.7,100.0,OpenAQ verified hourly measurement
BLR,Bengaluru,Karnataka,6206921,Koramangala,15203555,2026-08-23 18:30:00+00:00,19.5,100.0,OpenAQ verified hourly measurement
BLR,Bengaluru,Karnataka,6206921,Koramangala,15203555,2026-08-23 19:30:00+00:00,19.3,100.0,OpenAQ verified hourly measurement
BLR,Bengaluru,Karnataka,6206921,Koramangala,15203555,2026-08-23 20:30:00+00:00,17.0,100.0,OpenAQ verified hourly measurement
BLR,Bengaluru,Karnataka,6206921,Koramangala,15203555,2026-08-23 21:30:00+00:00,10.3,100.0,OpenAQ verified hourly measurement
BLR,Bengaluru,Karnataka,6206921,Koramangala,15203555,2026-08-23 22:30:00+00:00,9.6,100.0,OpenAQ verified hourly measurement
BLR,Bengaluru,Karnataka,6206921,Koramangala,15203555,2026-08-23 23:30:00+00:00,6.8,100.0,OpenAQ verified hourly measurement
BLR,Bengaluru,Karnataka,6206921,Koramangala,15203555,2026-08-24 00:30:00+00:00,8.7,100.0,OpenAQ verified hourly measurement
BLR,Bengaluru,Karnataka,6206921,Koramangala,15203555,2026-08-24 01:30:00+00:00,11.1,100.0,OpenAQ verified hourly measurement
BLR,Bengaluru,Karnataka,6206921,Koramangala,15203555,2026-08-24 02:30:00+00:00,23.7,100.0,OpenAQ verified hourly measurement
BLR,Bengaluru,Karnataka,6206921,Koramangala,15203555,2026-08-24 03:30:00+00:00,18.6,100.0,OpenAQ verified hourly measurement
BLR,Bengaluru,Karnataka,6206921,Koramangala,15203555,2026-08-24 04:30:00+00:00,18.6,100.0,OpenAQ verified hourly measurement
BLR,Bengaluru,Karnataka,6206921,Koramangala,15203555,2026-08-24 05:30:00+00:00,20.8,100.0,OpenAQ verified hourly measurement
BLR,Bengaluru,Karnataka,6206921,Koramangala,15203555,2026-08-24 06:30:00+00:00,23.7,100.0,OpenAQ verified hourly measurement
BLR,Bengaluru,Karnataka,6206921,Koramangala,15203555,2026-08-24 07:30:00+00:00,17.2,100.0,OpenAQ verified hourly measurement
BLR,Bengaluru,Karnataka,6206921,Koramangala,15203555,2026-08-24 08:30:00+00:00,15.9,100.0,OpenAQ verified hourly measurement
BLR,Bengaluru,Karnataka,6206921,Koramangala,15203555,2026-08-24 09:30:00+00:00,14.9,100.0,OpenAQ verified hourly measurement
BLR,Bengaluru,Karnataka,6206921,Koramangala,15203555,2026-08-24 10:30:00+00:00,8.7,100.0,OpenAQ verified hourly measurement
BLR,Bengaluru,Karnataka,6206921,Koramangala,15203555,2026-08-24 11:30:00+00:00,11.0,100.0,OpenAQ verified hourly measurement
BLR,Bengaluru,Karnataka,6206921,Koramangala,15203555,2026-08-24 12:30:00+00:00,5.3,100.0,OpenAQ verified hourly measurement
BLR,Bengaluru,Karnataka,6206921,Koramangala,15203555,2026-08-24 13:30:00+00:00,12.8,100.0,OpenAQ verified hourly measurement
BLR,Bengaluru,Karnataka,6206921,Koramangala,15203555,2026-08-24 14:30:00+00:00,28.5,100.0,OpenAQ verified hourly measurement
BLR,Bengaluru,Karnataka,6206921,Koramangala,15203555,2026-08-24 15:30:00+00:00,26.0,100.0,OpenAQ verified hourly measurement
BLR,Bengaluru,Karnataka,6206921,Koramangala,15203555,2026-08-24 16:30:00+00:00,23.9,100.0,OpenAQ verified hourly measurement
BLR,Bengaluru,Karnataka,6206921,Koramangala,15203555,2026-08-24 17:30:00+00:00,20.4,100.0,OpenAQ verified hourly measurement
BLR,Bengaluru,Karnataka,6206921,Koramangala,15203555,2026-08-24 18:30:00+00:00,14.7,100.0,OpenAQ verified hourly measurement
BLR,Bengaluru,Karnataka,6206921,Koramangala,15203555,2026-08-24 19:30:00+00:00,11.7,100.0,OpenAQ verified hourly measurement
BLR,Bengaluru,Karnataka,6206921,Koramangala,15203555,2026-08-24 20:30:00+00:00,9.8,100.0,OpenAQ verified hourly measurement
BLR,Bengaluru,Karnataka,6206921,Koramangala,15203555,2026-08-24 21:30:00+00:00,14.0,100.0,OpenAQ verified hourly measurement
BLR,Bengaluru,Karnataka,6206921,Koramangala,15203555,2026-08-24 22:30:00+00:00,18.3,100.0,OpenAQ verified hourly measurement
BLR,Bengaluru,Karnataka,6206921,Koramangala,15203555,2026-08-24 23:30:00+00:00,20.7,100.0,OpenAQ verified hourly measurement
BLR,Bengaluru,Karnataka,6206921,Koramangala,15203555,2026-08-25 00:30:00+00:00,21.5,100.0,OpenAQ verified hourly measurement
BLR,Bengaluru,Karnataka,6206921,Koramangala,15203555,2026-08-25 01:30:00+00:00,19.1,100.0,OpenAQ verified hourly measurement
BLR,Bengaluru,Karnataka,6206921,Koramangala,15203555,2026-08-25 02:30:00+00:00,26.2,100.0,OpenAQ verified hourly measurement
BLR,Bengaluru,Karnataka,6206921,Koramangala,15203555,2026-08-25 03:30:00+00:00,32.7,100.0,OpenAQ verified hourly measurement
CHE,Chennai,Tamil Nadu,8558,Chennai,5077812,2026-07-26 06:30:00+00:00,17.0,100.0,OpenAQ verified hourly measurement
CHE,Chennai,Tamil Nadu,8558,Chennai,5077812,2026-07-26 07:30:00+00:00,17.0,100.0,OpenAQ verified hourly measurement
CHE,Chennai,Tamil Nadu,8558,Chennai,5077812,2026-07-26 08:30:00+00:00,20.0,100.0,OpenAQ verified hourly measurement
CHE,Chennai,Tamil Nadu,8558,Chennai,5077812,2026-07-26 09:30:00+00:00,19.0,100.0,OpenAQ verified hourly measurement
CHE,Chennai,Tamil Nadu,8558,Chennai,5077812,2026-07-26 10:30:00+00:00,16.0,100.0,OpenAQ verified hourly measurement
CHE,Chennai,Tamil Nadu,8558,Chennai,5077812,2026-07-26 11:30:00+00:00,14.0,100.0,OpenAQ verified hourly measurement
CHE,Chennai,Tamil Nadu,8558,Chennai,5077812,2026-07-26 12:30:00+00:00,18.0,100.0,OpenAQ verified hourly measurement
CHE,Chennai,Tamil Nadu,8558,Chennai,5077812,2026-07-26 13:30:00+00:00,26.0,100.0,OpenAQ verified hourly measurement
CHE,Chennai,Tamil Nadu,8558,Chennai,5077812,2026-07-26 14:30:00+00:00,38.0,100.0,OpenAQ verified hourly measurement
CHE,Chennai,Tamil Nadu,8558,Chennai,5077812,2026-07-26 15:30:00+00:00,28.0,100.0,OpenAQ verified hourly measurement
CHE,Chennai,Tamil Nadu,8558,Chennai,5077812,2026-07-26 16:30:00+00:00,18.0,100.0,OpenAQ verified hourly measurement
CHE,Chennai,Tamil Nadu,8558,Chennai,5077812,2026-07-26 17:30:00+00:00,17.0,100.0,OpenAQ verified hourly measurement
CHE,Chennai,Tamil Nadu,8558,Chennai,5077812,2026-07-26 18:30:00+00:00,25.0,100.0,OpenAQ verified hourly measurement
CHE,Chennai,Tamil Nadu,8558,Chennai,5077812,2026-07-26 19:30:00+00:00,21.0,100.0,OpenAQ verified hourly measurement
CHE,Chennai,Tamil Nadu,8558,Chennai,5077812,2026-07-26 20:30:00+00:00,30.0,100.0,OpenAQ verified hourly measurement
CHE,Chennai,Tamil Nadu,8558,Chennai,5077812,2026-07-26 21:30:00+00:00,28.0,100.0,OpenAQ verified hourly measurement
CHE,Chennai,Tamil Nadu,8558,Chennai,5077812,2026-07-26 22:30:00+00:00,24.0,100.0,OpenAQ verified hourly measurement
CHE,Chennai,Tamil Nadu,8558,Chennai,5077812,2026-07-26 23:30:00+00:00,9.0,100.0,OpenAQ verified hourly measurement
CHE,Chennai,Tamil Nadu,8558,Chennai,5077812,2026-07-27 00:30:00+00:00,19.0,100.0,OpenAQ verified hourly measurement
CHE,Chennai,Tamil Nadu,8558,Chennai,5077812,2026-07-27 01:30:00+00:00,27.0,100.0,OpenAQ verified hourly measurement
CHE,Chennai,Tamil Nadu,8558,Chennai,5077812,2026-07-27 02:30:00+00:00,22.0,100.0,OpenAQ verified hourly measurement
CHE,Chennai,Tamil Nadu,8558,Chennai,5077812,2026-07-27 03:30:00+00:00,22.0,100.0,OpenAQ verified hourly measurement
CHE,Chennai,Tamil Nadu,8558,Chennai,5077812,2026-07-27 04:30:00+00:00,17.0,100.0,OpenAQ verified hourly measurement
CHE,Chennai,Tamil Nadu,8558,Chennai,5077812,2026-07-27 05:30:00+00:00,20.0,100.0,OpenAQ verified hourly measurement
CHE,Chennai,Tamil Nadu,8558,Chennai,5077812,2026-07-27 06:30:00+00:00,22.0,100.0,OpenAQ verified hourly measurement
CHE,Chennai,Tamil Nadu,8558,Chennai,5077812,2026-07-27 07:30:00+00:00,20.0,100.0,OpenAQ verified hourly measurement
CHE,Chennai,Tamil Nadu,8558,Chennai,5077812,2026-07-27 08:30:00+00:00,15.0,100.0,OpenAQ verified hourly measurement
CHE,Chennai,Tamil Nadu,8558,Chennai,5077812,2026-07-27 09:30:00+00:00,13.0,100.0,OpenAQ verified hourly measurement
CHE,Chennai,Tamil Nadu,8558,Chennai,5077812,2026-07-27 10:30:00+00:00,36.0,100.0,OpenAQ verified hourly measurement
CHE,Chennai,Tamil Nadu,8558,Chennai,5077812,2026-07-27 11:30:00+00:00,24.0,100.0,OpenAQ verified hourly measurement
CHE,Chennai,Tamil Nadu,8558,Chennai,5077812,2026-07-27 12:30:00+00:00,23.0,100.0,OpenAQ verified hourly measurement
CHE,Chennai,Tamil Nadu,8558,Chennai,5077812,2026-07-27 13:30:00+00:00,17.0,100.0,OpenAQ verified hourly measurement
CHE,Chennai,Tamil Nadu,8558,Chennai,5077812,2026-07-27 14:30:00+00:00,19.0,100.0,OpenAQ verified hourly measurement
CHE,Chennai,Tamil Nadu,8558,Chennai,5077812,2026-07-27 15:30:00+00:00,13.0,100.0,OpenAQ verified hourly measurement
CHE,Chennai,Tamil Nadu,8558,Chennai,5077812,2026-07-27 16:30:00+00:00,17.0,100.0,OpenAQ verified hourly measurement
CHE,Chennai,Tamil Nadu,8558,Chennai,5077812,2026-07-27 17:30:00+00:00,19.0,100.0,OpenAQ verified hourly measurement
CHE,Chennai,Tamil Nadu,8558,Chennai,5077812,2026-07-27 18:30:00+00:00,22.0,100.0,OpenAQ verified hourly measurement
CHE,Chennai,Tamil Nadu,8558,Chennai,5077812,2026-07-27 19:30:00+00:00,22.0,100.0,OpenAQ verified hourly measurement
CHE,Chennai,Tamil Nadu,8558,Chennai,5077812,2026-07-27 20:30:00+00:00,21.0,100.0,OpenAQ verified hourly measurement
CHE,Chennai,Tamil Nadu,8558,Chennai,5077812,2026-07-27 21:30:00+00:00,17.0,100.0,OpenAQ verified hourly measurement
CHE,Chennai,Tamil Nadu,8558,Chennai,5077812,2026-07-27 22:30:00+00:00,18.0,100.0,OpenAQ verified hourly measurement
CHE,Chennai,Tamil Nadu,8558,Chennai,5077812,2026-07-27 23:30:00+00:00,18.0,100.0,OpenAQ verified hourly measurement
CHE,Chennai,Tamil Nadu,8558,Chennai,5077812,2026-07-28 00:30:00+00:00,22.0,100.0,OpenAQ verified hourly measurement
CHE,Chennai,Tamil Nadu,8558,Chennai,5077812,2026-07-28 01:30:00+00:00,24.0,100.0,OpenAQ verified hourly measurement
CHE,Chennai,Tamil Nadu,8558,Chennai,5077812,2026-07-28 02:30:00+00:00,27.0,100.0,OpenAQ verified hourly measurement
CHE,Chennai,Tamil Nadu,8558,Chennai,5077812,2026-07-28 03:30:00+00:00,25.0,100.0,OpenAQ verified hourly measurement
CHE,Chennai,Tamil Nadu,8558,Chennai,5077812,2026-07-28 04:30:00+00:00,7.0,100.0,OpenAQ verified hourly measurement
CHE,Chennai,Tamil Nadu,8558,Chennai,5077812,2026-07-28 05:30:00+00:00,20.0,100.0,OpenAQ verified hourly measurement
CHE,Chennai,Tamil Nadu,8558,Chennai,5077812,2026-07-28 06:30:00+00:00,17.0,100.0,OpenAQ verified hourly measurement
CHE,Chennai,Tamil Nadu,8558,Chennai,5077812,2026-07-28 07:30:00+00:00,19.0,100.0,OpenAQ verified hourly measurement
CHE,Chennai,Tamil Nadu,8558,Chennai,5077812,2026-07-28 08:30:00+00:00,19.0,100.0,OpenAQ verified hourly measurement
CHE,Chennai,Tamil Nadu,8558,Chennai,5077812,2026-07-28 09:30:00+00:00,14.0,100.0,OpenAQ verified hourly measurement
CHE,Chennai,Tamil Nadu,8558,Chennai,5077812,2026-07-28 10:30:00+00:00,30.0,100.0,OpenAQ verified hourly measurement
CHE,Chennai,Tamil Nadu,8558,Chennai,5077812,2026-07-28 11:30:00+00:00,23.0,100.0,OpenAQ verified hourly measurement
CHE,Chennai,Tamil Nadu,8558,Chennai,5077812,2026-07-28 12:30:00+00:00,20.0,100.0,OpenAQ verified hourly measurement
CHE,Chennai,Tamil Nadu,8558,Chennai,5077812,2026-07-28 13:30:00+00:00,20.0,100.0,OpenAQ verified hourly measurement
CHE,Chennai,Tamil Nadu,8558,Chennai,5077812,2026-07-28 14:30:00+00:00,18.0,100.0,OpenAQ verified hourly measurement
CHE,Chennai,Tamil Nadu,8558,Chennai,5077812,2026-07-28 15:30:00+00:00,17.0,100.0,OpenAQ verified hourly measurement
CHE,Chennai,Tamil Nadu,8558,Chennai,5077812,2026-07-28 16:30:00+00:00,16.0,100.0,OpenAQ verified hourly measurement
CHE,Chennai,Tamil Nadu,8558,Chennai,5077812,2026-07-28 17:30:00+00:00,17.0,100.0,OpenAQ verified hourly measurement
CHE,Chennai,Tamil Nadu,8558,Chennai,5077812,2026-07-28 18:30:00+00:00,25.0,100.0,OpenAQ verified hourly measurement
CHE,Chennai,Tamil Nadu,8558,Chennai,5077812,2026-07-28 19:30:00+00:00,23.0,100.0,OpenAQ verified hourly measurement
CHE,Chennai,Tamil Nadu,8558,Chennai,5077812,2026-07-28 20:30:00+00:00,23.0,100.0,OpenAQ verified hourly measurement
CHE,Chennai,Tamil Nadu,8558,Chennai,5077812,2026-07-28 21:30:00+00:00,21.0,100.0,OpenAQ verified hourly measurement
CHE,Chennai,Tamil Nadu,8558,Chennai,5077812,2026-07-28 22:30:00+00:00,20.0,100.0,OpenAQ verified hourly measurement
CHE,Chennai,Tamil Nadu,8558,Chennai,5077812,2026-07-28 23:30:00+00:00,22.0,100.0,OpenAQ verified hourly measurement
CHE,Chennai,Tamil Nadu,8558,Chennai,5077812,2026-07-29 00:30:00+00:00,23.0,100.0,OpenAQ verified hourly measurement
CHE,Chennai,Tamil Nadu,8558,Chennai,5077812,2026-07-29 01:30:00+00:00,39.0,100.0,OpenAQ verified hourly measurement
CHE,Chennai,Tamil Nadu,8558,Chennai,5077812,2026-07-29 02:30:00+00:00,25.0,100.0,OpenAQ verified hourly measurement
CHE,Chennai,Tamil Nadu,8558,Chennai,5077812,2026-07-29 03:30:00+00:00,31.0,100.0,OpenAQ verified hourly measurement
CHE,Chennai,Tamil Nadu,8558,Chennai,5077812,2026-07-29 04:30:00+00:00,21.0,100.0,OpenAQ verified hourly measurement
CHE,Chennai,Tamil Nadu,8558,Chennai,5077812,2026-07-29 05:30:00+00:00,26.0,100.0,OpenAQ verified hourly measurement
CHE,Chennai,Tamil Nadu,8558,Chennai,5077812,2026-07-29 06:30:00+00:00,28.0,100.0,OpenAQ verified hourly measurement
CHE,Chennai,Tamil Nadu,8558,Chennai,5077812,2026-07-29 07:30:00+00:00,23.0,100.0,OpenAQ verified hourly measurement
CHE,Chennai,Tamil Nadu,8558,Chennai,5077812,2026-07-29 08:30:00+00:00,23.0,100.0,OpenAQ verified hourly measurement
CHE,Chennai,Tamil Nadu,8558,Chennai,5077812,2026-07-29 09:30:00+00:00,26.0,100.0,OpenAQ verified hourly measurement
CHE,Chennai,Tamil Nadu,8558,Chennai,5077812,2026-07-29 10:30:00+00:00,49.0,100.0,OpenAQ verified hourly measurement
CHE,Chennai,Tamil Nadu,8558,Chennai,5077812,2026-07-29 11:30:00+00:00,24.0,100.0,OpenAQ verified hourly measurement
CHE,Chennai,Tamil Nadu,8558,Chennai,5077812,2026-07-29 12:30:00+00:00,17.0,100.0,OpenAQ verified hourly measurement
CHE,Chennai,Tamil Nadu,8558,Chennai,5077812,2026-07-29 13:30:00+00:00,29.0,100.0,OpenAQ verified hourly measurement
CHE,Chennai,Tamil Nadu,8558,Chennai,5077812,2026-07-29 14:30:00+00:00,20.0,100.0,OpenAQ verified hourly measurement
CHE,Chennai,Tamil Nadu,8558,Chennai,5077812,2026-07-29 15:30:00+00:00,18.0,100.0,OpenAQ verified hourly measurement
CHE,Chennai,Tamil Nadu,8558,Chennai,5077812,2026-07-29 16:30:00+00:00,19.0,100.0,OpenAQ verified hourly measurement
CHE,Chennai,Tamil Nadu,8558,Chennai,5077812,2026-07-29 17:30:00+00:00,18.0,100.0,OpenAQ verified hourly measurement
CHE,Chennai,Tamil Nadu,8558,Chennai,5077812,2026-07-29 18:30:00+00:00,25.0,100.0,OpenAQ verified hourly measurement
CHE,Chennai,Tamil Nadu,8558,Chennai,5077812,2026-07-29 19:30:00+00:00,26.0,100.0,OpenAQ verified hourly measurement
CHE,Chennai,Tamil Nadu,8558,Chennai,5077812,2026-07-29 20:30:00+00:00,23.0,100.0,OpenAQ verified hourly measurement
CHE,Chennai,Tamil Nadu,8558,Chennai,5077812,2026-07-29 21:30:00+00:00,17.0,100.0,OpenAQ verified hourly measurement
CHE,Chennai,Tamil Nadu,8558,Chennai,5077812,2026-07-29 22:30:00+00:00,18.0,100.0,OpenAQ verified hourly measurement
CHE,Chennai,Tamil Nadu,8558,Chennai,5077812,2026-07-29 23:30:00+00:00,21.0,100.0,OpenAQ verified hourly measurement
CHE,Chennai,Tamil Nadu,8558,Chennai,5077812,2026-07-30 00:30:00+00:00,26.0,100.0,OpenAQ verified hourly measurement
CHE,Chennai,Tamil Nadu,8558,Chennai,5077812,2026-07-30 01:30:00+00:00,23.0,100.0,OpenAQ verified hourly measurement
CHE,Chennai,Tamil Nadu,8558,Chennai,5077812,2026-07-30 02:30:00+00:00,24.0,100.0,OpenAQ verified hourly measurement
CHE,Chennai,Tamil Nadu,8558,Chennai,5077812,2026-07-30 03:30:00+00:00,25.0,100.0,OpenAQ verified hourly measurement
CHE,Chennai,Tamil Nadu,8558,Chennai,5077812,2026-07-30 04:30:00+00:00,25.0,100.0,OpenAQ verified hourly measurement
CHE,Chennai,Tamil Nadu,8558,Chennai,5077812,2026-07-30 05:30:00+00:00,27.0,100.0,OpenAQ verified hourly measurement
CHE,Chennai,Tamil Nadu,8558,Chennai,5077812,2026-07-30 06:30:00+00:00,26.0,100.0,OpenAQ verified hourly measurement
CHE,Chennai,Tamil Nadu,8558,Chennai,5077812,2026-07-30 07:30:00+00:00,24.0,100.0,OpenAQ verified hourly measurement
CHE,Chennai,Tamil Nadu,8558,Chennai,5077812,2026-07-30 08:30:00+00:00,18.0,100.0,OpenAQ verified hourly measurement
CHE,Chennai,Tamil Nadu,8558,Chennai,5077812,2026-07-30 09:30:00+00:00,26.0,100.0,OpenAQ verified hourly measurement
CHE,Chennai,Tamil Nadu,8558,Chennai,5077812,2026-07-30 10:30:00+00:00,18.0,100.0,OpenAQ verified hourly measurement
CHE,Chennai,Tamil Nadu,8558,Chennai,5077812,2026-07-30 11:30:00+00:00,24.0,100.0,OpenAQ verified hourly measurement
CHE,Chennai,Tamil Nadu,8558,Chennai,5077812,2026-07-30 12:30:00+00:00,25.0,100.0,OpenAQ verified hourly measurement
CHE,Chennai,Tamil Nadu,8558,Chennai,5077812,2026-07-30 13:30:00+00:00,30.0,100.0,OpenAQ verified hourly measurement
CHE,Chennai,Tamil Nadu,8558,Chennai,5077812,2026-07-30 14:30:00+00:00,23.0,100.0,OpenAQ verified hourly measurement
CHE,Chennai,Tamil Nadu,8558,Chennai,5077812,2026-07-30 15:30:00+00:00,17.0,100.0,OpenAQ verified hourly measurement
CHE,Chennai,Tamil Nadu,8558,Chennai,5077812,2026-07-30 16:30:00+00:00,17.0,100.0,OpenAQ verified hourly measurement
CHE,Chennai,Tamil Nadu,8558,Chennai,5077812,2026-07-30 17:30:00+00:00,16.0,100.0,OpenAQ verified hourly measurement
CHE,Chennai,Tamil Nadu,8558,Chennai,5077812,2026-07-30 18:30:00+00:00,18.0,100.0,OpenAQ verified hourly measurement
CHE,Chennai,Tamil Nadu,8558,Chennai,5077812,2026-07-30 19:30:00+00:00,19.0,100.0,OpenAQ verified hourly measurement
CHE,Chennai,Tamil Nadu,8558,Chennai,5077812,2026-07-30 20:30:00+00:00,19.0,100.0,OpenAQ verified hourly measurement
CHE,Chennai,Tamil Nadu,8558,Chennai,5077812,2026-07-30 21:30:00+00:00,21.0,100.0,OpenAQ verified hourly measurement
CHE,Chennai,Tamil Nadu,8558,Chennai,5077812,2026-07-30 22:30:00+00:00,19.0,100.0,OpenAQ verified hourly measurement
CHE,Chennai,Tamil Nadu,8558,Chennai,5077812,2026-07-30 23:30:00+00:00,25.0,100.0,OpenAQ verified hourly measurement
CHE,Chennai,Tamil Nadu,8558,Chennai,5077812,2026-07-31 00:30:00+00:00,24.0,100.0,OpenAQ verified hourly measurement
CHE,Chennai,Tamil Nadu,8558,Chennai,5077812,2026-07-31 01:30:00+00:00,32.0,100.0,OpenAQ verified hourly measurement
CHE,Chennai,Tamil Nadu,8558,Chennai,5077812,2026-07-31 02:30:00+00:00,32.0,100.0,OpenAQ verified hourly measurement
CHE,Chennai,Tamil Nadu,8558,Chennai,5077812,2026-07-31 03:30:00+00:00,25.0,100.0,OpenAQ verified hourly measurement
CHE,Chennai,Tamil Nadu,8558,Chennai,5077812,2026-07-31 04:30:00+00:00,20.0,100.0,OpenAQ verified hourly measurement
CHE,Chennai,Tamil Nadu,8558,Chennai,5077812,2026-07-31 05:30:00+00:00,20.0,100.0,OpenAQ verified hourly measurement
CHE,Chennai,Tamil Nadu,8558,Chennai,5077812,2026-07-31 06:30:00+00:00,21.0,100.0,OpenAQ verified hourly measurement
CHE,Chennai,Tamil Nadu,8558,Chennai,5077812,2026-07-31 07:30:00+00:00,19.0,100.0,OpenAQ verified hourly measurement
CHE,Chennai,Tamil Nadu,8558,Chennai,5077812,2026-07-31 08:30:00+00:00,48.0,100.0,OpenAQ verified hourly measurement
CHE,Chennai,Tamil Nadu,8558,Chennai,5077812,2026-07-31 09:30:00+00:00,34.0,100.0,OpenAQ verified hourly measurement
CHE,Chennai,Tamil Nadu,8558,Chennai,5077812,2026-07-31 10:30:00+00:00,17.0,100.0,OpenAQ verified hourly measurement
CHE,Chennai,Tamil Nadu,8558,Chennai,5077812,2026-07-31 11:30:00+00:00,15.0,100.0,OpenAQ verified hourly measurement
CHE,Chennai,Tamil Nadu,8558,Chennai,5077812,2026-07-31 12:30:00+00:00,14.0,100.0,OpenAQ verified hourly measurement
CHE,Chennai,Tamil Nadu,8558,Chennai,5077812,2026-07-31 13:30:00+00:00,17.0,100.0,OpenAQ verified hourly measurement
CHE,Chennai,Tamil Nadu,8558,Chennai,5077812,2026-07-31 14:30:00+00:00,15.0,100.0,OpenAQ verified hourly measurement
CHE,Chennai,Tamil Nadu,8558,Chennai,5077812,2026-07-31 15:30:00+00:00,14.0,100.0,OpenAQ verified hourly measurement
CHE,Chennai,Tamil Nadu,8558,Chennai,5077812,2026-07-31 16:30:00+00:00,15.0,100.0,OpenAQ verified hourly measurement
CHE,Chennai,Tamil Nadu,8558,Chennai,5077812,2026-07-31 17:30:00+00:00,17.0,100.0,OpenAQ verified hourly measurement
CHE,Chennai,Tamil Nadu,8558,Chennai,5077812,2026-07-31 18:30:00+00:00,14.0,100.0,OpenAQ verified hourly measurement
CHE,Chennai,Tamil Nadu,8558,Chennai,5077812,2026-07-31 19:30:00+00:00,19.0,100.0,OpenAQ verified hourly measurement
CHE,Chennai,Tamil Nadu,8558,Chennai,5077812,2026-07-31 20:30:00+00:00,20.0,100.0,OpenAQ verified hourly measurement
CHE,Chennai,Tamil Nadu,8558,Chennai,5077812,2026-07-31 21:30:00+00:00,23.0,100.0,OpenAQ verified hourly measurement
CHE,Chennai,Tamil Nadu,8558,Chennai,5077812,2026-07-31 22:30:00+00:00,15.0,100.0,OpenAQ verified hourly measurement
CHE,Chennai,Tamil Nadu,8558,Chennai,5077812,2026-07-31 23:30:00+00:00,19.0,100.0,OpenAQ verified hourly measurement
CHE,Chennai,Tamil Nadu,8558,Chennai,5077812,2026-08-01 00:30:00+00:00,21.0,100.0,OpenAQ verified hourly measurement
CHE,Chennai,Tamil Nadu,8558,Chennai,5077812,2026-08-01 01:30:00+00:00,25.0,100.0,OpenAQ verified hourly measurement
CHE,Chennai,Tamil Nadu,8558,Chennai,5077812,2026-08-01 02:30:00+00:00,25.0,100.0,OpenAQ verified hourly measurement
CHE,Chennai,Tamil Nadu,8558,Chennai,5077812,2026-08-01 03:30:00+00:00,23.0,100.0,OpenAQ verified hourly measurement
CHE,Chennai,Tamil Nadu,8558,Chennai,5077812,2026-08-01 04:30:00+00:00,26.0,100.0,OpenAQ verified hourly measurement
CHE,Chennai,Tamil Nadu,8558,Chennai,5077812,2026-08-01 05:30:00+00:00,22.0,100.0,OpenAQ verified hourly measurement
CHE,Chennai,Tamil Nadu,8558,Chennai,5077812,2026-08-01 06:30:00+00:00,26.0,100.0,OpenAQ verified hourly measurement
CHE,Chennai,Tamil Nadu,8558,Chennai,5077812,2026-08-01 07:30:00+00:00,24.0,100.0,OpenAQ verified hourly measurement
CHE,Chennai,Tamil Nadu,8558,Chennai,5077812,2026-08-01 08:30:00+00:00,18.0,100.0,OpenAQ verified hourly measurement
CHE,Chennai,Tamil Nadu,8558,Chennai,5077812,2026-08-01 09:30:00+00:00,17.0,100.0,OpenAQ verified hourly measurement
CHE,Chennai,Tamil Nadu,8558,Chennai,5077812,2026-08-01 10:30:00+00:00,27.0,100.0,OpenAQ verified hourly measurement
CHE,Chennai,Tamil Nadu,8558,Chennai,5077812,2026-08-01 11:30:00+00:00,22.0,100.0,OpenAQ verified hourly measurement
CHE,Chennai,Tamil Nadu,8558,Chennai,5077812,2026-08-01 12:30:00+00:00,20.0,100.0,OpenAQ verified hourly measurement
CHE,Chennai,Tamil Nadu,8558,Chennai,5077812,2026-08-01 13:30:00+00:00,29.0,100.0,OpenAQ verified hourly measurement
CHE,Chennai,Tamil Nadu,8558,Chennai,5077812,2026-08-01 14:30:00+00:00,24.0,100.0,OpenAQ verified hourly measurement
CHE,Chennai,Tamil Nadu,8558,Chennai,5077812,2026-08-01 15:30:00+00:00,22.0,100.0,OpenAQ verified hourly measurement
CHE,Chennai,Tamil Nadu,8558,Chennai,5077812,2026-08-01 16:30:00+00:00,11.0,100.0,OpenAQ verified hourly measurement
CHE,Chennai,Tamil Nadu,8558,Chennai,5077812,2026-08-01 17:30:00+00:00,11.0,100.0,OpenAQ verified hourly measurement
CHE,Chennai,Tamil Nadu,8558,Chennai,5077812,2026-08-01 18:30:00+00:00,9.0,100.0,OpenAQ verified hourly measurement
CHE,Chennai,Tamil Nadu,8558,Chennai,5077812,2026-08-01 19:30:00+00:00,12.0,100.0,OpenAQ verified hourly measurement
CHE,Chennai,Tamil Nadu,8558,Chennai,5077812,2026-08-01 20:30:00+00:00,12.0,100.0,OpenAQ verified hourly measurement
CHE,Chennai,Tamil Nadu,8558,Chennai,5077812,2026-08-01 21:30:00+00:00,14.0,100.0,OpenAQ verified hourly measurement
CHE,Chennai,Tamil Nadu,8558,Chennai,5077812,2026-08-01 22:30:00+00:00,17.0,100.0,OpenAQ verified hourly measurement
CHE,Chennai,Tamil Nadu,8558,Chennai,5077812,2026-08-01 23:30:00+00:00,24.0,100.0,OpenAQ verified hourly measurement
CHE,Chennai,Tamil Nadu,8558,Chennai,5077812,2026-08-02 00:30:00+00:00,21.0,100.0,OpenAQ verified hourly measurement
CHE,Chennai,Tamil Nadu,8558,Chennai,5077812,2026-08-02 01:30:00+00:00,23.0,100.0,OpenAQ verified hourly measurement
CHE,Chennai,Tamil Nadu,8558,Chennai,5077812,2026-08-02 02:30:00+00:00,30.0,100.0,OpenAQ verified hourly measurement
CHE,Chennai,Tamil Nadu,8558,Chennai,5077812,2026-08-02 03:30:00+00:00,26.0,100.0,OpenAQ verified hourly measurement
CHE,Chennai,Tamil Nadu,8558,Chennai,5077812,2026-08-02 04:30:00+00:00,9.0,100.0,OpenAQ verified hourly measurement
CHE,Chennai,Tamil Nadu,8558,Chennai,5077812,2026-08-02 05:30:00+00:00,19.0,100.0,OpenAQ verified hourly measurement
CHE,Chennai,Tamil Nadu,8558,Chennai,5077812,2026-08-02 06:30:00+00:00,17.0,100.0,OpenAQ verified hourly measurement
CHE,Chennai,Tamil Nadu,8558,Chennai,5077812,2026-08-02 07:30:00+00:00,20.0,100.0,OpenAQ verified hourly measurement
CHE,Chennai,Tamil Nadu,8558,Chennai,5077812,2026-08-02 08:30:00+00:00,17.0,100.0,OpenAQ verified hourly measurement
CHE,Chennai,Tamil Nadu,8558,Chennai,5077812,2026-08-02 09:30:00+00:00,20.0,100.0,OpenAQ verified hourly measurement
CHE,Chennai,Tamil Nadu,8558,Chennai,5077812,2026-08-02 10:30:00+00:00,16.0,100.0,OpenAQ verified hourly measurement
CHE,Chennai,Tamil Nadu,8558,Chennai,5077812,2026-08-02 11:30:00+00:00,17.0,100.0,OpenAQ verified hourly measurement
CHE,Chennai,Tamil Nadu,8558,Chennai,5077812,2026-08-02 12:30:00+00:00,18.0,100.0,OpenAQ verified hourly measurement
CHE,Chennai,Tamil Nadu,8558,Chennai,5077812,2026-08-02 13:30:00+00:00,20.0,100.0,OpenAQ verified hourly measurement
CHE,Chennai,Tamil Nadu,8558,Chennai,5077812,2026-08-02 14:30:00+00:00,20.0,100.0,OpenAQ verified hourly measurement
CHE,Chennai,Tamil Nadu,8558,Chennai,5077812,2026-08-02 15:30:00+00:00,25.0,100.0,OpenAQ verified hourly measurement
CHE,Chennai,Tamil Nadu,8558,Chennai,5077812,2026-08-02 16:30:00+00:00,28.0,100.0,OpenAQ verified hourly measurement
CHE,Chennai,Tamil Nadu,8558,Chennai,5077812,2026-08-02 17:30:00+00:00,24.0,100.0,OpenAQ verified hourly measurement
CHE,Chennai,Tamil Nadu,8558,Chennai,5077812,2026-08-02 18:30:00+00:00,24.0,100.0,OpenAQ verified hourly measurement
CHE,Chennai,Tamil Nadu,8558,Chennai,5077812,2026-08-02 19:30:00+00:00,12.0,100.0,OpenAQ verified hourly measurement
CHE,Chennai,Tamil Nadu,8558,Chennai,5077812,2026-08-02 20:30:00+00:00,15.0,100.0,OpenAQ verified hourly measurement
CHE,Chennai,Tamil Nadu,8558,Chennai,5077812,2026-08-02 21:30:00+00:00,34.0,100.0,OpenAQ verified hourly measurement
CHE,Chennai,Tamil Nadu,8558,Chennai,5077812,2026-08-02 22:30:00+00:00,14.0,100.0,OpenAQ verified hourly measurement
CHE,Chennai,Tamil Nadu,8558,Chennai,5077812,2026-08-02 23:30:00+00:00,13.0,100.0,OpenAQ verified hourly measurement
CHE,Chennai,Tamil Nadu,8558,Chennai,5077812,2026-08-03 00:30:00+00:00,21.0,100.0,OpenAQ verified hourly measurement
CHE,Chennai,Tamil Nadu,8558,Chennai,5077812,2026-08-03 01:30:00+00:00,33.0,100.0,OpenAQ verified hourly measurement
CHE,Chennai,Tamil Nadu,8558,Chennai,5077812,2026-08-03 02:30:00+00:00,43.0,100.0,OpenAQ verified hourly measurement
CHE,Chennai,Tamil Nadu,8558,Chennai,5077812,2026-08-03 03:30:00+00:00,29.0,100.0,OpenAQ verified hourly measurement
CHE,Chennai,Tamil Nadu,8558,Chennai,5077812,2026-08-03 04:30:00+00:00,31.0,100.0,OpenAQ verified hourly measurement
CHE,Chennai,Tamil Nadu,8558,Chennai,5077812,2026-08-03 05:30:00+00:00,32.0,100.0,OpenAQ verified hourly measurement
CHE,Chennai,Tamil Nadu,8558,Chennai,5077812,2026-08-03 06:30:00+00:00,24.0,100.0,OpenAQ verified hourly measurement
CHE,Chennai,Tamil Nadu,8558,Chennai,5077812,2026-08-03 07:30:00+00:00,26.0,100.0,OpenAQ verified hourly measurement
CHE,Chennai,Tamil Nadu,8558,Chennai,5077812,2026-08-03 08:30:00+00:00,26.0,100.0,OpenAQ verified hourly measurement
CHE,Chennai,Tamil Nadu,8558,Chennai,5077812,2026-08-03 09:30:00+00:00,24.0,100.0,OpenAQ verified hourly measurement
CHE,Chennai,Tamil Nadu,8558,Chennai,5077812,2026-08-03 10:30:00+00:00,23.0,100.0,OpenAQ verified hourly measurement
CHE,Chennai,Tamil Nadu,8558,Chennai,5077812,2026-08-03 11:30:00+00:00,16.0,100.0,OpenAQ verified hourly measurement
CHE,Chennai,Tamil Nadu,8558,Chennai,5077812,2026-08-03 12:30:00+00:00,19.0,100.0,OpenAQ verified hourly measurement
CHE,Chennai,Tamil Nadu,8558,Chennai,5077812,2026-08-03 13:30:00+00:00,11.0,100.0,OpenAQ verified hourly measurement
CHE,Chennai,Tamil Nadu,8558,Chennai,5077812,2026-08-03 14:30:00+00:00,16.0,100.0,OpenAQ verified hourly measurement
CHE,Chennai,Tamil Nadu,8558,Chennai,5077812,2026-08-03 15:30:00+00:00,20.0,100.0,OpenAQ verified hourly measurement
CHE,Chennai,Tamil Nadu,8558,Chennai,5077812,2026-08-03 16:30:00+00:00,23.0,100.0,OpenAQ verified hourly measurement
CHE,Chennai,Tamil Nadu,8558,Chennai,5077812,2026-08-03 17:30:00+00:00,22.0,100.0,OpenAQ verified hourly measurement
CHE,Chennai,Tamil Nadu,8558,Chennai,5077812,2026-08-03 18:30:00+00:00,33.0,100.0,OpenAQ verified hourly measurement
CHE,Chennai,Tamil Nadu,8558,Chennai,5077812,2026-08-03 19:30:00+00:00,20.0,100.0,OpenAQ verified hourly measurement
CHE,Chennai,Tamil Nadu,8558,Chennai,5077812,2026-08-03 20:30:00+00:00,21.0,100.0,OpenAQ verified hourly measurement
CHE,Chennai,Tamil Nadu,8558,Chennai,5077812,2026-08-03 21:30:00+00:00,19.0,100.0,OpenAQ verified hourly measurement
CHE,Chennai,Tamil Nadu,8558,Chennai,5077812,2026-08-03 22:30:00+00:00,16.0,100.0,OpenAQ verified hourly measurement
CHE,Chennai,Tamil Nadu,8558,Chennai,5077812,2026-08-03 23:30:00+00:00,13.0,100.0,OpenAQ verified hourly measurement
CHE,Chennai,Tamil Nadu,8558,Chennai,5077812,2026-08-04 00:30:00+00:00,18.0,100.0,OpenAQ verified hourly measurement
CHE,Chennai,Tamil Nadu,8558,Chennai,5077812,2026-08-04 01:30:00+00:00,22.0,100.0,OpenAQ verified hourly measurement
CHE,Chennai,Tamil Nadu,8558,Chennai,5077812,2026-08-04 02:30:00+00:00,20.0,100.0,OpenAQ verified hourly measurement
CHE,Chennai,Tamil Nadu,8558,Chennai,5077812,2026-08-04 03:30:00+00:00,26.0,100.0,OpenAQ verified hourly measurement
CHE,Chennai,Tamil Nadu,8558,Chennai,5077812,2026-08-04 04:30:00+00:00,23.0,100.0,OpenAQ verified hourly measurement
CHE,Chennai,Tamil Nadu,8558,Chennai,5077812,2026-08-04 05:30:00+00:00,20.0,100.0,OpenAQ verified hourly measurement
CHE,Chennai,Tamil Nadu,8558,Chennai,5077812,2026-08-04 06:30:00+00:00,21.0,100.0,OpenAQ verified hourly measurement
CHE,Chennai,Tamil Nadu,8558,Chennai,5077812,2026-08-04 07:30:00+00:00,26.0,100.0,OpenAQ verified hourly measurement
CHE,Chennai,Tamil Nadu,8558,Chennai,5077812,2026-08-04 08:30:00+00:00,29.0,100.0,OpenAQ verified hourly measurement
CHE,Chennai,Tamil Nadu,8558,Chennai,5077812,2026-08-04 09:30:00+00:00,33.0,100.0,OpenAQ verified hourly measurement
CHE,Chennai,Tamil Nadu,8558,Chennai,5077812,2026-08-04 10:30:00+00:00,28.0,100.0,OpenAQ verified hourly measurement
CHE,Chennai,Tamil Nadu,8558,Chennai,5077812,2026-08-04 11:30:00+00:00,23.0,100.0,OpenAQ verified hourly measurement
CHE,Chennai,Tamil Nadu,8558,Chennai,5077812,2026-08-04 12:30:00+00:00,21.0,100.0,OpenAQ verified hourly measurement
CHE,Chennai,Tamil Nadu,8558,Chennai,5077812,2026-08-04 13:30:00+00:00,22.0,100.0,OpenAQ verified hourly measurement
CHE,Chennai,Tamil Nadu,8558,Chennai,5077812,2026-08-04 14:30:00+00:00,23.0,100.0,OpenAQ verified hourly measurement
CHE,Chennai,Tamil Nadu,8558,Chennai,5077812,2026-08-04 15:30:00+00:00,25.0,100.0,OpenAQ verified hourly measurement
CHE,Chennai,Tamil Nadu,8558,Chennai,5077812,2026-08-04 16:30:00+00:00,15.0,100.0,OpenAQ verified hourly measurement
CHE,Chennai,Tamil Nadu,8558,Chennai,5077812,2026-08-04 17:30:00+00:00,10.0,100.0,OpenAQ verified hourly measurement
CHE,Chennai,Tamil Nadu,8558,Chennai,5077812,2026-08-04 18:30:00+00:00,10.0,100.0,OpenAQ verified hourly measurement
CHE,Chennai,Tamil Nadu,8558,Chennai,5077812,2026-08-04 19:30:00+00:00,12.0,100.0,OpenAQ verified hourly measurement
CHE,Chennai,Tamil Nadu,8558,Chennai,5077812,2026-08-04 20:30:00+00:00,9.0,100.0,OpenAQ verified hourly measurement
CHE,Chennai,Tamil Nadu,8558,Chennai,5077812,2026-08-04 21:30:00+00:00,12.0,100.0,OpenAQ verified hourly measurement
CHE,Chennai,Tamil Nadu,8558,Chennai,5077812,2026-08-04 22:30:00+00:00,9.0,100.0,OpenAQ verified hourly measurement
CHE,Chennai,Tamil Nadu,8558,Chennai,5077812,2026-08-04 23:30:00+00:00,17.0,100.0,OpenAQ verified hourly measurement
CHE,Chennai,Tamil Nadu,8558,Chennai,5077812,2026-08-05 00:30:00+00:00,17.0,100.0,OpenAQ verified hourly measurement
CHE,Chennai,Tamil Nadu,8558,Chennai,5077812,2026-08-05 01:30:00+00:00,27.0,100.0,OpenAQ verified hourly measurement
CHE,Chennai,Tamil Nadu,8558,Chennai,5077812,2026-08-05 02:30:00+00:00,31.0,100.0,OpenAQ verified hourly measurement
CHE,Chennai,Tamil Nadu,8558,Chennai,5077812,2026-08-05 03:30:00+00:00,18.0,100.0,OpenAQ verified hourly measurement
CHE,Chennai,Tamil Nadu,8558,Chennai,5077812,2026-08-05 04:30:00+00:00,25.0,100.0,OpenAQ verified hourly measurement
CHE,Chennai,Tamil Nadu,8558,Chennai,5077812,2026-08-05 05:30:00+00:00,26.0,100.0,OpenAQ verified hourly measurement
CHE,Chennai,Tamil Nadu,8558,Chennai,5077812,2026-08-05 06:30:00+00:00,24.0,100.0,OpenAQ verified hourly measurement
CHE,Chennai,Tamil Nadu,8558,Chennai,5077812,2026-08-05 07:30:00+00:00,26.0,100.0,OpenAQ verified hourly measurement
CHE,Chennai,Tamil Nadu,8558,Chennai,5077812,2026-08-05 08:30:00+00:00,20.0,100.0,OpenAQ verified hourly measurement
CHE,Chennai,Tamil Nadu,8558,Chennai,5077812,2026-08-05 09:30:00+00:00,23.0,100.0,OpenAQ verified hourly measurement
CHE,Chennai,Tamil Nadu,8558,Chennai,5077812,2026-08-05 10:30:00+00:00,23.0,100.0,OpenAQ verified hourly measurement
CHE,Chennai,Tamil Nadu,8558,Chennai,5077812,2026-08-05 11:30:00+00:00,21.0,100.0,OpenAQ verified hourly measurement
CHE,Chennai,Tamil Nadu,8558,Chennai,5077812,2026-08-05 12:30:00+00:00,21.0,100.0,OpenAQ verified hourly measurement
CHE,Chennai,Tamil Nadu,8558,Chennai,5077812,2026-08-05 13:30:00+00:00,21.0,100.0,OpenAQ verified hourly measurement
CHE,Chennai,Tamil Nadu,8558,Chennai,5077812,2026-08-05 14:30:00+00:00,26.0,100.0,OpenAQ verified hourly measurement
CHE,Chennai,Tamil Nadu,8558,Chennai,5077812,2026-08-05 15:30:00+00:00,35.0,100.0,OpenAQ verified hourly measurement
CHE,Chennai,Tamil Nadu,8558,Chennai,5077812,2026-08-05 16:30:00+00:00,13.0,100.0,OpenAQ verified hourly measurement
CHE,Chennai,Tamil Nadu,8558,Chennai,5077812,2026-08-05 17:30:00+00:00,10.0,100.0,OpenAQ verified hourly measurement
CHE,Chennai,Tamil Nadu,8558,Chennai,5077812,2026-08-05 18:30:00+00:00,21.0,100.0,OpenAQ verified hourly measurement
CHE,Chennai,Tamil Nadu,8558,Chennai,5077812,2026-08-05 19:30:00+00:00,20.0,100.0,OpenAQ verified hourly measurement
CHE,Chennai,Tamil Nadu,8558,Chennai,5077812,2026-08-05 20:30:00+00:00,13.0,100.0,OpenAQ verified hourly measurement
CHE,Chennai,Tamil Nadu,8558,Chennai,5077812,2026-08-05 21:30:00+00:00,18.0,100.0,OpenAQ verified hourly measurement
CHE,Chennai,Tamil Nadu,8558,Chennai,5077812,2026-08-05 22:30:00+00:00,16.0,100.0,OpenAQ verified hourly measurement
CHE,Chennai,Tamil Nadu,8558,Chennai,5077812,2026-08-05 23:30:00+00:00,22.0,100.0,OpenAQ verified hourly measurement
CHE,Chennai,Tamil Nadu,8558,Chennai,5077812,2026-08-06 00:30:00+00:00,29.0,100.0,OpenAQ verified hourly measurement
CHE,Chennai,Tamil Nadu,8558,Chennai,5077812,2026-08-06 01:30:00+00:00,37.0,100.0,OpenAQ verified hourly measurement
CHE,Chennai,Tamil Nadu,8558,Chennai,5077812,2026-08-06 02:30:00+00:00,36.0,100.0,OpenAQ verified hourly measurement
CHE,Chennai,Tamil Nadu,8558,Chennai,5077812,2026-08-06 03:30:00+00:00,30.0,100.0,OpenAQ verified hourly measurement
CHE,Chennai,Tamil Nadu,8558,Chennai,5077812,2026-08-06 04:30:00+00:00,30.0,100.0,OpenAQ verified hourly measurement
CHE,Chennai,Tamil Nadu,8558,Chennai,5077812,2026-08-06 05:30:00+00:00,25.0,100.0,OpenAQ verified hourly measurement
CHE,Chennai,Tamil Nadu,8558,Chennai,5077812,2026-08-06 06:30:00+00:00,27.0,100.0,OpenAQ verified hourly measurement
CHE,Chennai,Tamil Nadu,8558,Chennai,5077812,2026-08-06 07:30:00+00:00,29.0,100.0,OpenAQ verified hourly measurement
CHE,Chennai,Tamil Nadu,8558,Chennai,5077812,2026-08-06 08:30:00+00:00,27.0,100.0,OpenAQ verified hourly measurement
CHE,Chennai,Tamil Nadu,8558,Chennai,5077812,2026-08-06 09:30:00+00:00,26.0,100.0,OpenAQ verified hourly measurement
CHE,Chennai,Tamil Nadu,8558,Chennai,5077812,2026-08-06 10:30:00+00:00,31.0,100.0,OpenAQ verified hourly measurement
CHE,Chennai,Tamil Nadu,8558,Chennai,5077812,2026-08-06 11:30:00+00:00,22.0,100.0,OpenAQ verified hourly measurement
CHE,Chennai,Tamil Nadu,8558,Chennai,5077812,2026-08-06 12:30:00+00:00,25.0,100.0,OpenAQ verified hourly measurement
CHE,Chennai,Tamil Nadu,8558,Chennai,5077812,2026-08-06 13:30:00+00:00,27.0,100.0,OpenAQ verified hourly measurement
CHE,Chennai,Tamil Nadu,8558,Chennai,5077812,2026-08-06 14:30:00+00:00,30.0,100.0,OpenAQ verified hourly measurement
CHE,Chennai,Tamil Nadu,8558,Chennai,5077812,2026-08-06 15:30:00+00:00,16.0,100.0,OpenAQ verified hourly measurement
CHE,Chennai,Tamil Nadu,8558,Chennai,5077812,2026-08-06 16:30:00+00:00,16.0,100.0,OpenAQ verified hourly measurement
CHE,Chennai,Tamil Nadu,8558,Chennai,5077812,2026-08-06 17:30:00+00:00,12.0,100.0,OpenAQ verified hourly measurement
CHE,Chennai,Tamil Nadu,8558,Chennai,5077812,2026-08-06 18:30:00+00:00,10.0,100.0,OpenAQ verified hourly measurement
CHE,Chennai,Tamil Nadu,8558,Chennai,5077812,2026-08-06 19:30:00+00:00,16.0,100.0,OpenAQ verified hourly measurement
CHE,Chennai,Tamil Nadu,8558,Chennai,5077812,2026-08-06 20:30:00+00:00,18.0,100.0,OpenAQ verified hourly measurement
CHE,Chennai,Tamil Nadu,8558,Chennai,5077812,2026-08-06 21:30:00+00:00,18.0,100.0,OpenAQ verified hourly measurement
CHE,Chennai,Tamil Nadu,8558,Chennai,5077812,2026-08-06 22:30:00+00:00,24.0,100.0,OpenAQ verified hourly measurement
CHE,Chennai,Tamil Nadu,8558,Chennai,5077812,2026-08-06 23:30:00+00:00,23.0,100.0,OpenAQ verified hourly measurement
CHE,Chennai,Tamil Nadu,8558,Chennai,5077812,2026-08-07 00:30:00+00:00,26.0,100.0,OpenAQ verified hourly measurement
CHE,Chennai,Tamil Nadu,8558,Chennai,5077812,2026-08-07 01:30:00+00:00,27.0,100.0,OpenAQ verified hourly measurement
CHE,Chennai,Tamil Nadu,8558,Chennai,5077812,2026-08-07 02:30:00+00:00,28.0,100.0,OpenAQ verified hourly measurement
CHE,Chennai,Tamil Nadu,8558,Chennai,5077812,2026-08-07 03:30:00+00:00,30.0,100.0,OpenAQ verified hourly measurement
CHE,Chennai,Tamil Nadu,8558,Chennai,5077812,2026-08-07 04:30:00+00:00,24.0,100.0,OpenAQ verified hourly measurement
CHE,Chennai,Tamil Nadu,8558,Chennai,5077812,2026-08-07 05:30:00+00:00,24.0,100.0,OpenAQ verified hourly measurement
CHE,Chennai,Tamil Nadu,8558,Chennai,5077812,2026-08-07 06:30:00+00:00,21.0,100.0,OpenAQ verified hourly measurement
CHE,Chennai,Tamil Nadu,8558,Chennai,5077812,2026-08-07 07:30:00+00:00,26.0,100.0,OpenAQ verified hourly measurement
CHE,Chennai,Tamil Nadu,8558,Chennai,5077812,2026-08-07 08:30:00+00:00,25.0,100.0,OpenAQ verified hourly measurement
CHE,Chennai,Tamil Nadu,8558,Chennai,5077812,2026-08-07 09:30:00+00:00,20.0,100.0,OpenAQ verified hourly measurement
CHE,Chennai,Tamil Nadu,8558,Chennai,5077812,2026-08-07 10:30:00+00:00,21.0,100.0,OpenAQ verified hourly measurement
CHE,Chennai,Tamil Nadu,8558,Chennai,5077812,2026-08-07 11:30:00+00:00,23.0,100.0,OpenAQ verified hourly measurement
CHE,Chennai,Tamil Nadu,8558,Chennai,5077812,2026-08-07 12:30:00+00:00,30.0,100.0,OpenAQ verified hourly measurement
CHE,Chennai,Tamil Nadu,8558,Chennai,5077812,2026-08-07 13:30:00+00:00,30.0,100.0,OpenAQ verified hourly measurement
CHE,Chennai,Tamil Nadu,8558,Chennai,5077812,2026-08-07 14:30:00+00:00,29.0,100.0,OpenAQ verified hourly measurement
CHE,Chennai,Tamil Nadu,8558,Chennai,5077812,2026-08-07 15:30:00+00:00,25.0,100.0,OpenAQ verified hourly measurement
CHE,Chennai,Tamil Nadu,8558,Chennai,5077812,2026-08-07 16:30:00+00:00,20.0,100.0,OpenAQ verified hourly measurement
CHE,Chennai,Tamil Nadu,8558,Chennai,5077812,2026-08-07 17:30:00+00:00,17.0,100.0,OpenAQ verified hourly measurement
CHE,Chennai,Tamil Nadu,8558,Chennai,5077812,2026-08-07 18:30:00+00:00,15.0,100.0,OpenAQ verified hourly measurement
CHE,Chennai,Tamil Nadu,8558,Chennai,5077812,2026-08-07 19:30:00+00:00,19.0,100.0,OpenAQ verified hourly measurement
CHE,Chennai,Tamil Nadu,8558,Chennai,5077812,2026-08-07 20:30:00+00:00,20.0,100.0,OpenAQ verified hourly measurement
CHE,Chennai,Tamil Nadu,8558,Chennai,5077812,2026-08-07 21:30:00+00:00,15.0,100.0,OpenAQ verified hourly measurement
CHE,Chennai,Tamil Nadu,8558,Chennai,5077812,2026-08-07 22:30:00+00:00,17.0,100.0,OpenAQ verified hourly measurement
CHE,Chennai,Tamil Nadu,8558,Chennai,5077812,2026-08-07 23:30:00+00:00,20.0,100.0,OpenAQ verified hourly measurement
CHE,Chennai,Tamil Nadu,8558,Chennai,5077812,2026-08-08 00:30:00+00:00,24.0,100.0,OpenAQ verified hourly measurement
CHE,Chennai,Tamil Nadu,8558,Chennai,5077812,2026-08-08 01:30:00+00:00,26.0,100.0,OpenAQ verified hourly measurement
CHE,Chennai,Tamil Nadu,8558,Chennai,5077812,2026-08-08 02:30:00+00:00,33.0,100.0,OpenAQ verified hourly measurement
CHE,Chennai,Tamil Nadu,8558,Chennai,5077812,2026-08-08 03:30:00+00:00,29.0,100.0,OpenAQ verified hourly measurement
CHE,Chennai,Tamil Nadu,8558,Chennai,5077812,2026-08-08 04:30:00+00:00,27.0,100.0,OpenAQ verified hourly measurement
CHE,Chennai,Tamil Nadu,8558,Chennai,5077812,2026-08-08 05:30:00+00:00,22.0,100.0,OpenAQ verified hourly measurement
CHE,Chennai,Tamil Nadu,8558,Chennai,5077812,2026-08-08 06:30:00+00:00,21.0,100.0,OpenAQ verified hourly measurement
CHE,Chennai,Tamil Nadu,8558,Chennai,5077812,2026-08-08 07:30:00+00:00,23.0,100.0,OpenAQ verified hourly measurement
CHE,Chennai,Tamil Nadu,8558,Chennai,5077812,2026-08-08 08:30:00+00:00,24.0,100.0,OpenAQ verified hourly measurement
CHE,Chennai,Tamil Nadu,8558,Chennai,5077812,2026-08-08 09:30:00+00:00,18.0,100.0,OpenAQ verified hourly measurement
CHE,Chennai,Tamil Nadu,8558,Chennai,5077812,2026-08-08 10:30:00+00:00,13.0,100.0,OpenAQ verified hourly measurement
CHE,Chennai,Tamil Nadu,8558,Chennai,5077812,2026-08-08 11:30:00+00:00,23.0,100.0,OpenAQ verified hourly measurement
CHE,Chennai,Tamil Nadu,8558,Chennai,5077812,2026-08-08 12:30:00+00:00,20.0,100.0,OpenAQ verified hourly measurement
CHE,Chennai,Tamil Nadu,8558,Chennai,5077812,2026-08-08 13:30:00+00:00,24.0,100.0,OpenAQ verified hourly measurement
CHE,Chennai,Tamil Nadu,8558,Chennai,5077812,2026-08-08 14:30:00+00:00,28.0,100.0,OpenAQ verified hourly measurement
CHE,Chennai,Tamil Nadu,8558,Chennai,5077812,2026-08-08 15:30:00+00:00,24.0,100.0,OpenAQ verified hourly measurement
CHE,Chennai,Tamil Nadu,8558,Chennai,5077812,2026-08-08 16:30:00+00:00,18.0,100.0,OpenAQ verified hourly measurement
CHE,Chennai,Tamil Nadu,8558,Chennai,5077812,2026-08-08 17:30:00+00:00,10.0,100.0,OpenAQ verified hourly measurement
CHE,Chennai,Tamil Nadu,8558,Chennai,5077812,2026-08-08 18:30:00+00:00,11.0,100.0,OpenAQ verified hourly measurement
CHE,Chennai,Tamil Nadu,8558,Chennai,5077812,2026-08-08 19:30:00+00:00,15.0,100.0,OpenAQ verified hourly measurement
CHE,Chennai,Tamil Nadu,8558,Chennai,5077812,2026-08-08 20:30:00+00:00,12.0,100.0,OpenAQ verified hourly measurement
CHE,Chennai,Tamil Nadu,8558,Chennai,5077812,2026-08-08 21:30:00+00:00,12.0,100.0,OpenAQ verified hourly measurement
CHE,Chennai,Tamil Nadu,8558,Chennai,5077812,2026-08-08 22:30:00+00:00,12.0,100.0,OpenAQ verified hourly measurement
CHE,Chennai,Tamil Nadu,8558,Chennai,5077812,2026-08-08 23:30:00+00:00,17.0,100.0,OpenAQ verified hourly measurement
CHE,Chennai,Tamil Nadu,8558,Chennai,5077812,2026-08-09 00:30:00+00:00,20.0,100.0,OpenAQ verified hourly measurement
CHE,Chennai,Tamil Nadu,8558,Chennai,5077812,2026-08-09 01:30:00+00:00,29.0,100.0,OpenAQ verified hourly measurement
CHE,Chennai,Tamil Nadu,8558,Chennai,5077812,2026-08-09 02:30:00+00:00,24.0,100.0,OpenAQ verified hourly measurement
CHE,Chennai,Tamil Nadu,8558,Chennai,5077812,2026-08-09 03:30:00+00:00,24.0,100.0,OpenAQ verified hourly measurement
CHE,Chennai,Tamil Nadu,8558,Chennai,5077812,2026-08-09 04:30:00+00:00,18.0,100.0,OpenAQ verified hourly measurement
CHE,Chennai,Tamil Nadu,8558,Chennai,5077812,2026-08-09 05:30:00+00:00,20.0,100.0,OpenAQ verified hourly measurement
CHE,Chennai,Tamil Nadu,8558,Chennai,5077812,2026-08-09 06:30:00+00:00,20.0,100.0,OpenAQ verified hourly measurement
CHE,Chennai,Tamil Nadu,8558,Chennai,5077812,2026-08-09 07:30:00+00:00,20.0,100.0,OpenAQ verified hourly measurement
CHE,Chennai,Tamil Nadu,8558,Chennai,5077812,2026-08-09 08:30:00+00:00,23.0,100.0,OpenAQ verified hourly measurement
CHE,Chennai,Tamil Nadu,8558,Chennai,5077812,2026-08-09 09:30:00+00:00,17.0,100.0,OpenAQ verified hourly measurement
CHE,Chennai,Tamil Nadu,8558,Chennai,5077812,2026-08-09 10:30:00+00:00,13.0,100.0,OpenAQ verified hourly measurement
CHE,Chennai,Tamil Nadu,8558,Chennai,5077812,2026-08-09 11:30:00+00:00,17.0,100.0,OpenAQ verified hourly measurement
CHE,Chennai,Tamil Nadu,8558,Chennai,5077812,2026-08-09 12:30:00+00:00,17.0,100.0,OpenAQ verified hourly measurement
CHE,Chennai,Tamil Nadu,8558,Chennai,5077812,2026-08-09 13:30:00+00:00,17.0,100.0,OpenAQ verified hourly measurement
CHE,Chennai,Tamil Nadu,8558,Chennai,5077812,2026-08-09 14:30:00+00:00,24.0,100.0,OpenAQ verified hourly measurement
CHE,Chennai,Tamil Nadu,8558,Chennai,5077812,2026-08-09 15:30:00+00:00,17.0,100.0,OpenAQ verified hourly measurement
CHE,Chennai,Tamil Nadu,8558,Chennai,5077812,2026-08-09 16:30:00+00:00,17.0,100.0,OpenAQ verified hourly measurement
CHE,Chennai,Tamil Nadu,8558,Chennai,5077812,2026-08-09 17:30:00+00:00,17.0,100.0,OpenAQ verified hourly measurement
CHE,Chennai,Tamil Nadu,8558,Chennai,5077812,2026-08-09 18:30:00+00:00,15.0,100.0,OpenAQ verified hourly measurement
CHE,Chennai,Tamil Nadu,8558,Chennai,5077812,2026-08-09 19:30:00+00:00,19.0,100.0,OpenAQ verified hourly measurement
CHE,Chennai,Tamil Nadu,8558,Chennai,5077812,2026-08-09 20:30:00+00:00,23.0,100.0,OpenAQ verified hourly measurement
CHE,Chennai,Tamil Nadu,8558,Chennai,5077812,2026-08-09 21:30:00+00:00,19.0,100.0,OpenAQ verified hourly measurement
CHE,Chennai,Tamil Nadu,8558,Chennai,5077812,2026-08-09 22:30:00+00:00,17.0,100.0,OpenAQ verified hourly measurement
CHE,Chennai,Tamil Nadu,8558,Chennai,5077812,2026-08-09 23:30:00+00:00,15.0,100.0,OpenAQ verified hourly measurement
CHE,Chennai,Tamil Nadu,8558,Chennai,5077812,2026-08-10 00:30:00+00:00,18.0,100.0,OpenAQ verified hourly measurement
CHE,Chennai,Tamil Nadu,8558,Chennai,5077812,2026-08-10 01:30:00+00:00,27.0,100.0,OpenAQ verified hourly measurement
CHE,Chennai,Tamil Nadu,8558,Chennai,5077812,2026-08-10 02:30:00+00:00,26.0,100.0,OpenAQ verified hourly measurement
CHE,Chennai,Tamil Nadu,8558,Chennai,5077812,2026-08-10 03:30:00+00:00,30.0,100.0,OpenAQ verified hourly measurement
CHE,Chennai,Tamil Nadu,8558,Chennai,5077812,2026-08-10 04:30:00+00:00,28.0,100.0,OpenAQ verified hourly measurement
CHE,Chennai,Tamil Nadu,8558,Chennai,5077812,2026-08-10 05:30:00+00:00,21.0,100.0,OpenAQ verified hourly measurement
CHE,Chennai,Tamil Nadu,8558,Chennai,5077812,2026-08-10 06:30:00+00:00,27.0,100.0,OpenAQ verified hourly measurement
CHE,Chennai,Tamil Nadu,8558,Chennai,5077812,2026-08-10 07:30:00+00:00,21.0,100.0,OpenAQ verified hourly measurement
CHE,Chennai,Tamil Nadu,8558,Chennai,5077812,2026-08-10 08:30:00+00:00,23.0,100.0,OpenAQ verified hourly measurement
CHE,Chennai,Tamil Nadu,8558,Chennai,5077812,2026-08-10 09:30:00+00:00,17.0,100.0,OpenAQ verified hourly measurement
CHE,Chennai,Tamil Nadu,8558,Chennai,5077812,2026-08-10 10:30:00+00:00,18.0,100.0,OpenAQ verified hourly measurement
CHE,Chennai,Tamil Nadu,8558,Chennai,5077812,2026-08-10 11:30:00+00:00,19.0,100.0,OpenAQ verified hourly measurement
CHE,Chennai,Tamil Nadu,8558,Chennai,5077812,2026-08-10 12:30:00+00:00,19.0,100.0,OpenAQ verified hourly measurement
CHE,Chennai,Tamil Nadu,8558,Chennai,5077812,2026-08-10 13:30:00+00:00,20.0,100.0,OpenAQ verified hourly measurement
CHE,Chennai,Tamil Nadu,8558,Chennai,5077812,2026-08-10 14:30:00+00:00,20.0,100.0,OpenAQ verified hourly measurement
CHE,Chennai,Tamil Nadu,8558,Chennai,5077812,2026-08-10 15:30:00+00:00,7.0,100.0,OpenAQ verified hourly measurement
CHE,Chennai,Tamil Nadu,8558,Chennai,5077812,2026-08-10 16:30:00+00:00,7.0,100.0,OpenAQ verified hourly measurement
CHE,Chennai,Tamil Nadu,8558,Chennai,5077812,2026-08-10 17:30:00+00:00,12.0,100.0,OpenAQ verified hourly measurement
CHE,Chennai,Tamil Nadu,8558,Chennai,5077812,2026-08-10 18:30:00+00:00,9.0,100.0,OpenAQ verified hourly measurement
CHE,Chennai,Tamil Nadu,8558,Chennai,5077812,2026-08-10 19:30:00+00:00,7.0,100.0,OpenAQ verified hourly measurement
CHE,Chennai,Tamil Nadu,8558,Chennai,5077812,2026-08-10 20:30:00+00:00,4.0,100.0,OpenAQ verified hourly measurement
CHE,Chennai,Tamil Nadu,8558,Chennai,5077812,2026-08-10 21:30:00+00:00,15.0,100.0,OpenAQ verified hourly measurement
CHE,Chennai,Tamil Nadu,8558,Chennai,5077812,2026-08-10 22:30:00+00:00,11.0,100.0,OpenAQ verified hourly measurement
CHE,Chennai,Tamil Nadu,8558,Chennai,5077812,2026-08-10 23:30:00+00:00,15.0,100.0,OpenAQ verified hourly measurement
CHE,Chennai,Tamil Nadu,8558,Chennai,5077812,2026-08-11 00:30:00+00:00,23.0,100.0,OpenAQ verified hourly measurement
CHE,Chennai,Tamil Nadu,8558,Chennai,5077812,2026-08-11 01:30:00+00:00,27.0,100.0,OpenAQ verified hourly measurement
CHE,Chennai,Tamil Nadu,8558,Chennai,5077812,2026-08-11 02:30:00+00:00,32.0,100.0,OpenAQ verified hourly measurement
CHE,Chennai,Tamil Nadu,8558,Chennai,5077812,2026-08-11 03:30:00+00:00,33.0,100.0,OpenAQ verified hourly measurement
CHE,Chennai,Tamil Nadu,8558,Chennai,5077812,2026-08-11 04:30:00+00:00,26.0,100.0,OpenAQ verified hourly measurement
CHE,Chennai,Tamil Nadu,8558,Chennai,5077812,2026-08-11 05:30:00+00:00,29.0,100.0,OpenAQ verified hourly measurement
CHE,Chennai,Tamil Nadu,8558,Chennai,5077812,2026-08-11 06:30:00+00:00,22.0,100.0,OpenAQ verified hourly measurement
CHE,Chennai,Tamil Nadu,8558,Chennai,5077812,2026-08-11 07:30:00+00:00,19.0,100.0,OpenAQ verified hourly measurement
CHE,Chennai,Tamil Nadu,8558,Chennai,5077812,2026-08-11 08:30:00+00:00,18.0,100.0,OpenAQ verified hourly measurement
CHE,Chennai,Tamil Nadu,8558,Chennai,5077812,2026-08-11 09:30:00+00:00,23.0,100.0,OpenAQ verified hourly measurement
CHE,Chennai,Tamil Nadu,8558,Chennai,5077812,2026-08-11 10:30:00+00:00,14.0,100.0,OpenAQ verified hourly measurement
CHE,Chennai,Tamil Nadu,8558,Chennai,5077812,2026-08-11 11:30:00+00:00,18.0,100.0,OpenAQ verified hourly measurement
CHE,Chennai,Tamil Nadu,8558,Chennai,5077812,2026-08-11 12:30:00+00:00,18.0,100.0,OpenAQ verified hourly measurement
CHE,Chennai,Tamil Nadu,8558,Chennai,5077812,2026-08-11 13:30:00+00:00,28.0,100.0,OpenAQ verified hourly measurement
CHE,Chennai,Tamil Nadu,8558,Chennai,5077812,2026-08-11 14:30:00+00:00,21.0,100.0,OpenAQ verified hourly measurement
CHE,Chennai,Tamil Nadu,8558,Chennai,5077812,2026-08-11 15:30:00+00:00,26.0,100.0,OpenAQ verified hourly measurement
CHE,Chennai,Tamil Nadu,8558,Chennai,5077812,2026-08-11 16:30:00+00:00,16.0,100.0,OpenAQ verified hourly measurement
CHE,Chennai,Tamil Nadu,8558,Chennai,5077812,2026-08-11 17:30:00+00:00,14.0,100.0,OpenAQ verified hourly measurement
CHE,Chennai,Tamil Nadu,8558,Chennai,5077812,2026-08-11 18:30:00+00:00,22.0,100.0,OpenAQ verified hourly measurement
CHE,Chennai,Tamil Nadu,8558,Chennai,5077812,2026-08-11 19:30:00+00:00,16.0,100.0,OpenAQ verified hourly measurement
CHE,Chennai,Tamil Nadu,8558,Chennai,5077812,2026-08-11 20:30:00+00:00,17.0,100.0,OpenAQ verified hourly measurement
CHE,Chennai,Tamil Nadu,8558,Chennai,5077812,2026-08-11 21:30:00+00:00,13.0,100.0,OpenAQ verified hourly measurement
CHE,Chennai,Tamil Nadu,8558,Chennai,5077812,2026-08-11 22:30:00+00:00,11.0,100.0,OpenAQ verified hourly measurement
CHE,Chennai,Tamil Nadu,8558,Chennai,5077812,2026-08-11 23:30:00+00:00,16.0,100.0,OpenAQ verified hourly measurement
CHE,Chennai,Tamil Nadu,8558,Chennai,5077812,2026-08-12 00:30:00+00:00,18.0,100.0,OpenAQ verified hourly measurement
CHE,Chennai,Tamil Nadu,8558,Chennai,5077812,2026-08-12 01:30:00+00:00,27.0,100.0,OpenAQ verified hourly measurement
CHE,Chennai,Tamil Nadu,8558,Chennai,5077812,2026-08-12 02:30:00+00:00,32.0,100.0,OpenAQ verified hourly measurement
CHE,Chennai,Tamil Nadu,8558,Chennai,5077812,2026-08-12 03:30:00+00:00,29.0,100.0,OpenAQ verified hourly measurement
CHE,Chennai,Tamil Nadu,8558,Chennai,5077812,2026-08-12 04:30:00+00:00,16.0,100.0,OpenAQ verified hourly measurement
CHE,Chennai,Tamil Nadu,8558,Chennai,5077812,2026-08-12 05:30:00+00:00,25.0,100.0,OpenAQ verified hourly measurement
CHE,Chennai,Tamil Nadu,8558,Chennai,5077812,2026-08-12 06:30:00+00:00,21.0,100.0,OpenAQ verified hourly measurement
CHE,Chennai,Tamil Nadu,8558,Chennai,5077812,2026-08-12 07:30:00+00:00,19.0,100.0,OpenAQ verified hourly measurement
CHE,Chennai,Tamil Nadu,8558,Chennai,5077812,2026-08-12 08:30:00+00:00,24.0,100.0,OpenAQ verified hourly measurement
CHE,Chennai,Tamil Nadu,8558,Chennai,5077812,2026-08-12 09:30:00+00:00,20.0,100.0,OpenAQ verified hourly measurement
CHE,Chennai,Tamil Nadu,8558,Chennai,5077812,2026-08-12 10:30:00+00:00,16.0,100.0,OpenAQ verified hourly measurement
CHE,Chennai,Tamil Nadu,8558,Chennai,5077812,2026-08-12 11:30:00+00:00,14.0,100.0,OpenAQ verified hourly measurement
CHE,Chennai,Tamil Nadu,8558,Chennai,5077812,2026-08-12 12:30:00+00:00,17.0,100.0,OpenAQ verified hourly measurement
CHE,Chennai,Tamil Nadu,8558,Chennai,5077812,2026-08-12 13:30:00+00:00,21.0,100.0,OpenAQ verified hourly measurement
CHE,Chennai,Tamil Nadu,8558,Chennai,5077812,2026-08-12 14:30:00+00:00,30.0,100.0,OpenAQ verified hourly measurement
CHE,Chennai,Tamil Nadu,8558,Chennai,5077812,2026-08-12 15:30:00+00:00,47.0,100.0,OpenAQ verified hourly measurement
CHE,Chennai,Tamil Nadu,8558,Chennai,5077812,2026-08-12 16:30:00+00:00,21.0,100.0,OpenAQ verified hourly measurement
CHE,Chennai,Tamil Nadu,8558,Chennai,5077812,2026-08-12 17:30:00+00:00,17.0,100.0,OpenAQ verified hourly measurement
CHE,Chennai,Tamil Nadu,8558,Chennai,5077812,2026-08-12 18:30:00+00:00,24.0,100.0,OpenAQ verified hourly measurement
CHE,Chennai,Tamil Nadu,8558,Chennai,5077812,2026-08-12 19:30:00+00:00,16.0,100.0,OpenAQ verified hourly measurement
CHE,Chennai,Tamil Nadu,8558,Chennai,5077812,2026-08-12 20:30:00+00:00,22.0,100.0,OpenAQ verified hourly measurement
CHE,Chennai,Tamil Nadu,8558,Chennai,5077812,2026-08-12 21:30:00+00:00,26.0,100.0,OpenAQ verified hourly measurement
CHE,Chennai,Tamil Nadu,8558,Chennai,5077812,2026-08-12 22:30:00+00:00,25.0,100.0,OpenAQ verified hourly measurement
CHE,Chennai,Tamil Nadu,8558,Chennai,5077812,2026-08-12 23:30:00+00:00,26.0,100.0,OpenAQ verified hourly measurement
CHE,Chennai,Tamil Nadu,8558,Chennai,5077812,2026-08-13 00:30:00+00:00,26.0,100.0,OpenAQ verified hourly measurement
CHE,Chennai,Tamil Nadu,8558,Chennai,5077812,2026-08-13 01:30:00+00:00,34.0,100.0,OpenAQ verified hourly measurement
CHE,Chennai,Tamil Nadu,8558,Chennai,5077812,2026-08-13 02:30:00+00:00,32.0,100.0,OpenAQ verified hourly measurement
CHE,Chennai,Tamil Nadu,8558,Chennai,5077812,2026-08-13 03:30:00+00:00,26.0,100.0,OpenAQ verified hourly measurement
CHE,Chennai,Tamil Nadu,8558,Chennai,5077812,2026-08-13 04:30:00+00:00,27.0,100.0,OpenAQ verified hourly measurement
CHE,Chennai,Tamil Nadu,8558,Chennai,5077812,2026-08-13 05:30:00+00:00,27.0,100.0,OpenAQ verified hourly measurement
CHE,Chennai,Tamil Nadu,8558,Chennai,5077812,2026-08-13 06:30:00+00:00,21.0,100.0,OpenAQ verified hourly measurement
CHE,Chennai,Tamil Nadu,8558,Chennai,5077812,2026-08-13 07:30:00+00:00,14.0,100.0,OpenAQ verified hourly measurement
CHE,Chennai,Tamil Nadu,8558,Chennai,5077812,2026-08-13 08:30:00+00:00,23.0,100.0,OpenAQ verified hourly measurement
CHE,Chennai,Tamil Nadu,8558,Chennai,5077812,2026-08-13 09:30:00+00:00,17.0,100.0,OpenAQ verified hourly measurement
CHE,Chennai,Tamil Nadu,8558,Chennai,5077812,2026-08-13 10:30:00+00:00,27.0,100.0,OpenAQ verified hourly measurement
CHE,Chennai,Tamil Nadu,8558,Chennai,5077812,2026-08-13 11:30:00+00:00,18.0,100.0,OpenAQ verified hourly measurement
CHE,Chennai,Tamil Nadu,8558,Chennai,5077812,2026-08-13 12:30:00+00:00,23.0,100.0,OpenAQ verified hourly measurement
CHE,Chennai,Tamil Nadu,8558,Chennai,5077812,2026-08-13 13:30:00+00:00,23.0,100.0,OpenAQ verified hourly measurement
CHE,Chennai,Tamil Nadu,8558,Chennai,5077812,2026-08-13 14:30:00+00:00,23.0,100.0,OpenAQ verified hourly measurement
CHE,Chennai,Tamil Nadu,8558,Chennai,5077812,2026-08-13 15:30:00+00:00,28.0,100.0,OpenAQ verified hourly measurement
CHE,Chennai,Tamil Nadu,8558,Chennai,5077812,2026-08-13 16:30:00+00:00,30.0,100.0,OpenAQ verified hourly measurement
CHE,Chennai,Tamil Nadu,8558,Chennai,5077812,2026-08-13 17:30:00+00:00,16.0,100.0,OpenAQ verified hourly measurement
CHE,Chennai,Tamil Nadu,8558,Chennai,5077812,2026-08-13 18:30:00+00:00,16.0,100.0,OpenAQ verified hourly measurement
CHE,Chennai,Tamil Nadu,8558,Chennai,5077812,2026-08-13 19:30:00+00:00,22.0,100.0,OpenAQ verified hourly measurement
CHE,Chennai,Tamil Nadu,8558,Chennai,5077812,2026-08-13 20:30:00+00:00,27.0,100.0,OpenAQ verified hourly measurement
CHE,Chennai,Tamil Nadu,8558,Chennai,5077812,2026-08-13 21:30:00+00:00,23.0,100.0,OpenAQ verified hourly measurement
CHE,Chennai,Tamil Nadu,8558,Chennai,5077812,2026-08-13 22:30:00+00:00,23.0,100.0,OpenAQ verified hourly measurement
CHE,Chennai,Tamil Nadu,8558,Chennai,5077812,2026-08-13 23:30:00+00:00,28.0,100.0,OpenAQ verified hourly measurement
CHE,Chennai,Tamil Nadu,8558,Chennai,5077812,2026-08-14 00:30:00+00:00,28.0,100.0,OpenAQ verified hourly measurement
CHE,Chennai,Tamil Nadu,8558,Chennai,5077812,2026-08-14 01:30:00+00:00,34.0,100.0,OpenAQ verified hourly measurement
CHE,Chennai,Tamil Nadu,8558,Chennai,5077812,2026-08-14 02:30:00+00:00,24.0,100.0,OpenAQ verified hourly measurement
CHE,Chennai,Tamil Nadu,8558,Chennai,5077812,2026-08-14 03:30:00+00:00,28.0,100.0,OpenAQ verified hourly measurement
CHE,Chennai,Tamil Nadu,8558,Chennai,5077812,2026-08-14 04:30:00+00:00,24.0,100.0,OpenAQ verified hourly measurement
CHE,Chennai,Tamil Nadu,8558,Chennai,5077812,2026-08-14 05:30:00+00:00,28.0,100.0,OpenAQ verified hourly measurement
CHE,Chennai,Tamil Nadu,8558,Chennai,5077812,2026-08-14 06:30:00+00:00,19.0,100.0,OpenAQ verified hourly measurement
CHE,Chennai,Tamil Nadu,8558,Chennai,5077812,2026-08-14 07:30:00+00:00,21.0,100.0,OpenAQ verified hourly measurement
CHE,Chennai,Tamil Nadu,8558,Chennai,5077812,2026-08-14 08:30:00+00:00,28.0,100.0,OpenAQ verified hourly measurement
CHE,Chennai,Tamil Nadu,8558,Chennai,5077812,2026-08-14 09:30:00+00:00,91.0,100.0,OpenAQ verified hourly measurement
CHE,Chennai,Tamil Nadu,8558,Chennai,5077812,2026-08-14 10:30:00+00:00,14.0,100.0,OpenAQ verified hourly measurement
CHE,Chennai,Tamil Nadu,8558,Chennai,5077812,2026-08-14 11:30:00+00:00,22.0,100.0,OpenAQ verified hourly measurement
CHE,Chennai,Tamil Nadu,8558,Chennai,5077812,2026-08-14 12:30:00+00:00,22.0,100.0,OpenAQ verified hourly measurement
CHE,Chennai,Tamil Nadu,8558,Chennai,5077812,2026-08-14 13:30:00+00:00,38.0,100.0,OpenAQ verified hourly measurement
CHE,Chennai,Tamil Nadu,8558,Chennai,5077812,2026-08-14 14:30:00+00:00,22.0,100.0,OpenAQ verified hourly measurement
CHE,Chennai,Tamil Nadu,8558,Chennai,5077812,2026-08-14 15:30:00+00:00,23.0,100.0,OpenAQ verified hourly measurement
CHE,Chennai,Tamil Nadu,8558,Chennai,5077812,2026-08-14 16:30:00+00:00,11.0,100.0,OpenAQ verified hourly measurement
CHE,Chennai,Tamil Nadu,8558,Chennai,5077812,2026-08-14 17:30:00+00:00,13.0,100.0,OpenAQ verified hourly measurement
CHE,Chennai,Tamil Nadu,8558,Chennai,5077812,2026-08-14 18:30:00+00:00,12.0,100.0,OpenAQ verified hourly measurement
CHE,Chennai,Tamil Nadu,8558,Chennai,5077812,2026-08-14 19:30:00+00:00,12.0,100.0,OpenAQ verified hourly measurement
CHE,Chennai,Tamil Nadu,8558,Chennai,5077812,2026-08-14 20:30:00+00:00,10.0,100.0,OpenAQ verified hourly measurement
CHE,Chennai,Tamil Nadu,8558,Chennai,5077812,2026-08-14 21:30:00+00:00,15.0,100.0,OpenAQ verified hourly measurement
CHE,Chennai,Tamil Nadu,8558,Chennai,5077812,2026-08-14 22:30:00+00:00,12.0,100.0,OpenAQ verified hourly measurement
CHE,Chennai,Tamil Nadu,8558,Chennai,5077812,2026-08-14 23:30:00+00:00,21.0,100.0,OpenAQ verified hourly measurement
CHE,Chennai,Tamil Nadu,8558,Chennai,5077812,2026-08-15 00:30:00+00:00,22.0,100.0,OpenAQ verified hourly measurement
CHE,Chennai,Tamil Nadu,8558,Chennai,5077812,2026-08-15 01:30:00+00:00,33.0,100.0,OpenAQ verified hourly measurement
CHE,Chennai,Tamil Nadu,8558,Chennai,5077812,2026-08-15 02:30:00+00:00,27.0,100.0,OpenAQ verified hourly measurement
CHE,Chennai,Tamil Nadu,8558,Chennai,5077812,2026-08-15 03:30:00+00:00,27.0,100.0,OpenAQ verified hourly measurement
CHE,Chennai,Tamil Nadu,8558,Chennai,5077812,2026-08-15 04:30:00+00:00,18.0,100.0,OpenAQ verified hourly measurement
CHE,Chennai,Tamil Nadu,8558,Chennai,5077812,2026-08-15 05:30:00+00:00,21.0,100.0,OpenAQ verified hourly measurement
CHE,Chennai,Tamil Nadu,8558,Chennai,5077812,2026-08-15 06:30:00+00:00,21.0,100.0,OpenAQ verified hourly measurement
CHE,Chennai,Tamil Nadu,8558,Chennai,5077812,2026-08-15 07:30:00+00:00,24.0,100.0,OpenAQ verified hourly measurement
CHE,Chennai,Tamil Nadu,8558,Chennai,5077812,2026-08-15 08:30:00+00:00,22.0,100.0,OpenAQ verified hourly measurement
CHE,Chennai,Tamil Nadu,8558,Chennai,5077812,2026-08-15 09:30:00+00:00,24.0,100.0,OpenAQ verified hourly measurement
CHE,Chennai,Tamil Nadu,8558,Chennai,5077812,2026-08-15 10:30:00+00:00,26.0,100.0,OpenAQ verified hourly measurement
CHE,Chennai,Tamil Nadu,8558,Chennai,5077812,2026-08-15 11:30:00+00:00,18.0,100.0,OpenAQ verified hourly measurement
CHE,Chennai,Tamil Nadu,8558,Chennai,5077812,2026-08-15 12:30:00+00:00,22.0,100.0,OpenAQ verified hourly measurement
CHE,Chennai,Tamil Nadu,8558,Chennai,5077812,2026-08-15 13:30:00+00:00,28.0,100.0,OpenAQ verified hourly measurement
CHE,Chennai,Tamil Nadu,8558,Chennai,5077812,2026-08-15 14:30:00+00:00,28.0,100.0,OpenAQ verified hourly measurement
CHE,Chennai,Tamil Nadu,8558,Chennai,5077812,2026-08-15 15:30:00+00:00,20.0,100.0,OpenAQ verified hourly measurement
CHE,Chennai,Tamil Nadu,8558,Chennai,5077812,2026-08-15 16:30:00+00:00,13.0,100.0,OpenAQ verified hourly measurement
CHE,Chennai,Tamil Nadu,8558,Chennai,5077812,2026-08-15 17:30:00+00:00,12.0,100.0,OpenAQ verified hourly measurement
CHE,Chennai,Tamil Nadu,8558,Chennai,5077812,2026-08-15 18:30:00+00:00,16.0,100.0,OpenAQ verified hourly measurement
CHE,Chennai,Tamil Nadu,8558,Chennai,5077812,2026-08-15 19:30:00+00:00,14.0,100.0,OpenAQ verified hourly measurement
CHE,Chennai,Tamil Nadu,8558,Chennai,5077812,2026-08-15 20:30:00+00:00,15.0,100.0,OpenAQ verified hourly measurement
CHE,Chennai,Tamil Nadu,8558,Chennai,5077812,2026-08-15 21:30:00+00:00,20.0,100.0,OpenAQ verified hourly measurement
CHE,Chennai,Tamil Nadu,8558,Chennai,5077812,2026-08-15 22:30:00+00:00,22.0,100.0,OpenAQ verified hourly measurement
CHE,Chennai,Tamil Nadu,8558,Chennai,5077812,2026-08-15 23:30:00+00:00,21.0,100.0,OpenAQ verified hourly measurement
CHE,Chennai,Tamil Nadu,8558,Chennai,5077812,2026-08-16 00:30:00+00:00,26.0,100.0,OpenAQ verified hourly measurement
CHE,Chennai,Tamil Nadu,8558,Chennai,5077812,2026-08-16 01:30:00+00:00,19.0,100.0,OpenAQ verified hourly measurement
CHE,Chennai,Tamil Nadu,8558,Chennai,5077812,2026-08-16 02:30:00+00:00,23.0,100.0,OpenAQ verified hourly measurement
CHE,Chennai,Tamil Nadu,8558,Chennai,5077812,2026-08-16 03:30:00+00:00,18.0,100.0,OpenAQ verified hourly measurement
CHE,Chennai,Tamil Nadu,8558,Chennai,5077812,2026-08-16 04:30:00+00:00,21.0,100.0,OpenAQ verified hourly measurement
CHE,Chennai,Tamil Nadu,8558,Chennai,5077812,2026-08-16 05:30:00+00:00,19.0,100.0,OpenAQ verified hourly measurement
CHE,Chennai,Tamil Nadu,8558,Chennai,5077812,2026-08-16 06:30:00+00:00,17.0,100.0,OpenAQ verified hourly measurement
CHE,Chennai,Tamil Nadu,8558,Chennai,5077812,2026-08-16 07:30:00+00:00,20.0,100.0,OpenAQ verified hourly measurement
CHE,Chennai,Tamil Nadu,8558,Chennai,5077812,2026-08-16 08:30:00+00:00,16.0,100.0,OpenAQ verified hourly measurement
CHE,Chennai,Tamil Nadu,8558,Chennai,5077812,2026-08-16 09:30:00+00:00,23.0,100.0,OpenAQ verified hourly measurement
CHE,Chennai,Tamil Nadu,8558,Chennai,5077812,2026-08-16 10:30:00+00:00,17.0,100.0,OpenAQ verified hourly measurement
CHE,Chennai,Tamil Nadu,8558,Chennai,5077812,2026-08-16 11:30:00+00:00,15.0,100.0,OpenAQ verified hourly measurement
CHE,Chennai,Tamil Nadu,8558,Chennai,5077812,2026-08-16 12:30:00+00:00,23.0,100.0,OpenAQ verified hourly measurement
CHE,Chennai,Tamil Nadu,8558,Chennai,5077812,2026-08-16 13:30:00+00:00,27.0,100.0,OpenAQ verified hourly measurement
CHE,Chennai,Tamil Nadu,8558,Chennai,5077812,2026-08-16 14:30:00+00:00,17.0,100.0,OpenAQ verified hourly measurement
CHE,Chennai,Tamil Nadu,8558,Chennai,5077812,2026-08-16 15:30:00+00:00,20.0,100.0,OpenAQ verified hourly measurement
CHE,Chennai,Tamil Nadu,8558,Chennai,5077812,2026-08-16 16:30:00+00:00,15.0,100.0,OpenAQ verified hourly measurement
CHE,Chennai,Tamil Nadu,8558,Chennai,5077812,2026-08-16 17:30:00+00:00,17.0,100.0,OpenAQ verified hourly measurement
CHE,Chennai,Tamil Nadu,8558,Chennai,5077812,2026-08-16 18:30:00+00:00,12.0,100.0,OpenAQ verified hourly measurement
CHE,Chennai,Tamil Nadu,8558,Chennai,5077812,2026-08-16 19:30:00+00:00,10.0,100.0,OpenAQ verified hourly measurement
CHE,Chennai,Tamil Nadu,8558,Chennai,5077812,2026-08-16 20:30:00+00:00,19.0,100.0,OpenAQ verified hourly measurement
CHE,Chennai,Tamil Nadu,8558,Chennai,5077812,2026-08-16 21:30:00+00:00,15.0,100.0,OpenAQ verified hourly measurement
CHE,Chennai,Tamil Nadu,8558,Chennai,5077812,2026-08-16 22:30:00+00:00,13.0,100.0,OpenAQ verified hourly measurement
CHE,Chennai,Tamil Nadu,8558,Chennai,5077812,2026-08-16 23:30:00+00:00,19.0,100.0,OpenAQ verified hourly measurement
CHE,Chennai,Tamil Nadu,8558,Chennai,5077812,2026-08-17 00:30:00+00:00,17.0,100.0,OpenAQ verified hourly measurement
CHE,Chennai,Tamil Nadu,8558,Chennai,5077812,2026-08-17 01:30:00+00:00,32.0,100.0,OpenAQ verified hourly measurement
CHE,Chennai,Tamil Nadu,8558,Chennai,5077812,2026-08-17 02:30:00+00:00,26.0,100.0,OpenAQ verified hourly measurement
CHE,Chennai,Tamil Nadu,8558,Chennai,5077812,2026-08-17 03:30:00+00:00,28.0,100.0,OpenAQ verified hourly measurement
CHE,Chennai,Tamil Nadu,8558,Chennai,5077812,2026-08-17 04:30:00+00:00,20.0,100.0,OpenAQ verified hourly measurement
CHE,Chennai,Tamil Nadu,8558,Chennai,5077812,2026-08-17 05:30:00+00:00,20.0,100.0,OpenAQ verified hourly measurement
CHE,Chennai,Tamil Nadu,8558,Chennai,5077812,2026-08-17 06:30:00+00:00,23.0,100.0,OpenAQ verified hourly measurement
CHE,Chennai,Tamil Nadu,8558,Chennai,5077812,2026-08-17 07:30:00+00:00,19.0,100.0,OpenAQ verified hourly measurement
CHE,Chennai,Tamil Nadu,8558,Chennai,5077812,2026-08-17 08:30:00+00:00,27.0,100.0,OpenAQ verified hourly measurement
CHE,Chennai,Tamil Nadu,8558,Chennai,5077812,2026-08-17 09:30:00+00:00,25.0,100.0,OpenAQ verified hourly measurement
CHE,Chennai,Tamil Nadu,8558,Chennai,5077812,2026-08-17 10:30:00+00:00,22.0,100.0,OpenAQ verified hourly measurement
CHE,Chennai,Tamil Nadu,8558,Chennai,5077812,2026-08-17 11:30:00+00:00,26.0,100.0,OpenAQ verified hourly measurement
CHE,Chennai,Tamil Nadu,8558,Chennai,5077812,2026-08-17 12:30:00+00:00,21.0,100.0,OpenAQ verified hourly measurement
CHE,Chennai,Tamil Nadu,8558,Chennai,5077812,2026-08-17 13:30:00+00:00,17.0,100.0,OpenAQ verified hourly measurement
CHE,Chennai,Tamil Nadu,8558,Chennai,5077812,2026-08-17 14:30:00+00:00,15.0,100.0,OpenAQ verified hourly measurement
CHE,Chennai,Tamil Nadu,8558,Chennai,5077812,2026-08-17 15:30:00+00:00,16.0,100.0,OpenAQ verified hourly measurement
CHE,Chennai,Tamil Nadu,8558,Chennai,5077812,2026-08-17 16:30:00+00:00,13.0,100.0,OpenAQ verified hourly measurement
CHE,Chennai,Tamil Nadu,8558,Chennai,5077812,2026-08-17 17:30:00+00:00,12.0,100.0,OpenAQ verified hourly measurement
CHE,Chennai,Tamil Nadu,8558,Chennai,5077812,2026-08-17 18:30:00+00:00,16.0,100.0,OpenAQ verified hourly measurement
CHE,Chennai,Tamil Nadu,8558,Chennai,5077812,2026-08-17 19:30:00+00:00,12.0,100.0,OpenAQ verified hourly measurement
CHE,Chennai,Tamil Nadu,8558,Chennai,5077812,2026-08-17 20:30:00+00:00,13.0,100.0,OpenAQ verified hourly measurement
CHE,Chennai,Tamil Nadu,8558,Chennai,5077812,2026-08-17 21:30:00+00:00,15.0,100.0,OpenAQ verified hourly measurement
CHE,Chennai,Tamil Nadu,8558,Chennai,5077812,2026-08-17 22:30:00+00:00,8.0,100.0,OpenAQ verified hourly measurement
CHE,Chennai,Tamil Nadu,8558,Chennai,5077812,2026-08-17 23:30:00+00:00,17.0,100.0,OpenAQ verified hourly measurement
CHE,Chennai,Tamil Nadu,8558,Chennai,5077812,2026-08-18 00:30:00+00:00,22.0,100.0,OpenAQ verified hourly measurement
CHE,Chennai,Tamil Nadu,8558,Chennai,5077812,2026-08-18 01:30:00+00:00,27.0,100.0,OpenAQ verified hourly measurement
CHE,Chennai,Tamil Nadu,8558,Chennai,5077812,2026-08-18 02:30:00+00:00,30.0,100.0,OpenAQ verified hourly measurement
CHE,Chennai,Tamil Nadu,8558,Chennai,5077812,2026-08-18 03:30:00+00:00,26.0,100.0,OpenAQ verified hourly measurement
CHE,Chennai,Tamil Nadu,8558,Chennai,5077812,2026-08-18 04:30:00+00:00,27.0,100.0,OpenAQ verified hourly measurement
CHE,Chennai,Tamil Nadu,8558,Chennai,5077812,2026-08-18 05:30:00+00:00,31.0,100.0,OpenAQ verified hourly measurement
CHE,Chennai,Tamil Nadu,8558,Chennai,5077812,2026-08-18 06:30:00+00:00,27.0,100.0,OpenAQ verified hourly measurement
CHE,Chennai,Tamil Nadu,8558,Chennai,5077812,2026-08-18 07:30:00+00:00,30.0,100.0,OpenAQ verified hourly measurement
CHE,Chennai,Tamil Nadu,8558,Chennai,5077812,2026-08-18 08:30:00+00:00,30.0,100.0,OpenAQ verified hourly measurement
CHE,Chennai,Tamil Nadu,8558,Chennai,5077812,2026-08-18 09:30:00+00:00,35.0,100.0,OpenAQ verified hourly measurement
CHE,Chennai,Tamil Nadu,8558,Chennai,5077812,2026-08-18 10:30:00+00:00,38.0,100.0,OpenAQ verified hourly measurement
CHE,Chennai,Tamil Nadu,8558,Chennai,5077812,2026-08-18 11:30:00+00:00,47.0,100.0,OpenAQ verified hourly measurement
CHE,Chennai,Tamil Nadu,8558,Chennai,5077812,2026-08-18 12:30:00+00:00,25.0,100.0,OpenAQ verified hourly measurement
CHE,Chennai,Tamil Nadu,8558,Chennai,5077812,2026-08-18 13:30:00+00:00,17.0,100.0,OpenAQ verified hourly measurement
CHE,Chennai,Tamil Nadu,8558,Chennai,5077812,2026-08-18 14:30:00+00:00,23.0,100.0,OpenAQ verified hourly measurement
CHE,Chennai,Tamil Nadu,8558,Chennai,5077812,2026-08-18 15:30:00+00:00,21.0,100.0,OpenAQ verified hourly measurement
CHE,Chennai,Tamil Nadu,8558,Chennai,5077812,2026-08-18 16:30:00+00:00,23.0,100.0,OpenAQ verified hourly measurement
CHE,Chennai,Tamil Nadu,8558,Chennai,5077812,2026-08-18 17:30:00+00:00,21.0,100.0,OpenAQ verified hourly measurement
CHE,Chennai,Tamil Nadu,8558,Chennai,5077812,2026-08-18 18:30:00+00:00,18.0,100.0,OpenAQ verified hourly measurement
CHE,Chennai,Tamil Nadu,8558,Chennai,5077812,2026-08-18 19:30:00+00:00,10.0,100.0,OpenAQ verified hourly measurement
CHE,Chennai,Tamil Nadu,8558,Chennai,5077812,2026-08-18 20:30:00+00:00,15.0,100.0,OpenAQ verified hourly measurement
CHE,Chennai,Tamil Nadu,8558,Chennai,5077812,2026-08-18 21:30:00+00:00,22.0,100.0,OpenAQ verified hourly measurement
CHE,Chennai,Tamil Nadu,8558,Chennai,5077812,2026-08-18 22:30:00+00:00,13.0,100.0,OpenAQ verified hourly measurement
CHE,Chennai,Tamil Nadu,8558,Chennai,5077812,2026-08-18 23:30:00+00:00,15.0,100.0,OpenAQ verified hourly measurement
CHE,Chennai,Tamil Nadu,8558,Chennai,5077812,2026-08-19 00:30:00+00:00,18.0,100.0,OpenAQ verified hourly measurement
CHE,Chennai,Tamil Nadu,8558,Chennai,5077812,2026-08-19 01:30:00+00:00,26.0,100.0,OpenAQ verified hourly measurement
CHE,Chennai,Tamil Nadu,8558,Chennai,5077812,2026-08-19 02:30:00+00:00,28.0,100.0,OpenAQ verified hourly measurement
CHE,Chennai,Tamil Nadu,8558,Chennai,5077812,2026-08-19 03:30:00+00:00,38.0,100.0,OpenAQ verified hourly measurement
CHE,Chennai,Tamil Nadu,8558,Chennai,5077812,2026-08-19 04:30:00+00:00,47.0,100.0,OpenAQ verified hourly measurement
CHE,Chennai,Tamil Nadu,8558,Chennai,5077812,2026-08-19 05:30:00+00:00,37.0,100.0,OpenAQ verified hourly measurement
CHE,Chennai,Tamil Nadu,8558,Chennai,5077812,2026-08-19 06:30:00+00:00,28.0,100.0,OpenAQ verified hourly measurement
CHE,Chennai,Tamil Nadu,8558,Chennai,5077812,2026-08-19 07:30:00+00:00,25.0,100.0,OpenAQ verified hourly measurement
CHE,Chennai,Tamil Nadu,8558,Chennai,5077812,2026-08-19 08:30:00+00:00,25.0,100.0,OpenAQ verified hourly measurement
CHE,Chennai,Tamil Nadu,8558,Chennai,5077812,2026-08-19 09:30:00+00:00,22.0,100.0,OpenAQ verified hourly measurement
CHE,Chennai,Tamil Nadu,8558,Chennai,5077812,2026-08-19 10:30:00+00:00,26.0,100.0,OpenAQ verified hourly measurement
CHE,Chennai,Tamil Nadu,8558,Chennai,5077812,2026-08-19 11:30:00+00:00,26.0,100.0,OpenAQ verified hourly measurement
CHE,Chennai,Tamil Nadu,8558,Chennai,5077812,2026-08-19 12:30:00+00:00,18.0,100.0,OpenAQ verified hourly measurement
CHE,Chennai,Tamil Nadu,8558,Chennai,5077812,2026-08-19 13:30:00+00:00,28.0,100.0,OpenAQ verified hourly measurement
CHE,Chennai,Tamil Nadu,8558,Chennai,5077812,2026-08-19 14:30:00+00:00,30.0,100.0,OpenAQ verified hourly measurement
CHE,Chennai,Tamil Nadu,8558,Chennai,5077812,2026-08-19 15:30:00+00:00,25.0,100.0,OpenAQ verified hourly measurement
CHE,Chennai,Tamil Nadu,8558,Chennai,5077812,2026-08-19 16:30:00+00:00,18.0,100.0,OpenAQ verified hourly measurement
CHE,Chennai,Tamil Nadu,8558,Chennai,5077812,2026-08-19 17:30:00+00:00,14.0,100.0,OpenAQ verified hourly measurement
CHE,Chennai,Tamil Nadu,8558,Chennai,5077812,2026-08-19 18:30:00+00:00,11.0,100.0,OpenAQ verified hourly measurement
CHE,Chennai,Tamil Nadu,8558,Chennai,5077812,2026-08-19 19:30:00+00:00,14.0,100.0,OpenAQ verified hourly measurement
CHE,Chennai,Tamil Nadu,8558,Chennai,5077812,2026-08-19 20:30:00+00:00,14.0,100.0,OpenAQ verified hourly measurement
CHE,Chennai,Tamil Nadu,8558,Chennai,5077812,2026-08-19 21:30:00+00:00,10.0,100.0,OpenAQ verified hourly measurement
CHE,Chennai,Tamil Nadu,8558,Chennai,5077812,2026-08-19 22:30:00+00:00,13.0,100.0,OpenAQ verified hourly measurement
CHE,Chennai,Tamil Nadu,8558,Chennai,5077812,2026-08-19 23:30:00+00:00,13.0,100.0,OpenAQ verified hourly measurement
CHE,Chennai,Tamil Nadu,8558,Chennai,5077812,2026-08-20 00:30:00+00:00,19.0,100.0,OpenAQ verified hourly measurement
CHE,Chennai,Tamil Nadu,8558,Chennai,5077812,2026-08-20 01:30:00+00:00,25.0,100.0,OpenAQ verified hourly measurement
CHE,Chennai,Tamil Nadu,8558,Chennai,5077812,2026-08-20 02:30:00+00:00,19.0,100.0,OpenAQ verified hourly measurement
CHE,Chennai,Tamil Nadu,8558,Chennai,5077812,2026-08-20 03:30:00+00:00,31.0,100.0,OpenAQ verified hourly measurement
CHE,Chennai,Tamil Nadu,8558,Chennai,5077812,2026-08-20 04:30:00+00:00,28.0,100.0,OpenAQ verified hourly measurement
CHE,Chennai,Tamil Nadu,8558,Chennai,5077812,2026-08-20 05:30:00+00:00,25.0,100.0,OpenAQ verified hourly measurement
CHE,Chennai,Tamil Nadu,8558,Chennai,5077812,2026-08-20 06:30:00+00:00,23.0,100.0,OpenAQ verified hourly measurement
CHE,Chennai,Tamil Nadu,8558,Chennai,5077812,2026-08-20 07:30:00+00:00,24.0,100.0,OpenAQ verified hourly measurement
CHE,Chennai,Tamil Nadu,8558,Chennai,5077812,2026-08-20 08:30:00+00:00,22.0,100.0,OpenAQ verified hourly measurement
CHE,Chennai,Tamil Nadu,8558,Chennai,5077812,2026-08-20 09:30:00+00:00,23.0,100.0,OpenAQ verified hourly measurement
CHE,Chennai,Tamil Nadu,8558,Chennai,5077812,2026-08-20 10:30:00+00:00,20.0,100.0,OpenAQ verified hourly measurement
CHE,Chennai,Tamil Nadu,8558,Chennai,5077812,2026-08-20 11:30:00+00:00,22.0,100.0,OpenAQ verified hourly measurement
CHE,Chennai,Tamil Nadu,8558,Chennai,5077812,2026-08-20 12:30:00+00:00,24.0,100.0,OpenAQ verified hourly measurement
CHE,Chennai,Tamil Nadu,8558,Chennai,5077812,2026-08-20 13:30:00+00:00,25.0,100.0,OpenAQ verified hourly measurement
CHE,Chennai,Tamil Nadu,8558,Chennai,5077812,2026-08-20 14:30:00+00:00,17.0,100.0,OpenAQ verified hourly measurement
CHE,Chennai,Tamil Nadu,8558,Chennai,5077812,2026-08-20 15:30:00+00:00,26.0,100.0,OpenAQ verified hourly measurement
CHE,Chennai,Tamil Nadu,8558,Chennai,5077812,2026-08-20 16:30:00+00:00,11.0,100.0,OpenAQ verified hourly measurement
CHE,Chennai,Tamil Nadu,8558,Chennai,5077812,2026-08-20 17:30:00+00:00,10.0,100.0,OpenAQ verified hourly measurement
CHE,Chennai,Tamil Nadu,8558,Chennai,5077812,2026-08-20 18:30:00+00:00,20.0,100.0,OpenAQ verified hourly measurement
CHE,Chennai,Tamil Nadu,8558,Chennai,5077812,2026-08-20 19:30:00+00:00,17.0,100.0,OpenAQ verified hourly measurement
CHE,Chennai,Tamil Nadu,8558,Chennai,5077812,2026-08-20 20:30:00+00:00,14.0,100.0,OpenAQ verified hourly measurement
CHE,Chennai,Tamil Nadu,8558,Chennai,5077812,2026-08-20 21:30:00+00:00,16.0,100.0,OpenAQ verified hourly measurement
CHE,Chennai,Tamil Nadu,8558,Chennai,5077812,2026-08-20 22:30:00+00:00,20.0,100.0,OpenAQ verified hourly measurement
CHE,Chennai,Tamil Nadu,8558,Chennai,5077812,2026-08-20 23:30:00+00:00,22.0,100.0,OpenAQ verified hourly measurement
CHE,Chennai,Tamil Nadu,8558,Chennai,5077812,2026-08-21 00:30:00+00:00,19.0,100.0,OpenAQ verified hourly measurement
CHE,Chennai,Tamil Nadu,8558,Chennai,5077812,2026-08-21 01:30:00+00:00,32.0,100.0,OpenAQ verified hourly measurement
CHE,Chennai,Tamil Nadu,8558,Chennai,5077812,2026-08-21 02:30:00+00:00,31.0,100.0,OpenAQ verified hourly measurement
CHE,Chennai,Tamil Nadu,8558,Chennai,5077812,2026-08-21 03:30:00+00:00,31.0,100.0,OpenAQ verified hourly measurement
CHE,Chennai,Tamil Nadu,8558,Chennai,5077812,2026-08-21 04:30:00+00:00,27.0,100.0,OpenAQ verified hourly measurement
CHE,Chennai,Tamil Nadu,8558,Chennai,5077812,2026-08-21 05:30:00+00:00,19.0,100.0,OpenAQ verified hourly measurement
CHE,Chennai,Tamil Nadu,8558,Chennai,5077812,2026-08-21 06:30:00+00:00,21.0,100.0,OpenAQ verified hourly measurement
CHE,Chennai,Tamil Nadu,8558,Chennai,5077812,2026-08-21 07:30:00+00:00,19.0,100.0,OpenAQ verified hourly measurement
CHE,Chennai,Tamil Nadu,8558,Chennai,5077812,2026-08-21 08:30:00+00:00,18.0,100.0,OpenAQ verified hourly measurement
CHE,Chennai,Tamil Nadu,8558,Chennai,5077812,2026-08-21 09:30:00+00:00,24.0,100.0,OpenAQ verified hourly measurement
CHE,Chennai,Tamil Nadu,8558,Chennai,5077812,2026-08-21 10:30:00+00:00,23.0,100.0,OpenAQ verified hourly measurement
CHE,Chennai,Tamil Nadu,8558,Chennai,5077812,2026-08-21 11:30:00+00:00,24.0,100.0,OpenAQ verified hourly measurement
CHE,Chennai,Tamil Nadu,8558,Chennai,5077812,2026-08-21 12:30:00+00:00,5.0,100.0,OpenAQ verified hourly measurement
CHE,Chennai,Tamil Nadu,8558,Chennai,5077812,2026-08-21 13:30:00+00:00,19.0,100.0,OpenAQ verified hourly measurement
CHE,Chennai,Tamil Nadu,8558,Chennai,5077812,2026-08-21 14:30:00+00:00,15.0,100.0,OpenAQ verified hourly measurement
CHE,Chennai,Tamil Nadu,8558,Chennai,5077812,2026-08-21 15:30:00+00:00,24.0,100.0,OpenAQ verified hourly measurement
CHE,Chennai,Tamil Nadu,8558,Chennai,5077812,2026-08-21 16:30:00+00:00,19.0,100.0,OpenAQ verified hourly measurement
CHE,Chennai,Tamil Nadu,8558,Chennai,5077812,2026-08-21 17:30:00+00:00,22.0,100.0,OpenAQ verified hourly measurement
CHE,Chennai,Tamil Nadu,8558,Chennai,5077812,2026-08-21 18:30:00+00:00,21.0,100.0,OpenAQ verified hourly measurement
CHE,Chennai,Tamil Nadu,8558,Chennai,5077812,2026-08-21 19:30:00+00:00,20.0,100.0,OpenAQ verified hourly measurement
CHE,Chennai,Tamil Nadu,8558,Chennai,5077812,2026-08-21 20:30:00+00:00,25.0,100.0,OpenAQ verified hourly measurement
CHE,Chennai,Tamil Nadu,8558,Chennai,5077812,2026-08-21 21:30:00+00:00,22.0,100.0,OpenAQ verified hourly measurement
CHE,Chennai,Tamil Nadu,8558,Chennai,5077812,2026-08-21 22:30:00+00:00,26.0,100.0,OpenAQ verified hourly measurement
CHE,Chennai,Tamil Nadu,8558,Chennai,5077812,2026-08-21 23:30:00+00:00,33.0,100.0,OpenAQ verified hourly measurement
CHE,Chennai,Tamil Nadu,8558,Chennai,5077812,2026-08-22 00:30:00+00:00,25.0,100.0,OpenAQ verified hourly measurement
CHE,Chennai,Tamil Nadu,8558,Chennai,5077812,2026-08-22 01:30:00+00:00,24.0,100.0,OpenAQ verified hourly measurement
CHE,Chennai,Tamil Nadu,8558,Chennai,5077812,2026-08-22 02:30:00+00:00,25.0,100.0,OpenAQ verified hourly measurement
CHE,Chennai,Tamil Nadu,8558,Chennai,5077812,2026-08-22 03:30:00+00:00,25.0,100.0,OpenAQ verified hourly measurement
CHE,Chennai,Tamil Nadu,8558,Chennai,5077812,2026-08-22 04:30:00+00:00,22.0,100.0,OpenAQ verified hourly measurement
CHE,Chennai,Tamil Nadu,8558,Chennai,5077812,2026-08-22 05:30:00+00:00,20.0,100.0,OpenAQ verified hourly measurement
CHE,Chennai,Tamil Nadu,8558,Chennai,5077812,2026-08-22 06:30:00+00:00,20.0,100.0,OpenAQ verified hourly measurement
CHE,Chennai,Tamil Nadu,8558,Chennai,5077812,2026-08-22 07:30:00+00:00,24.0,100.0,OpenAQ verified hourly measurement
CHE,Chennai,Tamil Nadu,8558,Chennai,5077812,2026-08-22 08:30:00+00:00,29.0,100.0,OpenAQ verified hourly measurement
CHE,Chennai,Tamil Nadu,8558,Chennai,5077812,2026-08-22 09:30:00+00:00,26.0,100.0,OpenAQ verified hourly measurement
CHE,Chennai,Tamil Nadu,8558,Chennai,5077812,2026-08-22 10:30:00+00:00,22.0,100.0,OpenAQ verified hourly measurement
CHE,Chennai,Tamil Nadu,8558,Chennai,5077812,2026-08-22 11:30:00+00:00,15.0,100.0,OpenAQ verified hourly measurement
CHE,Chennai,Tamil Nadu,8558,Chennai,5077812,2026-08-22 12:30:00+00:00,20.0,100.0,OpenAQ verified hourly measurement
CHE,Chennai,Tamil Nadu,8558,Chennai,5077812,2026-08-22 13:30:00+00:00,19.0,100.0,OpenAQ verified hourly measurement
CHE,Chennai,Tamil Nadu,8558,Chennai,5077812,2026-08-22 14:30:00+00:00,21.0,100.0,OpenAQ verified hourly measurement
CHE,Chennai,Tamil Nadu,8558,Chennai,5077812,2026-08-22 15:30:00+00:00,30.0,100.0,OpenAQ verified hourly measurement
CHE,Chennai,Tamil Nadu,8558,Chennai,5077812,2026-08-22 16:30:00+00:00,20.0,100.0,OpenAQ verified hourly measurement
CHE,Chennai,Tamil Nadu,8558,Chennai,5077812,2026-08-22 17:30:00+00:00,20.0,100.0,OpenAQ verified hourly measurement
CHE,Chennai,Tamil Nadu,8558,Chennai,5077812,2026-08-22 18:30:00+00:00,17.0,100.0,OpenAQ verified hourly measurement
CHE,Chennai,Tamil Nadu,8558,Chennai,5077812,2026-08-22 19:30:00+00:00,20.0,100.0,OpenAQ verified hourly measurement
CHE,Chennai,Tamil Nadu,8558,Chennai,5077812,2026-08-22 20:30:00+00:00,25.0,100.0,OpenAQ verified hourly measurement
CHE,Chennai,Tamil Nadu,8558,Chennai,5077812,2026-08-22 21:30:00+00:00,19.0,100.0,OpenAQ verified hourly measurement
CHE,Chennai,Tamil Nadu,8558,Chennai,5077812,2026-08-22 22:30:00+00:00,24.0,100.0,OpenAQ verified hourly measurement
CHE,Chennai,Tamil Nadu,8558,Chennai,5077812,2026-08-22 23:30:00+00:00,26.0,100.0,OpenAQ verified hourly measurement
CHE,Chennai,Tamil Nadu,8558,Chennai,5077812,2026-08-23 00:30:00+00:00,29.0,100.0,OpenAQ verified hourly measurement
CHE,Chennai,Tamil Nadu,8558,Chennai,5077812,2026-08-23 01:30:00+00:00,33.0,100.0,OpenAQ verified hourly measurement
CHE,Chennai,Tamil Nadu,8558,Chennai,5077812,2026-08-23 02:30:00+00:00,24.0,100.0,OpenAQ verified hourly measurement
CHE,Chennai,Tamil Nadu,8558,Chennai,5077812,2026-08-23 03:30:00+00:00,25.0,100.0,OpenAQ verified hourly measurement
CHE,Chennai,Tamil Nadu,8558,Chennai,5077812,2026-08-23 04:30:00+00:00,23.0,100.0,OpenAQ verified hourly measurement
CHE,Chennai,Tamil Nadu,8558,Chennai,5077812,2026-08-23 05:30:00+00:00,20.0,100.0,OpenAQ verified hourly measurement
CHE,Chennai,Tamil Nadu,8558,Chennai,5077812,2026-08-23 06:30:00+00:00,23.0,100.0,OpenAQ verified hourly measurement
CHE,Chennai,Tamil Nadu,8558,Chennai,5077812,2026-08-23 07:30:00+00:00,26.0,100.0,OpenAQ verified hourly measurement
CHE,Chennai,Tamil Nadu,8558,Chennai,5077812,2026-08-23 08:30:00+00:00,18.0,100.0,OpenAQ verified hourly measurement
CHE,Chennai,Tamil Nadu,8558,Chennai,5077812,2026-08-23 09:30:00+00:00,22.0,100.0,OpenAQ verified hourly measurement
CHE,Chennai,Tamil Nadu,8558,Chennai,5077812,2026-08-23 10:30:00+00:00,21.0,100.0,OpenAQ verified hourly measurement
CHE,Chennai,Tamil Nadu,8558,Chennai,5077812,2026-08-23 11:30:00+00:00,27.0,100.0,OpenAQ verified hourly measurement
CHE,Chennai,Tamil Nadu,8558,Chennai,5077812,2026-08-23 12:30:00+00:00,33.0,100.0,OpenAQ verified hourly measurement
CHE,Chennai,Tamil Nadu,8558,Chennai,5077812,2026-08-23 13:30:00+00:00,47.0,100.0,OpenAQ verified hourly measurement
CHE,Chennai,Tamil Nadu,8558,Chennai,5077812,2026-08-23 14:30:00+00:00,19.0,100.0,OpenAQ verified hourly measurement
CHE,Chennai,Tamil Nadu,8558,Chennai,5077812,2026-08-23 15:30:00+00:00,12.0,100.0,OpenAQ verified hourly measurement
CHE,Chennai,Tamil Nadu,8558,Chennai,5077812,2026-08-23 16:30:00+00:00,17.0,100.0,OpenAQ verified hourly measurement
CHE,Chennai,Tamil Nadu,8558,Chennai,5077812,2026-08-23 17:30:00+00:00,9.0,100.0,OpenAQ verified hourly measurement
CHE,Chennai,Tamil Nadu,8558,Chennai,5077812,2026-08-23 18:30:00+00:00,16.0,100.0,OpenAQ verified hourly measurement
CHE,Chennai,Tamil Nadu,8558,Chennai,5077812,2026-08-23 19:30:00+00:00,13.0,100.0,OpenAQ verified hourly measurement
CHE,Chennai,Tamil Nadu,8558,Chennai,5077812,2026-08-23 20:30:00+00:00,16.0,100.0,OpenAQ verified hourly measurement
CHE,Chennai,Tamil Nadu,8558,Chennai,5077812,2026-08-23 21:30:00+00:00,15.0,100.0,OpenAQ verified hourly measurement
CHE,Chennai,Tamil Nadu,8558,Chennai,5077812,2026-08-23 22:30:00+00:00,20.0,100.0,OpenAQ verified hourly measurement
CHE,Chennai,Tamil Nadu,8558,Chennai,5077812,2026-08-23 23:30:00+00:00,25.0,100.0,OpenAQ verified hourly measurement
CHE,Chennai,Tamil Nadu,8558,Chennai,5077812,2026-08-24 00:30:00+00:00,31.0,100.0,OpenAQ verified hourly measurement
CHE,Chennai,Tamil Nadu,8558,Chennai,5077812,2026-08-24 01:30:00+00:00,26.0,100.0,OpenAQ verified hourly measurement
CHE,Chennai,Tamil Nadu,8558,Chennai,5077812,2026-08-24 02:30:00+00:00,26.0,100.0,OpenAQ verified hourly measurement
CHE,Chennai,Tamil Nadu,8558,Chennai,5077812,2026-08-24 03:30:00+00:00,28.0,100.0,OpenAQ verified hourly measurement
CHE,Chennai,Tamil Nadu,8558,Chennai,5077812,2026-08-24 04:30:00+00:00,30.0,100.0,OpenAQ verified hourly measurement
CHE,Chennai,Tamil Nadu,8558,Chennai,5077812,2026-08-24 05:30:00+00:00,14.0,100.0,OpenAQ verified hourly measurement
CHE,Chennai,Tamil Nadu,8558,Chennai,5077812,2026-08-24 06:30:00+00:00,18.0,100.0,OpenAQ verified hourly measurement
CHE,Chennai,Tamil Nadu,8558,Chennai,5077812,2026-08-24 07:30:00+00:00,19.0,100.0,OpenAQ verified hourly measurement
CHE,Chennai,Tamil Nadu,8558,Chennai,5077812,2026-08-24 08:30:00+00:00,21.0,100.0,OpenAQ verified hourly measurement
CHE,Chennai,Tamil Nadu,8558,Chennai,5077812,2026-08-24 09:30:00+00:00,19.0,100.0,OpenAQ verified hourly measurement
CHE,Chennai,Tamil Nadu,8558,Chennai,5077812,2026-08-24 10:30:00+00:00,23.0,100.0,OpenAQ verified hourly measurement
CHE,Chennai,Tamil Nadu,8558,Chennai,5077812,2026-08-24 11:30:00+00:00,34.0,100.0,OpenAQ verified hourly measurement
CHE,Chennai,Tamil Nadu,8558,Chennai,5077812,2026-08-24 13:30:00+00:00,41.0,100.0,OpenAQ verified hourly measurement
CHE,Chennai,Tamil Nadu,8558,Chennai,5077812,2026-08-24 14:30:00+00:00,7.0,100.0,OpenAQ verified hourly measurement
CHE,Chennai,Tamil Nadu,8558,Chennai,5077812,2026-08-24 15:30:00+00:00,28.0,100.0,OpenAQ verified hourly measurement
CHE,Chennai,Tamil Nadu,8558,Chennai,5077812,2026-08-24 16:30:00+00:00,24.0,100.0,OpenAQ verified hourly measurement
CHE,Chennai,Tamil Nadu,8558,Chennai,5077812,2026-08-24 18:30:00+00:00,20.0,100.0,OpenAQ verified hourly measurement
CHE,Chennai,Tamil Nadu,8558,Chennai,5077812,2026-08-24 19:30:00+00:00,7.0,100.0,OpenAQ verified hourly measurement
CHE,Chennai,Tamil Nadu,8558,Chennai,5077812,2026-08-24 20:30:00+00:00,11.0,100.0,OpenAQ verified hourly measurement
CHE,Chennai,Tamil Nadu,8558,Chennai,5077812,2026-08-24 21:30:00+00:00,12.0,100.0,OpenAQ verified hourly measurement
CHE,Chennai,Tamil Nadu,8558,Chennai,5077812,2026-08-24 22:30:00+00:00,13.0,100.0,OpenAQ verified hourly measurement
CHE,Chennai,Tamil Nadu,8558,Chennai,5077812,2026-08-24 23:30:00+00:00,16.0,100.0,OpenAQ verified hourly measurement
CHE,Chennai,Tamil Nadu,8558,Chennai,5077812,2026-08-25 00:30:00+00:00,22.0,100.0,OpenAQ verified hourly measurement
CHE,Chennai,Tamil Nadu,8558,Chennai,5077812,2026-08-25 01:30:00+00:00,23.0,100.0,OpenAQ verified hourly measurement
CHE,Chennai,Tamil Nadu,8558,Chennai,5077812,2026-08-25 02:30:00+00:00,29.0,100.0,OpenAQ verified hourly measurement
CHE,Chennai,Tamil Nadu,8558,Chennai,5077812,2026-08-25 03:30:00+00:00,27.0,100.0,OpenAQ verified hourly measurement
CHE,Chennai,Tamil Nadu,8558,Chennai,5077812,2026-08-25 04:30:00+00:00,25.0,100.0,OpenAQ verified hourly measurement
DEL,Delhi NCR,Delhi,6254594,"Talkatora Garden, Delhi - DPCC",15554208,2026-07-27 07:30:00+00:00,17.0,25.0,OpenAQ verified hourly measurement
DEL,Delhi NCR,Delhi,6254594,"Talkatora Garden, Delhi - DPCC",15554208,2026-07-27 08:30:00+00:00,23.0,75.0,OpenAQ verified hourly measurement
DEL,Delhi NCR,Delhi,6254594,"Talkatora Garden, Delhi - DPCC",15554208,2026-07-27 09:30:00+00:00,19.4,25.0,OpenAQ verified hourly measurement
DEL,Delhi NCR,Delhi,6254594,"Talkatora Garden, Delhi - DPCC",15554208,2026-07-27 10:30:00+00:00,15.3,100.0,OpenAQ verified hourly measurement
DEL,Delhi NCR,Delhi,6254594,"Talkatora Garden, Delhi - DPCC",15554208,2026-07-27 11:30:00+00:00,21.3,75.0,OpenAQ verified hourly measurement
DEL,Delhi NCR,Delhi,6254594,"Talkatora Garden, Delhi - DPCC",15554208,2026-07-27 12:30:00+00:00,16.7,100.0,OpenAQ verified hourly measurement
DEL,Delhi NCR,Delhi,6254594,"Talkatora Garden, Delhi - DPCC",15554208,2026-07-27 13:30:00+00:00,22.9,100.0,OpenAQ verified hourly measurement
DEL,Delhi NCR,Delhi,6254594,"Talkatora Garden, Delhi - DPCC",15554208,2026-07-27 14:30:00+00:00,38.8,100.0,OpenAQ verified hourly measurement
DEL,Delhi NCR,Delhi,6254594,"Talkatora Garden, Delhi - DPCC",15554208,2026-07-27 23:30:00+00:00,25.1,75.0,OpenAQ verified hourly measurement
DEL,Delhi NCR,Delhi,6254594,"Talkatora Garden, Delhi - DPCC",15554208,2026-07-28 01:30:00+00:00,25.3,50.0,OpenAQ verified hourly measurement
DEL,Delhi NCR,Delhi,6254594,"Talkatora Garden, Delhi - DPCC",15554208,2026-07-28 02:30:00+00:00,25.8,75.0,OpenAQ verified hourly measurement
DEL,Delhi NCR,Delhi,6254594,"Talkatora Garden, Delhi - DPCC",15554208,2026-07-28 03:30:00+00:00,16.2,50.0,OpenAQ verified hourly measurement
DEL,Delhi NCR,Delhi,6254594,"Talkatora Garden, Delhi - DPCC",15554208,2026-07-28 04:30:00+00:00,17.8,25.0,OpenAQ verified hourly measurement
DEL,Delhi NCR,Delhi,6254594,"Talkatora Garden, Delhi - DPCC",15554208,2026-07-28 06:30:00+00:00,27.0,50.0,OpenAQ verified hourly measurement
DEL,Delhi NCR,Delhi,6254594,"Talkatora Garden, Delhi - DPCC",15554208,2026-07-28 07:30:00+00:00,16.7,50.0,OpenAQ verified hourly measurement
DEL,Delhi NCR,Delhi,6254594,"Talkatora Garden, Delhi - DPCC",15554208,2026-07-28 08:30:00+00:00,11.6,100.0,OpenAQ verified hourly measurement
DEL,Delhi NCR,Delhi,6254594,"Talkatora Garden, Delhi - DPCC",15554208,2026-07-28 18:30:00+00:00,19.4,25.0,OpenAQ verified hourly measurement
DEL,Delhi NCR,Delhi,6254594,"Talkatora Garden, Delhi - DPCC",15554208,2026-07-28 19:30:00+00:00,18.7,100.0,OpenAQ verified hourly measurement
DEL,Delhi NCR,Delhi,6254594,"Talkatora Garden, Delhi - DPCC",15554208,2026-07-28 20:30:00+00:00,24.1,100.0,OpenAQ verified hourly measurement
DEL,Delhi NCR,Delhi,6254594,"Talkatora Garden, Delhi - DPCC",15554208,2026-07-28 21:30:00+00:00,25.9,75.0,OpenAQ verified hourly measurement
DEL,Delhi NCR,Delhi,6254594,"Talkatora Garden, Delhi - DPCC",15554208,2026-07-28 22:30:00+00:00,27.6,100.0,OpenAQ verified hourly measurement
DEL,Delhi NCR,Delhi,6254594,"Talkatora Garden, Delhi - DPCC",15554208,2026-07-28 23:30:00+00:00,37.8,100.0,OpenAQ verified hourly measurement
DEL,Delhi NCR,Delhi,6254594,"Talkatora Garden, Delhi - DPCC",15554208,2026-07-29 00:30:00+00:00,39.5,100.0,OpenAQ verified hourly measurement
DEL,Delhi NCR,Delhi,6254594,"Talkatora Garden, Delhi - DPCC",15554208,2026-07-29 01:30:00+00:00,36.6,100.0,OpenAQ verified hourly measurement
DEL,Delhi NCR,Delhi,6254594,"Talkatora Garden, Delhi - DPCC",15554208,2026-07-29 02:30:00+00:00,37.2,25.0,OpenAQ verified hourly measurement
DEL,Delhi NCR,Delhi,6254594,"Talkatora Garden, Delhi - DPCC",15554208,2026-07-29 09:30:00+00:00,33.0,25.0,OpenAQ verified hourly measurement
DEL,Delhi NCR,Delhi,6254594,"Talkatora Garden, Delhi - DPCC",15554208,2026-07-29 10:30:00+00:00,32.8,50.0,OpenAQ verified hourly measurement
DEL,Delhi NCR,Delhi,6254594,"Talkatora Garden, Delhi - DPCC",15554208,2026-07-29 13:30:00+00:00,36.2,75.0,OpenAQ verified hourly measurement
DEL,Delhi NCR,Delhi,6254594,"Talkatora Garden, Delhi - DPCC",15554208,2026-07-29 14:30:00+00:00,37.4,100.0,OpenAQ verified hourly measurement
DEL,Delhi NCR,Delhi,6254594,"Talkatora Garden, Delhi - DPCC",15554208,2026-07-29 16:30:00+00:00,43.1,100.0,OpenAQ verified hourly measurement
DEL,Delhi NCR,Delhi,6254594,"Talkatora Garden, Delhi - DPCC",15554208,2026-07-29 17:30:00+00:00,34.3,75.0,OpenAQ verified hourly measurement
DEL,Delhi NCR,Delhi,6254594,"Talkatora Garden, Delhi - DPCC",15554208,2026-07-29 18:30:00+00:00,52.2,50.0,OpenAQ verified hourly measurement
DEL,Delhi NCR,Delhi,6254594,"Talkatora Garden, Delhi - DPCC",15554208,2026-07-29 19:30:00+00:00,52.0,50.0,OpenAQ verified hourly measurement
DEL,Delhi NCR,Delhi,6254594,"Talkatora Garden, Delhi - DPCC",15554208,2026-07-29 20:30:00+00:00,53.2,100.0,OpenAQ verified hourly measurement
DEL,Delhi NCR,Delhi,6254594,"Talkatora Garden, Delhi - DPCC",15554208,2026-07-29 21:30:00+00:00,56.0,100.0,OpenAQ verified hourly measurement
DEL,Delhi NCR,Delhi,6254594,"Talkatora Garden, Delhi - DPCC",15554208,2026-07-29 22:30:00+00:00,52.3,50.0,OpenAQ verified hourly measurement
DEL,Delhi NCR,Delhi,6254594,"Talkatora Garden, Delhi - DPCC",15554208,2026-07-30 01:30:00+00:00,33.2,25.0,OpenAQ verified hourly measurement
DEL,Delhi NCR,Delhi,6254594,"Talkatora Garden, Delhi - DPCC",15554208,2026-07-30 05:30:00+00:00,27.1,50.0,OpenAQ verified hourly measurement
DEL,Delhi NCR,Delhi,6254594,"Talkatora Garden, Delhi - DPCC",15554208,2026-07-30 06:30:00+00:00,29.2,50.0,OpenAQ verified hourly measurement
DEL,Delhi NCR,Delhi,6254594,"Talkatora Garden, Delhi - DPCC",15554208,2026-07-30 11:30:00+00:00,29.6,100.0,OpenAQ verified hourly measurement
DEL,Delhi NCR,Delhi,6254594,"Talkatora Garden, Delhi - DPCC",15554208,2026-07-30 12:30:00+00:00,29.4,100.0,OpenAQ verified hourly measurement
DEL,Delhi NCR,Delhi,6254594,"Talkatora Garden, Delhi - DPCC",15554208,2026-07-30 13:30:00+00:00,33.3,100.0,OpenAQ verified hourly measurement
DEL,Delhi NCR,Delhi,6254594,"Talkatora Garden, Delhi - DPCC",15554208,2026-07-30 14:30:00+00:00,33.4,100.0,OpenAQ verified hourly measurement
DEL,Delhi NCR,Delhi,6254594,"Talkatora Garden, Delhi - DPCC",15554208,2026-07-30 15:30:00+00:00,36.7,100.0,OpenAQ verified hourly measurement
DEL,Delhi NCR,Delhi,6254594,"Talkatora Garden, Delhi - DPCC",15554208,2026-07-30 16:30:00+00:00,39.4,100.0,OpenAQ verified hourly measurement
DEL,Delhi NCR,Delhi,6254594,"Talkatora Garden, Delhi - DPCC",15554208,2026-07-30 17:30:00+00:00,32.6,75.0,OpenAQ verified hourly measurement
DEL,Delhi NCR,Delhi,6254594,"Talkatora Garden, Delhi - DPCC",15554208,2026-07-30 18:30:00+00:00,29.5,50.0,OpenAQ verified hourly measurement
DEL,Delhi NCR,Delhi,6254594,"Talkatora Garden, Delhi - DPCC",15554208,2026-07-30 19:30:00+00:00,30.4,50.0,OpenAQ verified hourly measurement
DEL,Delhi NCR,Delhi,6254594,"Talkatora Garden, Delhi - DPCC",15554208,2026-07-30 20:30:00+00:00,26.7,100.0,OpenAQ verified hourly measurement
DEL,Delhi NCR,Delhi,6254594,"Talkatora Garden, Delhi - DPCC",15554208,2026-07-30 21:30:00+00:00,23.1,25.0,OpenAQ verified hourly measurement
DEL,Delhi NCR,Delhi,6254594,"Talkatora Garden, Delhi - DPCC",15554208,2026-07-30 22:30:00+00:00,25.7,25.0,OpenAQ verified hourly measurement
DEL,Delhi NCR,Delhi,6254594,"Talkatora Garden, Delhi - DPCC",15554208,2026-07-30 23:30:00+00:00,24.7,50.0,OpenAQ verified hourly measurement
DEL,Delhi NCR,Delhi,6254594,"Talkatora Garden, Delhi - DPCC",15554208,2026-07-31 01:30:00+00:00,16.5,25.0,OpenAQ verified hourly measurement
DEL,Delhi NCR,Delhi,6254594,"Talkatora Garden, Delhi - DPCC",15554208,2026-07-31 05:30:00+00:00,9.6,50.0,OpenAQ verified hourly measurement
DEL,Delhi NCR,Delhi,6254594,"Talkatora Garden, Delhi - DPCC",15554208,2026-07-31 09:30:00+00:00,28.6,25.0,OpenAQ verified hourly measurement
DEL,Delhi NCR,Delhi,6254594,"Talkatora Garden, Delhi - DPCC",15554208,2026-07-31 10:30:00+00:00,26.4,100.0,OpenAQ verified hourly measurement
DEL,Delhi NCR,Delhi,6254594,"Talkatora Garden, Delhi - DPCC",15554208,2026-07-31 11:30:00+00:00,26.5,100.0,OpenAQ verified hourly measurement
DEL,Delhi NCR,Delhi,6254594,"Talkatora Garden, Delhi - DPCC",15554208,2026-07-31 12:30:00+00:00,25.0,100.0,OpenAQ verified hourly measurement
DEL,Delhi NCR,Delhi,6254594,"Talkatora Garden, Delhi - DPCC",15554208,2026-07-31 13:30:00+00:00,20.1,50.0,OpenAQ verified hourly measurement
DEL,Delhi NCR,Delhi,6254594,"Talkatora Garden, Delhi - DPCC",15554208,2026-07-31 14:30:00+00:00,20.4,100.0,OpenAQ verified hourly measurement
DEL,Delhi NCR,Delhi,6254594,"Talkatora Garden, Delhi - DPCC",15554208,2026-07-31 15:30:00+00:00,22.8,100.0,OpenAQ verified hourly measurement
DEL,Delhi NCR,Delhi,6254594,"Talkatora Garden, Delhi - DPCC",15554208,2026-07-31 16:30:00+00:00,24.9,100.0,OpenAQ verified hourly measurement
DEL,Delhi NCR,Delhi,6254594,"Talkatora Garden, Delhi - DPCC",15554208,2026-07-31 17:30:00+00:00,24.4,50.0,OpenAQ verified hourly measurement
DEL,Delhi NCR,Delhi,6254594,"Talkatora Garden, Delhi - DPCC",15554208,2026-07-31 20:30:00+00:00,30.1,75.0,OpenAQ verified hourly measurement
DEL,Delhi NCR,Delhi,6254594,"Talkatora Garden, Delhi - DPCC",15554208,2026-07-31 21:30:00+00:00,29.8,100.0,OpenAQ verified hourly measurement
DEL,Delhi NCR,Delhi,6254594,"Talkatora Garden, Delhi - DPCC",15554208,2026-07-31 22:30:00+00:00,28.7,75.0,OpenAQ verified hourly measurement
DEL,Delhi NCR,Delhi,6254594,"Talkatora Garden, Delhi - DPCC",15554208,2026-08-01 01:30:00+00:00,22.9,50.0,OpenAQ verified hourly measurement
DEL,Delhi NCR,Delhi,6254594,"Talkatora Garden, Delhi - DPCC",15554208,2026-08-01 02:30:00+00:00,25.9,100.0,OpenAQ verified hourly measurement
DEL,Delhi NCR,Delhi,6254594,"Talkatora Garden, Delhi - DPCC",15554208,2026-08-01 03:30:00+00:00,35.3,100.0,OpenAQ verified hourly measurement
DEL,Delhi NCR,Delhi,6254594,"Talkatora Garden, Delhi - DPCC",15554208,2026-08-01 04:30:00+00:00,40.4,25.0,OpenAQ verified hourly measurement
DEL,Delhi NCR,Delhi,6254594,"Talkatora Garden, Delhi - DPCC",15554208,2026-08-01 09:30:00+00:00,43.9,25.0,OpenAQ verified hourly measurement
DEL,Delhi NCR,Delhi,6254594,"Talkatora Garden, Delhi - DPCC",15554208,2026-08-01 10:30:00+00:00,30.8,100.0,OpenAQ verified hourly measurement
DEL,Delhi NCR,Delhi,6254594,"Talkatora Garden, Delhi - DPCC",15554208,2026-08-01 11:30:00+00:00,25.7,100.0,OpenAQ verified hourly measurement
DEL,Delhi NCR,Delhi,6254594,"Talkatora Garden, Delhi - DPCC",15554208,2026-08-01 12:30:00+00:00,35.7,50.0,OpenAQ verified hourly measurement
DEL,Delhi NCR,Delhi,6254594,"Talkatora Garden, Delhi - DPCC",15554208,2026-08-01 17:30:00+00:00,54.8,25.0,OpenAQ verified hourly measurement
DEL,Delhi NCR,Delhi,6254594,"Talkatora Garden, Delhi - DPCC",15554208,2026-08-01 21:30:00+00:00,15.4,75.0,OpenAQ verified hourly measurement
DEL,Delhi NCR,Delhi,6254594,"Talkatora Garden, Delhi - DPCC",15554208,2026-08-01 22:30:00+00:00,9.29,100.0,OpenAQ verified hourly measurement
DEL,Delhi NCR,Delhi,6254594,"Talkatora Garden, Delhi - DPCC",15554208,2026-08-01 23:30:00+00:00,14.9,100.0,OpenAQ verified hourly measurement
DEL,Delhi NCR,Delhi,6254594,"Talkatora Garden, Delhi - DPCC",15554208,2026-08-02 00:30:00+00:00,20.0,100.0,OpenAQ verified hourly measurement
DEL,Delhi NCR,Delhi,6254594,"Talkatora Garden, Delhi - DPCC",15554208,2026-08-02 01:30:00+00:00,23.1,50.0,OpenAQ verified hourly measurement
DEL,Delhi NCR,Delhi,6254594,"Talkatora Garden, Delhi - DPCC",15554208,2026-08-02 07:30:00+00:00,42.1,25.0,OpenAQ verified hourly measurement
DEL,Delhi NCR,Delhi,6254594,"Talkatora Garden, Delhi - DPCC",15554208,2026-08-02 11:30:00+00:00,12.7,50.0,OpenAQ verified hourly measurement
DEL,Delhi NCR,Delhi,6254594,"Talkatora Garden, Delhi - DPCC",15554208,2026-08-02 13:30:00+00:00,28.0,25.0,OpenAQ verified hourly measurement
DEL,Delhi NCR,Delhi,6254594,"Talkatora Garden, Delhi - DPCC",15554208,2026-08-02 17:30:00+00:00,39.9,25.0,OpenAQ verified hourly measurement
DEL,Delhi NCR,Delhi,6254594,"Talkatora Garden, Delhi - DPCC",15554208,2026-08-02 19:30:00+00:00,45.5,50.0,OpenAQ verified hourly measurement
DEL,Delhi NCR,Delhi,6254594,"Talkatora Garden, Delhi - DPCC",15554208,2026-08-02 20:30:00+00:00,40.2,100.0,OpenAQ verified hourly measurement
DEL,Delhi NCR,Delhi,6254594,"Talkatora Garden, Delhi - DPCC",15554208,2026-08-02 21:30:00+00:00,37.6,100.0,OpenAQ verified hourly measurement
DEL,Delhi NCR,Delhi,6254594,"Talkatora Garden, Delhi - DPCC",15554208,2026-08-02 22:30:00+00:00,40.2,100.0,OpenAQ verified hourly measurement
DEL,Delhi NCR,Delhi,6254594,"Talkatora Garden, Delhi - DPCC",15554208,2026-08-02 23:30:00+00:00,43.1,25.0,OpenAQ verified hourly measurement
DEL,Delhi NCR,Delhi,6254594,"Talkatora Garden, Delhi - DPCC",15554208,2026-08-03 07:30:00+00:00,28.6,50.0,OpenAQ verified hourly measurement
DEL,Delhi NCR,Delhi,6254594,"Talkatora Garden, Delhi - DPCC",15554208,2026-08-03 08:30:00+00:00,11.6,100.0,OpenAQ verified hourly measurement
DEL,Delhi NCR,Delhi,6254594,"Talkatora Garden, Delhi - DPCC",15554208,2026-08-03 10:30:00+00:00,23.7,50.0,OpenAQ verified hourly measurement
DEL,Delhi NCR,Delhi,6254594,"Talkatora Garden, Delhi - DPCC",15554208,2026-08-03 11:30:00+00:00,21.9,50.0,OpenAQ verified hourly measurement
DEL,Delhi NCR,Delhi,6254594,"Talkatora Garden, Delhi - DPCC",15554208,2026-08-03 13:30:00+00:00,23.8,50.0,OpenAQ verified hourly measurement
DEL,Delhi NCR,Delhi,6254594,"Talkatora Garden, Delhi - DPCC",15554208,2026-08-03 14:30:00+00:00,24.9,75.0,OpenAQ verified hourly measurement
DEL,Delhi NCR,Delhi,6254594,"Talkatora Garden, Delhi - DPCC",15554208,2026-08-03 15:30:00+00:00,32.1,50.0,OpenAQ verified hourly measurement
DEL,Delhi NCR,Delhi,6254594,"Talkatora Garden, Delhi - DPCC",15554208,2026-08-03 16:30:00+00:00,24.2,100.0,OpenAQ verified hourly measurement
DEL,Delhi NCR,Delhi,6254594,"Talkatora Garden, Delhi - DPCC",15554208,2026-08-03 17:30:00+00:00,24.3,75.0,OpenAQ verified hourly measurement
DEL,Delhi NCR,Delhi,6254594,"Talkatora Garden, Delhi - DPCC",15554208,2026-08-03 21:30:00+00:00,25.0,50.0,OpenAQ verified hourly measurement
DEL,Delhi NCR,Delhi,6254594,"Talkatora Garden, Delhi - DPCC",15554208,2026-08-03 22:30:00+00:00,25.0,25.0,OpenAQ verified hourly measurement
DEL,Delhi NCR,Delhi,6254594,"Talkatora Garden, Delhi - DPCC",15554208,2026-08-04 11:30:00+00:00,25.0,50.0,OpenAQ verified hourly measurement
DEL,Delhi NCR,Delhi,6254594,"Talkatora Garden, Delhi - DPCC",15554208,2026-08-04 12:30:00+00:00,25.0,100.0,OpenAQ verified hourly measurement
DEL,Delhi NCR,Delhi,6254594,"Talkatora Garden, Delhi - DPCC",15554208,2026-08-04 13:30:00+00:00,25.0,75.0,OpenAQ verified hourly measurement
DEL,Delhi NCR,Delhi,6254594,"Talkatora Garden, Delhi - DPCC",15554208,2026-08-04 14:30:00+00:00,25.0,50.0,OpenAQ verified hourly measurement
DEL,Delhi NCR,Delhi,6254594,"Talkatora Garden, Delhi - DPCC",15554208,2026-08-05 00:30:00+00:00,25.0,100.0,OpenAQ verified hourly measurement
DEL,Delhi NCR,Delhi,6254594,"Talkatora Garden, Delhi - DPCC",15554208,2026-08-05 01:30:00+00:00,25.0,100.0,OpenAQ verified hourly measurement
DEL,Delhi NCR,Delhi,6254594,"Talkatora Garden, Delhi - DPCC",15554208,2026-08-05 02:30:00+00:00,25.0,25.0,OpenAQ verified hourly measurement
DEL,Delhi NCR,Delhi,6254594,"Talkatora Garden, Delhi - DPCC",15554208,2026-08-05 03:30:00+00:00,25.0,50.0,OpenAQ verified hourly measurement
DEL,Delhi NCR,Delhi,6254594,"Talkatora Garden, Delhi - DPCC",15554208,2026-08-05 04:30:00+00:00,25.0,75.0,OpenAQ verified hourly measurement
DEL,Delhi NCR,Delhi,6254594,"Talkatora Garden, Delhi - DPCC",15554208,2026-08-05 08:30:00+00:00,33.7,75.0,OpenAQ verified hourly measurement
DEL,Delhi NCR,Delhi,6254594,"Talkatora Garden, Delhi - DPCC",15554208,2026-08-05 11:30:00+00:00,58.8,50.0,OpenAQ verified hourly measurement
DEL,Delhi NCR,Delhi,6254594,"Talkatora Garden, Delhi - DPCC",15554208,2026-08-05 12:30:00+00:00,50.8,100.0,OpenAQ verified hourly measurement
DEL,Delhi NCR,Delhi,6254594,"Talkatora Garden, Delhi - DPCC",15554208,2026-08-05 13:30:00+00:00,47.5,100.0,OpenAQ verified hourly measurement
DEL,Delhi NCR,Delhi,6254594,"Talkatora Garden, Delhi - DPCC",15554208,2026-08-05 14:30:00+00:00,37.4,50.0,OpenAQ verified hourly measurement
DEL,Delhi NCR,Delhi,6254594,"Talkatora Garden, Delhi - DPCC",15554208,2026-08-05 15:30:00+00:00,34.9,50.0,OpenAQ verified hourly measurement
DEL,Delhi NCR,Delhi,6254594,"Talkatora Garden, Delhi - DPCC",15554208,2026-08-05 16:30:00+00:00,34.3,50.0,OpenAQ verified hourly measurement
DEL,Delhi NCR,Delhi,6254594,"Talkatora Garden, Delhi - DPCC",15554208,2026-08-05 17:30:00+00:00,38.3,25.0,OpenAQ verified hourly measurement
DEL,Delhi NCR,Delhi,6254594,"Talkatora Garden, Delhi - DPCC",15554208,2026-08-05 18:30:00+00:00,38.3,50.0,OpenAQ verified hourly measurement
DEL,Delhi NCR,Delhi,6254594,"Talkatora Garden, Delhi - DPCC",15554208,2026-08-05 19:30:00+00:00,36.9,25.0,OpenAQ verified hourly measurement
DEL,Delhi NCR,Delhi,6254594,"Talkatora Garden, Delhi - DPCC",15554208,2026-08-05 20:30:00+00:00,35.6,50.0,OpenAQ verified hourly measurement
DEL,Delhi NCR,Delhi,6254594,"Talkatora Garden, Delhi - DPCC",15554208,2026-08-05 21:30:00+00:00,29.7,75.0,OpenAQ verified hourly measurement
DEL,Delhi NCR,Delhi,6254594,"Talkatora Garden, Delhi - DPCC",15554208,2026-08-05 22:30:00+00:00,28.0,25.0,OpenAQ verified hourly measurement
DEL,Delhi NCR,Delhi,6254594,"Talkatora Garden, Delhi - DPCC",15554208,2026-08-06 01:30:00+00:00,20.6,50.0,OpenAQ verified hourly measurement
DEL,Delhi NCR,Delhi,6254594,"Talkatora Garden, Delhi - DPCC",15554208,2026-08-06 02:30:00+00:00,22.4,100.0,OpenAQ verified hourly measurement
DEL,Delhi NCR,Delhi,6254594,"Talkatora Garden, Delhi - DPCC",15554208,2026-08-06 03:30:00+00:00,24.3,25.0,OpenAQ verified hourly measurement
DEL,Delhi NCR,Delhi,6254594,"Talkatora Garden, Delhi - DPCC",15554208,2026-08-06 05:30:00+00:00,21.9,50.0,OpenAQ verified hourly measurement
DEL,Delhi NCR,Delhi,6254594,"Talkatora Garden, Delhi - DPCC",15554208,2026-08-06 06:30:00+00:00,19.5,100.0,OpenAQ verified hourly measurement
DEL,Delhi NCR,Delhi,6254594,"Talkatora Garden, Delhi - DPCC",15554208,2026-08-06 07:30:00+00:00,17.9,100.0,OpenAQ verified hourly measurement
DEL,Delhi NCR,Delhi,6254594,"Talkatora Garden, Delhi - DPCC",15554208,2026-08-06 09:30:00+00:00,32.5,50.0,OpenAQ verified hourly measurement
DEL,Delhi NCR,Delhi,6254594,"Talkatora Garden, Delhi - DPCC",15554208,2026-08-06 10:30:00+00:00,30.3,100.0,OpenAQ verified hourly measurement
DEL,Delhi NCR,Delhi,6254594,"Talkatora Garden, Delhi - DPCC",15554208,2026-08-06 11:30:00+00:00,30.8,50.0,OpenAQ verified hourly measurement
DEL,Delhi NCR,Delhi,6254594,"Talkatora Garden, Delhi - DPCC",15554208,2026-08-06 12:30:00+00:00,15.8,100.0,OpenAQ verified hourly measurement
DEL,Delhi NCR,Delhi,6254594,"Talkatora Garden, Delhi - DPCC",15554208,2026-08-06 13:30:00+00:00,19.1,100.0,OpenAQ verified hourly measurement
DEL,Delhi NCR,Delhi,6254594,"Talkatora Garden, Delhi - DPCC",15554208,2026-08-06 14:30:00+00:00,21.8,100.0,OpenAQ verified hourly measurement
DEL,Delhi NCR,Delhi,6254594,"Talkatora Garden, Delhi - DPCC",15554208,2026-08-06 15:30:00+00:00,23.6,100.0,OpenAQ verified hourly measurement
DEL,Delhi NCR,Delhi,6254594,"Talkatora Garden, Delhi - DPCC",15554208,2026-08-06 16:30:00+00:00,25.5,100.0,OpenAQ verified hourly measurement
DEL,Delhi NCR,Delhi,6254594,"Talkatora Garden, Delhi - DPCC",15554208,2026-08-06 17:30:00+00:00,28.0,75.0,OpenAQ verified hourly measurement
DEL,Delhi NCR,Delhi,6254594,"Talkatora Garden, Delhi - DPCC",15554208,2026-08-06 19:30:00+00:00,48.4,50.0,OpenAQ verified hourly measurement
DEL,Delhi NCR,Delhi,6254594,"Talkatora Garden, Delhi - DPCC",15554208,2026-08-06 20:30:00+00:00,46.9,100.0,OpenAQ verified hourly measurement
DEL,Delhi NCR,Delhi,6254594,"Talkatora Garden, Delhi - DPCC",15554208,2026-08-06 21:30:00+00:00,43.0,100.0,OpenAQ verified hourly measurement
DEL,Delhi NCR,Delhi,6254594,"Talkatora Garden, Delhi - DPCC",15554208,2026-08-06 22:30:00+00:00,39.8,50.0,OpenAQ verified hourly measurement
DEL,Delhi NCR,Delhi,6254594,"Talkatora Garden, Delhi - DPCC",15554208,2026-08-07 01:30:00+00:00,16.0,50.0,OpenAQ verified hourly measurement
DEL,Delhi NCR,Delhi,6254594,"Talkatora Garden, Delhi - DPCC",15554208,2026-08-07 02:30:00+00:00,17.6,100.0,OpenAQ verified hourly measurement
DEL,Delhi NCR,Delhi,6254594,"Talkatora Garden, Delhi - DPCC",15554208,2026-08-07 03:30:00+00:00,22.0,50.0,OpenAQ verified hourly measurement
DEL,Delhi NCR,Delhi,6254594,"Talkatora Garden, Delhi - DPCC",15554208,2026-08-07 05:30:00+00:00,24.4,50.0,OpenAQ verified hourly measurement
DEL,Delhi NCR,Delhi,6254594,"Talkatora Garden, Delhi - DPCC",15554208,2026-08-07 06:30:00+00:00,24.8,100.0,OpenAQ verified hourly measurement
DEL,Delhi NCR,Delhi,6254594,"Talkatora Garden, Delhi - DPCC",15554208,2026-08-07 07:30:00+00:00,20.6,75.0,OpenAQ verified hourly measurement
DEL,Delhi NCR,Delhi,6254594,"Talkatora Garden, Delhi - DPCC",15554208,2026-08-07 08:30:00+00:00,26.3,50.0,OpenAQ verified hourly measurement
DEL,Delhi NCR,Delhi,6254594,"Talkatora Garden, Delhi - DPCC",15554208,2026-08-07 09:30:00+00:00,21.8,75.0,OpenAQ verified hourly measurement
DEL,Delhi NCR,Delhi,6254594,"Talkatora Garden, Delhi - DPCC",15554208,2026-08-07 10:30:00+00:00,26.1,75.0,OpenAQ verified hourly measurement
DEL,Delhi NCR,Delhi,6254594,"Talkatora Garden, Delhi - DPCC",15554208,2026-08-07 12:30:00+00:00,25.6,25.0,OpenAQ verified hourly measurement
DEL,Delhi NCR,Delhi,6254594,"Talkatora Garden, Delhi - DPCC",15554208,2026-08-07 13:30:00+00:00,22.0,100.0,OpenAQ verified hourly measurement
DEL,Delhi NCR,Delhi,6254594,"Talkatora Garden, Delhi - DPCC",15554208,2026-08-07 14:30:00+00:00,18.8,25.0,OpenAQ verified hourly measurement
DEL,Delhi NCR,Delhi,6254594,"Talkatora Garden, Delhi - DPCC",15554208,2026-08-07 15:30:00+00:00,18.0,25.0,OpenAQ verified hourly measurement
DEL,Delhi NCR,Delhi,6254594,"Talkatora Garden, Delhi - DPCC",15554208,2026-08-07 16:30:00+00:00,20.3,100.0,OpenAQ verified hourly measurement
DEL,Delhi NCR,Delhi,6254594,"Talkatora Garden, Delhi - DPCC",15554208,2026-08-07 17:30:00+00:00,22.2,75.0,OpenAQ verified hourly measurement
DEL,Delhi NCR,Delhi,6254594,"Talkatora Garden, Delhi - DPCC",15554208,2026-08-07 18:30:00+00:00,19.4,50.0,OpenAQ verified hourly measurement
DEL,Delhi NCR,Delhi,6254594,"Talkatora Garden, Delhi - DPCC",15554208,2026-08-07 19:30:00+00:00,20.3,100.0,OpenAQ verified hourly measurement
DEL,Delhi NCR,Delhi,6254594,"Talkatora Garden, Delhi - DPCC",15554208,2026-08-07 20:30:00+00:00,26.6,100.0,OpenAQ verified hourly measurement
DEL,Delhi NCR,Delhi,6254594,"Talkatora Garden, Delhi - DPCC",15554208,2026-08-07 21:30:00+00:00,19.2,100.0,OpenAQ verified hourly measurement
DEL,Delhi NCR,Delhi,6254594,"Talkatora Garden, Delhi - DPCC",15554208,2026-08-07 22:30:00+00:00,26.2,100.0,OpenAQ verified hourly measurement
DEL,Delhi NCR,Delhi,6254594,"Talkatora Garden, Delhi - DPCC",15554208,2026-08-07 23:30:00+00:00,34.9,100.0,OpenAQ verified hourly measurement
DEL,Delhi NCR,Delhi,6254594,"Talkatora Garden, Delhi - DPCC",15554208,2026-08-08 00:30:00+00:00,33.3,100.0,OpenAQ verified hourly measurement
DEL,Delhi NCR,Delhi,6254594,"Talkatora Garden, Delhi - DPCC",15554208,2026-08-08 01:30:00+00:00,34.9,100.0,OpenAQ verified hourly measurement
DEL,Delhi NCR,Delhi,6254594,"Talkatora Garden, Delhi - DPCC",15554208,2026-08-08 02:30:00+00:00,30.7,100.0,OpenAQ verified hourly measurement
DEL,Delhi NCR,Delhi,6254594,"Talkatora Garden, Delhi - DPCC",15554208,2026-08-08 03:30:00+00:00,29.9,100.0,OpenAQ verified hourly measurement
DEL,Delhi NCR,Delhi,6254594,"Talkatora Garden, Delhi - DPCC",15554208,2026-08-08 04:30:00+00:00,39.8,100.0,OpenAQ verified hourly measurement
DEL,Delhi NCR,Delhi,6254594,"Talkatora Garden, Delhi - DPCC",15554208,2026-08-08 05:30:00+00:00,37.9,100.0,OpenAQ verified hourly measurement
DEL,Delhi NCR,Delhi,6254594,"Talkatora Garden, Delhi - DPCC",15554208,2026-08-08 06:30:00+00:00,30.4,100.0,OpenAQ verified hourly measurement
DEL,Delhi NCR,Delhi,6254594,"Talkatora Garden, Delhi - DPCC",15554208,2026-08-08 07:30:00+00:00,32.9,100.0,OpenAQ verified hourly measurement
DEL,Delhi NCR,Delhi,6254594,"Talkatora Garden, Delhi - DPCC",15554208,2026-08-08 08:30:00+00:00,33.5,100.0,OpenAQ verified hourly measurement
DEL,Delhi NCR,Delhi,6254594,"Talkatora Garden, Delhi - DPCC",15554208,2026-08-08 09:30:00+00:00,30.9,75.0,OpenAQ verified hourly measurement
DEL,Delhi NCR,Delhi,6254594,"Talkatora Garden, Delhi - DPCC",15554208,2026-08-08 10:30:00+00:00,28.2,100.0,OpenAQ verified hourly measurement
DEL,Delhi NCR,Delhi,6254594,"Talkatora Garden, Delhi - DPCC",15554208,2026-08-08 11:30:00+00:00,17.0,100.0,OpenAQ verified hourly measurement
DEL,Delhi NCR,Delhi,6254594,"Talkatora Garden, Delhi - DPCC",15554208,2026-08-08 12:30:00+00:00,12.7,100.0,OpenAQ verified hourly measurement
DEL,Delhi NCR,Delhi,6254594,"Talkatora Garden, Delhi - DPCC",15554208,2026-08-08 13:30:00+00:00,14.0,100.0,OpenAQ verified hourly measurement
DEL,Delhi NCR,Delhi,6254594,"Talkatora Garden, Delhi - DPCC",15554208,2026-08-08 14:30:00+00:00,18.3,100.0,OpenAQ verified hourly measurement
DEL,Delhi NCR,Delhi,6254594,"Talkatora Garden, Delhi - DPCC",15554208,2026-08-08 15:30:00+00:00,21.9,100.0,OpenAQ verified hourly measurement
DEL,Delhi NCR,Delhi,6254594,"Talkatora Garden, Delhi - DPCC",15554208,2026-08-08 16:30:00+00:00,25.4,100.0,OpenAQ verified hourly measurement
DEL,Delhi NCR,Delhi,6254594,"Talkatora Garden, Delhi - DPCC",15554208,2026-08-08 17:30:00+00:00,23.3,75.0,OpenAQ verified hourly measurement
DEL,Delhi NCR,Delhi,6254594,"Talkatora Garden, Delhi - DPCC",15554208,2026-08-08 19:30:00+00:00,40.8,50.0,OpenAQ verified hourly measurement
DEL,Delhi NCR,Delhi,6254594,"Talkatora Garden, Delhi - DPCC",15554208,2026-08-08 20:30:00+00:00,49.7,100.0,OpenAQ verified hourly measurement
DEL,Delhi NCR,Delhi,6254594,"Talkatora Garden, Delhi - DPCC",15554208,2026-08-08 21:30:00+00:00,58.2,100.0,OpenAQ verified hourly measurement
DEL,Delhi NCR,Delhi,6254594,"Talkatora Garden, Delhi - DPCC",15554208,2026-08-08 22:30:00+00:00,60.3,100.0,OpenAQ verified hourly measurement
DEL,Delhi NCR,Delhi,6254594,"Talkatora Garden, Delhi - DPCC",15554208,2026-08-08 23:30:00+00:00,58.6,100.0,OpenAQ verified hourly measurement
DEL,Delhi NCR,Delhi,6254594,"Talkatora Garden, Delhi - DPCC",15554208,2026-08-09 00:30:00+00:00,54.1,100.0,OpenAQ verified hourly measurement
DEL,Delhi NCR,Delhi,6254594,"Talkatora Garden, Delhi - DPCC",15554208,2026-08-09 01:30:00+00:00,44.0,100.0,OpenAQ verified hourly measurement
DEL,Delhi NCR,Delhi,6254594,"Talkatora Garden, Delhi - DPCC",15554208,2026-08-09 02:30:00+00:00,41.5,100.0,OpenAQ verified hourly measurement
DEL,Delhi NCR,Delhi,6254594,"Talkatora Garden, Delhi - DPCC",15554208,2026-08-09 03:30:00+00:00,41.7,100.0,OpenAQ verified hourly measurement
DEL,Delhi NCR,Delhi,6254594,"Talkatora Garden, Delhi - DPCC",15554208,2026-08-09 04:30:00+00:00,38.4,100.0,OpenAQ verified hourly measurement
DEL,Delhi NCR,Delhi,6254594,"Talkatora Garden, Delhi - DPCC",15554208,2026-08-09 05:30:00+00:00,37.4,25.0,OpenAQ verified hourly measurement
DEL,Delhi NCR,Delhi,6254594,"Talkatora Garden, Delhi - DPCC",15554208,2026-08-09 07:30:00+00:00,28.9,50.0,OpenAQ verified hourly measurement
DEL,Delhi NCR,Delhi,6254594,"Talkatora Garden, Delhi - DPCC",15554208,2026-08-09 08:30:00+00:00,20.4,100.0,OpenAQ verified hourly measurement
DEL,Delhi NCR,Delhi,6254594,"Talkatora Garden, Delhi - DPCC",15554208,2026-08-09 09:30:00+00:00,18.0,75.0,OpenAQ verified hourly measurement
DEL,Delhi NCR,Delhi,6254594,"Talkatora Garden, Delhi - DPCC",15554208,2026-08-09 10:30:00+00:00,21.8,100.0,OpenAQ verified hourly measurement
DEL,Delhi NCR,Delhi,6254594,"Talkatora Garden, Delhi - DPCC",15554208,2026-08-09 11:30:00+00:00,18.7,75.0,OpenAQ verified hourly measurement
DEL,Delhi NCR,Delhi,6254594,"Talkatora Garden, Delhi - DPCC",15554208,2026-08-09 12:30:00+00:00,23.7,100.0,OpenAQ verified hourly measurement
DEL,Delhi NCR,Delhi,6254594,"Talkatora Garden, Delhi - DPCC",15554208,2026-08-09 13:30:00+00:00,22.3,75.0,OpenAQ verified hourly measurement
DEL,Delhi NCR,Delhi,6254594,"Talkatora Garden, Delhi - DPCC",15554208,2026-08-09 14:30:00+00:00,31.3,100.0,OpenAQ verified hourly measurement
DEL,Delhi NCR,Delhi,6254594,"Talkatora Garden, Delhi - DPCC",15554208,2026-08-09 15:30:00+00:00,31.5,100.0,OpenAQ verified hourly measurement
DEL,Delhi NCR,Delhi,6254594,"Talkatora Garden, Delhi - DPCC",15554208,2026-08-09 16:30:00+00:00,35.9,100.0,OpenAQ verified hourly measurement
DEL,Delhi NCR,Delhi,6254594,"Talkatora Garden, Delhi - DPCC",15554208,2026-08-09 17:30:00+00:00,39.1,75.0,OpenAQ verified hourly measurement
DEL,Delhi NCR,Delhi,6254594,"Talkatora Garden, Delhi - DPCC",15554208,2026-08-09 18:30:00+00:00,34.6,50.0,OpenAQ verified hourly measurement
DEL,Delhi NCR,Delhi,6254594,"Talkatora Garden, Delhi - DPCC",15554208,2026-08-09 19:30:00+00:00,35.7,100.0,OpenAQ verified hourly measurement
DEL,Delhi NCR,Delhi,6254594,"Talkatora Garden, Delhi - DPCC",15554208,2026-08-09 20:30:00+00:00,33.8,100.0,OpenAQ verified hourly measurement
DEL,Delhi NCR,Delhi,6254594,"Talkatora Garden, Delhi - DPCC",15554208,2026-08-09 21:30:00+00:00,33.6,100.0,OpenAQ verified hourly measurement
DEL,Delhi NCR,Delhi,6254594,"Talkatora Garden, Delhi - DPCC",15554208,2026-08-09 22:30:00+00:00,39.6,100.0,OpenAQ verified hourly measurement
DEL,Delhi NCR,Delhi,6254594,"Talkatora Garden, Delhi - DPCC",15554208,2026-08-09 23:30:00+00:00,37.5,100.0,OpenAQ verified hourly measurement
DEL,Delhi NCR,Delhi,6254594,"Talkatora Garden, Delhi - DPCC",15554208,2026-08-10 00:30:00+00:00,41.3,100.0,OpenAQ verified hourly measurement
DEL,Delhi NCR,Delhi,6254594,"Talkatora Garden, Delhi - DPCC",15554208,2026-08-10 01:30:00+00:00,40.4,100.0,OpenAQ verified hourly measurement
DEL,Delhi NCR,Delhi,6254594,"Talkatora Garden, Delhi - DPCC",15554208,2026-08-10 02:30:00+00:00,38.7,100.0,OpenAQ verified hourly measurement
DEL,Delhi NCR,Delhi,6254594,"Talkatora Garden, Delhi - DPCC",15554208,2026-08-10 03:30:00+00:00,39.4,100.0,OpenAQ verified hourly measurement
DEL,Delhi NCR,Delhi,6254594,"Talkatora Garden, Delhi - DPCC",15554208,2026-08-10 04:30:00+00:00,37.7,100.0,OpenAQ verified hourly measurement
DEL,Delhi NCR,Delhi,6254594,"Talkatora Garden, Delhi - DPCC",15554208,2026-08-10 05:30:00+00:00,38.3,100.0,OpenAQ verified hourly measurement
DEL,Delhi NCR,Delhi,6254594,"Talkatora Garden, Delhi - DPCC",15554208,2026-08-10 06:30:00+00:00,36.5,100.0,OpenAQ verified hourly measurement
DEL,Delhi NCR,Delhi,6254594,"Talkatora Garden, Delhi - DPCC",15554208,2026-08-10 07:30:00+00:00,39.2,100.0,OpenAQ verified hourly measurement
DEL,Delhi NCR,Delhi,6254594,"Talkatora Garden, Delhi - DPCC",15554208,2026-08-10 08:30:00+00:00,36.0,100.0,OpenAQ verified hourly measurement
DEL,Delhi NCR,Delhi,6254594,"Talkatora Garden, Delhi - DPCC",15554208,2026-08-10 09:30:00+00:00,32.3,100.0,OpenAQ verified hourly measurement
DEL,Delhi NCR,Delhi,6254594,"Talkatora Garden, Delhi - DPCC",15554208,2026-08-10 10:30:00+00:00,26.1,100.0,OpenAQ verified hourly measurement
DEL,Delhi NCR,Delhi,6254594,"Talkatora Garden, Delhi - DPCC",15554208,2026-08-10 11:30:00+00:00,22.8,100.0,OpenAQ verified hourly measurement
DEL,Delhi NCR,Delhi,6254594,"Talkatora Garden, Delhi - DPCC",15554208,2026-08-10 12:30:00+00:00,27.1,100.0,OpenAQ verified hourly measurement
DEL,Delhi NCR,Delhi,6254594,"Talkatora Garden, Delhi - DPCC",15554208,2026-08-10 13:30:00+00:00,37.9,100.0,OpenAQ verified hourly measurement
DEL,Delhi NCR,Delhi,6254594,"Talkatora Garden, Delhi - DPCC",15554208,2026-08-10 14:30:00+00:00,43.2,100.0,OpenAQ verified hourly measurement
DEL,Delhi NCR,Delhi,6254594,"Talkatora Garden, Delhi - DPCC",15554208,2026-08-10 15:30:00+00:00,42.4,100.0,OpenAQ verified hourly measurement
DEL,Delhi NCR,Delhi,6254594,"Talkatora Garden, Delhi - DPCC",15554208,2026-08-10 16:30:00+00:00,44.5,100.0,OpenAQ verified hourly measurement
DEL,Delhi NCR,Delhi,6254594,"Talkatora Garden, Delhi - DPCC",15554208,2026-08-10 17:30:00+00:00,46.8,75.0,OpenAQ verified hourly measurement
DEL,Delhi NCR,Delhi,6254594,"Talkatora Garden, Delhi - DPCC",15554208,2026-08-10 18:30:00+00:00,47.7,50.0,OpenAQ verified hourly measurement
DEL,Delhi NCR,Delhi,6254594,"Talkatora Garden, Delhi - DPCC",15554208,2026-08-10 19:30:00+00:00,42.7,100.0,OpenAQ verified hourly measurement
DEL,Delhi NCR,Delhi,6254594,"Talkatora Garden, Delhi - DPCC",15554208,2026-08-10 20:30:00+00:00,32.9,100.0,OpenAQ verified hourly measurement
DEL,Delhi NCR,Delhi,6254594,"Talkatora Garden, Delhi - DPCC",15554208,2026-08-10 21:30:00+00:00,30.2,100.0,OpenAQ verified hourly measurement
DEL,Delhi NCR,Delhi,6254594,"Talkatora Garden, Delhi - DPCC",15554208,2026-08-10 22:30:00+00:00,30.2,100.0,OpenAQ verified hourly measurement
DEL,Delhi NCR,Delhi,6254594,"Talkatora Garden, Delhi - DPCC",15554208,2026-08-10 23:30:00+00:00,30.5,75.0,OpenAQ verified hourly measurement
DEL,Delhi NCR,Delhi,6254594,"Talkatora Garden, Delhi - DPCC",15554208,2026-08-11 00:30:00+00:00,26.9,100.0,OpenAQ verified hourly measurement
DEL,Delhi NCR,Delhi,6254594,"Talkatora Garden, Delhi - DPCC",15554208,2026-08-11 01:30:00+00:00,23.9,75.0,OpenAQ verified hourly measurement
DEL,Delhi NCR,Delhi,6254594,"Talkatora Garden, Delhi - DPCC",15554208,2026-08-11 02:30:00+00:00,27.1,100.0,OpenAQ verified hourly measurement
DEL,Delhi NCR,Delhi,6254594,"Talkatora Garden, Delhi - DPCC",15554208,2026-08-11 03:30:00+00:00,33.4,75.0,OpenAQ verified hourly measurement
DEL,Delhi NCR,Delhi,6254594,"Talkatora Garden, Delhi - DPCC",15554208,2026-08-11 04:30:00+00:00,40.5,100.0,OpenAQ verified hourly measurement
DEL,Delhi NCR,Delhi,6254594,"Talkatora Garden, Delhi - DPCC",15554208,2026-08-11 05:30:00+00:00,38.2,75.0,OpenAQ verified hourly measurement
DEL,Delhi NCR,Delhi,6254594,"Talkatora Garden, Delhi - DPCC",15554208,2026-08-11 06:30:00+00:00,41.1,100.0,OpenAQ verified hourly measurement
DEL,Delhi NCR,Delhi,6254594,"Talkatora Garden, Delhi - DPCC",15554208,2026-08-11 07:30:00+00:00,53.5,100.0,OpenAQ verified hourly measurement
DEL,Delhi NCR,Delhi,6254594,"Talkatora Garden, Delhi - DPCC",15554208,2026-08-11 08:30:00+00:00,57.6,100.0,OpenAQ verified hourly measurement
DEL,Delhi NCR,Delhi,6254594,"Talkatora Garden, Delhi - DPCC",15554208,2026-08-11 09:30:00+00:00,55.0,100.0,OpenAQ verified hourly measurement
DEL,Delhi NCR,Delhi,6254594,"Talkatora Garden, Delhi - DPCC",15554208,2026-08-11 10:30:00+00:00,48.4,75.0,OpenAQ verified hourly measurement
DEL,Delhi NCR,Delhi,6254594,"Talkatora Garden, Delhi - DPCC",15554208,2026-08-11 11:30:00+00:00,51.4,100.0,OpenAQ verified hourly measurement
DEL,Delhi NCR,Delhi,6254594,"Talkatora Garden, Delhi - DPCC",15554208,2026-08-11 12:30:00+00:00,46.1,100.0,OpenAQ verified hourly measurement
DEL,Delhi NCR,Delhi,6254594,"Talkatora Garden, Delhi - DPCC",15554208,2026-08-11 13:30:00+00:00,38.2,50.0,OpenAQ verified hourly measurement
DEL,Delhi NCR,Delhi,6254594,"Talkatora Garden, Delhi - DPCC",15554208,2026-08-11 14:30:00+00:00,37.8,100.0,OpenAQ verified hourly measurement
DEL,Delhi NCR,Delhi,6254594,"Talkatora Garden, Delhi - DPCC",15554208,2026-08-11 15:30:00+00:00,41.7,100.0,OpenAQ verified hourly measurement
DEL,Delhi NCR,Delhi,6254594,"Talkatora Garden, Delhi - DPCC",15554208,2026-08-11 16:30:00+00:00,37.9,100.0,OpenAQ verified hourly measurement
DEL,Delhi NCR,Delhi,6254594,"Talkatora Garden, Delhi - DPCC",15554208,2026-08-11 17:30:00+00:00,40.0,75.0,OpenAQ verified hourly measurement
DEL,Delhi NCR,Delhi,6254594,"Talkatora Garden, Delhi - DPCC",15554208,2026-08-11 19:30:00+00:00,41.7,50.0,OpenAQ verified hourly measurement
DEL,Delhi NCR,Delhi,6254594,"Talkatora Garden, Delhi - DPCC",15554208,2026-08-11 20:30:00+00:00,39.2,100.0,OpenAQ verified hourly measurement
DEL,Delhi NCR,Delhi,6254594,"Talkatora Garden, Delhi - DPCC",15554208,2026-08-11 21:30:00+00:00,37.1,100.0,OpenAQ verified hourly measurement
DEL,Delhi NCR,Delhi,6254594,"Talkatora Garden, Delhi - DPCC",15554208,2026-08-11 22:30:00+00:00,34.8,100.0,OpenAQ verified hourly measurement
DEL,Delhi NCR,Delhi,6254594,"Talkatora Garden, Delhi - DPCC",15554208,2026-08-11 23:30:00+00:00,29.6,100.0,OpenAQ verified hourly measurement
DEL,Delhi NCR,Delhi,6254594,"Talkatora Garden, Delhi - DPCC",15554208,2026-08-12 00:30:00+00:00,29.2,100.0,OpenAQ verified hourly measurement
DEL,Delhi NCR,Delhi,6254594,"Talkatora Garden, Delhi - DPCC",15554208,2026-08-12 01:30:00+00:00,32.9,100.0,OpenAQ verified hourly measurement
DEL,Delhi NCR,Delhi,6254594,"Talkatora Garden, Delhi - DPCC",15554208,2026-08-12 02:30:00+00:00,41.2,100.0,OpenAQ verified hourly measurement
DEL,Delhi NCR,Delhi,6254594,"Talkatora Garden, Delhi - DPCC",15554208,2026-08-12 03:30:00+00:00,51.5,100.0,OpenAQ verified hourly measurement
DEL,Delhi NCR,Delhi,6254594,"Talkatora Garden, Delhi - DPCC",15554208,2026-08-12 04:30:00+00:00,58.2,100.0,OpenAQ verified hourly measurement
DEL,Delhi NCR,Delhi,6254594,"Talkatora Garden, Delhi - DPCC",15554208,2026-08-12 05:30:00+00:00,55.1,100.0,OpenAQ verified hourly measurement
DEL,Delhi NCR,Delhi,6254594,"Talkatora Garden, Delhi - DPCC",15554208,2026-08-12 06:30:00+00:00,53.0,100.0,OpenAQ verified hourly measurement
DEL,Delhi NCR,Delhi,6254594,"Talkatora Garden, Delhi - DPCC",15554208,2026-08-12 07:30:00+00:00,55.9,100.0,OpenAQ verified hourly measurement
DEL,Delhi NCR,Delhi,6254594,"Talkatora Garden, Delhi - DPCC",15554208,2026-08-12 08:30:00+00:00,55.1,100.0,OpenAQ verified hourly measurement
DEL,Delhi NCR,Delhi,6254594,"Talkatora Garden, Delhi - DPCC",15554208,2026-08-12 09:30:00+00:00,51.8,100.0,OpenAQ verified hourly measurement
DEL,Delhi NCR,Delhi,6254594,"Talkatora Garden, Delhi - DPCC",15554208,2026-08-12 10:30:00+00:00,49.8,100.0,OpenAQ verified hourly measurement
DEL,Delhi NCR,Delhi,6254594,"Talkatora Garden, Delhi - DPCC",15554208,2026-08-12 11:30:00+00:00,55.8,100.0,OpenAQ verified hourly measurement
DEL,Delhi NCR,Delhi,6254594,"Talkatora Garden, Delhi - DPCC",15554208,2026-08-12 12:30:00+00:00,49.5,50.0,OpenAQ verified hourly measurement
DEL,Delhi NCR,Delhi,6254594,"Talkatora Garden, Delhi - DPCC",15554208,2026-08-12 13:30:00+00:00,44.6,100.0,OpenAQ verified hourly measurement
DEL,Delhi NCR,Delhi,6254594,"Talkatora Garden, Delhi - DPCC",15554208,2026-08-12 14:30:00+00:00,46.3,100.0,OpenAQ verified hourly measurement
DEL,Delhi NCR,Delhi,6254594,"Talkatora Garden, Delhi - DPCC",15554208,2026-08-12 15:30:00+00:00,46.5,100.0,OpenAQ verified hourly measurement
DEL,Delhi NCR,Delhi,6254594,"Talkatora Garden, Delhi - DPCC",15554208,2026-08-12 16:30:00+00:00,51.2,100.0,OpenAQ verified hourly measurement
DEL,Delhi NCR,Delhi,6254594,"Talkatora Garden, Delhi - DPCC",15554208,2026-08-12 17:30:00+00:00,53.5,50.0,OpenAQ verified hourly measurement
DEL,Delhi NCR,Delhi,6254594,"Talkatora Garden, Delhi - DPCC",15554208,2026-08-12 18:30:00+00:00,52.8,50.0,OpenAQ verified hourly measurement
DEL,Delhi NCR,Delhi,6254594,"Talkatora Garden, Delhi - DPCC",15554208,2026-08-12 19:30:00+00:00,50.7,100.0,OpenAQ verified hourly measurement
DEL,Delhi NCR,Delhi,6254594,"Talkatora Garden, Delhi - DPCC",15554208,2026-08-12 20:30:00+00:00,46.7,100.0,OpenAQ verified hourly measurement
DEL,Delhi NCR,Delhi,6254594,"Talkatora Garden, Delhi - DPCC",15554208,2026-08-12 21:30:00+00:00,29.9,75.0,OpenAQ verified hourly measurement
DEL,Delhi NCR,Delhi,6254594,"Talkatora Garden, Delhi - DPCC",15554208,2026-08-12 23:30:00+00:00,39.8,50.0,OpenAQ verified hourly measurement
DEL,Delhi NCR,Delhi,6254594,"Talkatora Garden, Delhi - DPCC",15554208,2026-08-13 00:30:00+00:00,30.6,100.0,OpenAQ verified hourly measurement
DEL,Delhi NCR,Delhi,6254594,"Talkatora Garden, Delhi - DPCC",15554208,2026-08-13 01:30:00+00:00,31.1,50.0,OpenAQ verified hourly measurement
DEL,Delhi NCR,Delhi,6254594,"Talkatora Garden, Delhi - DPCC",15554208,2026-08-13 02:30:00+00:00,29.1,50.0,OpenAQ verified hourly measurement
DEL,Delhi NCR,Delhi,6254594,"Talkatora Garden, Delhi - DPCC",15554208,2026-08-13 03:30:00+00:00,35.6,100.0,OpenAQ verified hourly measurement
DEL,Delhi NCR,Delhi,6254594,"Talkatora Garden, Delhi - DPCC",15554208,2026-08-13 04:30:00+00:00,43.6,100.0,OpenAQ verified hourly measurement
DEL,Delhi NCR,Delhi,6254594,"Talkatora Garden, Delhi - DPCC",15554208,2026-08-13 05:30:00+00:00,33.2,100.0,OpenAQ verified hourly measurement
DEL,Delhi NCR,Delhi,6254594,"Talkatora Garden, Delhi - DPCC",15554208,2026-08-13 06:30:00+00:00,43.9,100.0,OpenAQ verified hourly measurement
DEL,Delhi NCR,Delhi,6254594,"Talkatora Garden, Delhi - DPCC",15554208,2026-08-13 07:30:00+00:00,37.8,75.0,OpenAQ verified hourly measurement
DEL,Delhi NCR,Delhi,6254594,"Talkatora Garden, Delhi - DPCC",15554208,2026-08-13 08:30:00+00:00,39.3,100.0,OpenAQ verified hourly measurement
DEL,Delhi NCR,Delhi,6254594,"Talkatora Garden, Delhi - DPCC",15554208,2026-08-13 09:30:00+00:00,23.3,75.0,OpenAQ verified hourly measurement
DEL,Delhi NCR,Delhi,6254594,"Talkatora Garden, Delhi - DPCC",15554208,2026-08-13 10:30:00+00:00,13.1,100.0,OpenAQ verified hourly measurement
DEL,Delhi NCR,Delhi,6254594,"Talkatora Garden, Delhi - DPCC",15554208,2026-08-13 11:30:00+00:00,8.74,50.0,OpenAQ verified hourly measurement
DEL,Delhi NCR,Delhi,6254594,"Talkatora Garden, Delhi - DPCC",15554208,2026-08-13 12:30:00+00:00,10.7,100.0,OpenAQ verified hourly measurement
DEL,Delhi NCR,Delhi,6254594,"Talkatora Garden, Delhi - DPCC",15554208,2026-08-13 13:30:00+00:00,26.8,75.0,OpenAQ verified hourly measurement
DEL,Delhi NCR,Delhi,6254594,"Talkatora Garden, Delhi - DPCC",15554208,2026-08-13 14:30:00+00:00,29.4,100.0,OpenAQ verified hourly measurement
DEL,Delhi NCR,Delhi,6254594,"Talkatora Garden, Delhi - DPCC",15554208,2026-08-13 15:30:00+00:00,34.3,100.0,OpenAQ verified hourly measurement
DEL,Delhi NCR,Delhi,6254594,"Talkatora Garden, Delhi - DPCC",15554208,2026-08-13 16:30:00+00:00,41.9,100.0,OpenAQ verified hourly measurement
DEL,Delhi NCR,Delhi,6254594,"Talkatora Garden, Delhi - DPCC",15554208,2026-08-13 17:30:00+00:00,47.2,75.0,OpenAQ verified hourly measurement
DEL,Delhi NCR,Delhi,6254594,"Talkatora Garden, Delhi - DPCC",15554208,2026-08-13 18:30:00+00:00,53.2,50.0,OpenAQ verified hourly measurement
DEL,Delhi NCR,Delhi,6254594,"Talkatora Garden, Delhi - DPCC",15554208,2026-08-13 19:30:00+00:00,59.4,100.0,OpenAQ verified hourly measurement
DEL,Delhi NCR,Delhi,6254594,"Talkatora Garden, Delhi - DPCC",15554208,2026-08-13 20:30:00+00:00,67.7,100.0,OpenAQ verified hourly measurement
DEL,Delhi NCR,Delhi,6254594,"Talkatora Garden, Delhi - DPCC",15554208,2026-08-13 21:30:00+00:00,67.5,100.0,OpenAQ verified hourly measurement
DEL,Delhi NCR,Delhi,6254594,"Talkatora Garden, Delhi - DPCC",15554208,2026-08-13 22:30:00+00:00,56.2,100.0,OpenAQ verified hourly measurement
DEL,Delhi NCR,Delhi,6254594,"Talkatora Garden, Delhi - DPCC",15554208,2026-08-13 23:30:00+00:00,38.9,100.0,OpenAQ verified hourly measurement
DEL,Delhi NCR,Delhi,6254594,"Talkatora Garden, Delhi - DPCC",15554208,2026-08-14 00:30:00+00:00,30.8,100.0,OpenAQ verified hourly measurement
DEL,Delhi NCR,Delhi,6254594,"Talkatora Garden, Delhi - DPCC",15554208,2026-08-14 01:30:00+00:00,25.3,100.0,OpenAQ verified hourly measurement
DEL,Delhi NCR,Delhi,6254594,"Talkatora Garden, Delhi - DPCC",15554208,2026-08-14 02:30:00+00:00,25.5,100.0,OpenAQ verified hourly measurement
DEL,Delhi NCR,Delhi,6254594,"Talkatora Garden, Delhi - DPCC",15554208,2026-08-14 03:30:00+00:00,24.9,100.0,OpenAQ verified hourly measurement
DEL,Delhi NCR,Delhi,6254594,"Talkatora Garden, Delhi - DPCC",15554208,2026-08-14 04:30:00+00:00,16.2,100.0,OpenAQ verified hourly measurement
DEL,Delhi NCR,Delhi,6254594,"Talkatora Garden, Delhi - DPCC",15554208,2026-08-14 05:30:00+00:00,21.6,100.0,OpenAQ verified hourly measurement
DEL,Delhi NCR,Delhi,6254594,"Talkatora Garden, Delhi - DPCC",15554208,2026-08-14 06:30:00+00:00,23.9,100.0,OpenAQ verified hourly measurement
DEL,Delhi NCR,Delhi,6254594,"Talkatora Garden, Delhi - DPCC",15554208,2026-08-14 07:30:00+00:00,26.4,100.0,OpenAQ verified hourly measurement
DEL,Delhi NCR,Delhi,6254594,"Talkatora Garden, Delhi - DPCC",15554208,2026-08-14 08:30:00+00:00,21.3,100.0,OpenAQ verified hourly measurement
DEL,Delhi NCR,Delhi,6254594,"Talkatora Garden, Delhi - DPCC",15554208,2026-08-14 09:30:00+00:00,10.5,100.0,OpenAQ verified hourly measurement
DEL,Delhi NCR,Delhi,6254594,"Talkatora Garden, Delhi - DPCC",15554208,2026-08-14 10:30:00+00:00,10.6,100.0,OpenAQ verified hourly measurement
DEL,Delhi NCR,Delhi,6254594,"Talkatora Garden, Delhi - DPCC",15554208,2026-08-14 11:30:00+00:00,17.9,100.0,OpenAQ verified hourly measurement
DEL,Delhi NCR,Delhi,6254594,"Talkatora Garden, Delhi - DPCC",15554208,2026-08-14 12:30:00+00:00,22.9,100.0,OpenAQ verified hourly measurement
DEL,Delhi NCR,Delhi,6254594,"Talkatora Garden, Delhi - DPCC",15554208,2026-08-14 13:30:00+00:00,30.4,100.0,OpenAQ verified hourly measurement
DEL,Delhi NCR,Delhi,6254594,"Talkatora Garden, Delhi - DPCC",15554208,2026-08-14 14:30:00+00:00,32.8,100.0,OpenAQ verified hourly measurement
DEL,Delhi NCR,Delhi,6254594,"Talkatora Garden, Delhi - DPCC",15554208,2026-08-14 15:30:00+00:00,35.6,100.0,OpenAQ verified hourly measurement
DEL,Delhi NCR,Delhi,6254594,"Talkatora Garden, Delhi - DPCC",15554208,2026-08-14 16:30:00+00:00,37.8,100.0,OpenAQ verified hourly measurement
DEL,Delhi NCR,Delhi,6254594,"Talkatora Garden, Delhi - DPCC",15554208,2026-08-14 17:30:00+00:00,38.0,50.0,OpenAQ verified hourly measurement
DEL,Delhi NCR,Delhi,6254594,"Talkatora Garden, Delhi - DPCC",15554208,2026-08-14 18:30:00+00:00,30.4,50.0,OpenAQ verified hourly measurement
DEL,Delhi NCR,Delhi,6254594,"Talkatora Garden, Delhi - DPCC",15554208,2026-08-14 19:30:00+00:00,41.6,75.0,OpenAQ verified hourly measurement
DEL,Delhi NCR,Delhi,6254594,"Talkatora Garden, Delhi - DPCC",15554208,2026-08-14 20:30:00+00:00,47.3,100.0,OpenAQ verified hourly measurement
DEL,Delhi NCR,Delhi,6254594,"Talkatora Garden, Delhi - DPCC",15554208,2026-08-14 21:30:00+00:00,43.8,25.0,OpenAQ verified hourly measurement
DEL,Delhi NCR,Delhi,6254594,"Talkatora Garden, Delhi - DPCC",15554208,2026-08-14 22:30:00+00:00,40.1,50.0,OpenAQ verified hourly measurement
DEL,Delhi NCR,Delhi,6254594,"Talkatora Garden, Delhi - DPCC",15554208,2026-08-14 23:30:00+00:00,29.8,100.0,OpenAQ verified hourly measurement
DEL,Delhi NCR,Delhi,6254594,"Talkatora Garden, Delhi - DPCC",15554208,2026-08-15 00:30:00+00:00,33.1,100.0,OpenAQ verified hourly measurement
DEL,Delhi NCR,Delhi,6254594,"Talkatora Garden, Delhi - DPCC",15554208,2026-08-15 01:30:00+00:00,43.8,100.0,OpenAQ verified hourly measurement
DEL,Delhi NCR,Delhi,6254594,"Talkatora Garden, Delhi - DPCC",15554208,2026-08-15 02:30:00+00:00,45.4,100.0,OpenAQ verified hourly measurement
DEL,Delhi NCR,Delhi,6254594,"Talkatora Garden, Delhi - DPCC",15554208,2026-08-15 03:30:00+00:00,55.9,100.0,OpenAQ verified hourly measurement
DEL,Delhi NCR,Delhi,6254594,"Talkatora Garden, Delhi - DPCC",15554208,2026-08-15 04:30:00+00:00,58.0,100.0,OpenAQ verified hourly measurement
DEL,Delhi NCR,Delhi,6254594,"Talkatora Garden, Delhi - DPCC",15554208,2026-08-15 05:30:00+00:00,47.9,100.0,OpenAQ verified hourly measurement
DEL,Delhi NCR,Delhi,6254594,"Talkatora Garden, Delhi - DPCC",15554208,2026-08-15 06:30:00+00:00,36.5,100.0,OpenAQ verified hourly measurement
DEL,Delhi NCR,Delhi,6254594,"Talkatora Garden, Delhi - DPCC",15554208,2026-08-15 07:30:00+00:00,29.4,100.0,OpenAQ verified hourly measurement
DEL,Delhi NCR,Delhi,6254594,"Talkatora Garden, Delhi - DPCC",15554208,2026-08-15 08:30:00+00:00,22.2,100.0,OpenAQ verified hourly measurement
DEL,Delhi NCR,Delhi,6254594,"Talkatora Garden, Delhi - DPCC",15554208,2026-08-15 09:30:00+00:00,17.5,100.0,OpenAQ verified hourly measurement
DEL,Delhi NCR,Delhi,6254594,"Talkatora Garden, Delhi - DPCC",15554208,2026-08-15 10:30:00+00:00,16.2,100.0,OpenAQ verified hourly measurement
DEL,Delhi NCR,Delhi,6254594,"Talkatora Garden, Delhi - DPCC",15554208,2026-08-15 11:30:00+00:00,21.2,100.0,OpenAQ verified hourly measurement
DEL,Delhi NCR,Delhi,6254594,"Talkatora Garden, Delhi - DPCC",15554208,2026-08-15 12:30:00+00:00,23.9,100.0,OpenAQ verified hourly measurement
DEL,Delhi NCR,Delhi,6254594,"Talkatora Garden, Delhi - DPCC",15554208,2026-08-15 13:30:00+00:00,25.4,100.0,OpenAQ verified hourly measurement
DEL,Delhi NCR,Delhi,6254594,"Talkatora Garden, Delhi - DPCC",15554208,2026-08-15 14:30:00+00:00,19.3,100.0,OpenAQ verified hourly measurement
DEL,Delhi NCR,Delhi,6254594,"Talkatora Garden, Delhi - DPCC",15554208,2026-08-15 15:30:00+00:00,40.1,100.0,OpenAQ verified hourly measurement
DEL,Delhi NCR,Delhi,6254594,"Talkatora Garden, Delhi - DPCC",15554208,2026-08-15 16:30:00+00:00,46.5,100.0,OpenAQ verified hourly measurement
DEL,Delhi NCR,Delhi,6254594,"Talkatora Garden, Delhi - DPCC",15554208,2026-08-15 17:30:00+00:00,46.3,75.0,OpenAQ verified hourly measurement
DEL,Delhi NCR,Delhi,6254594,"Talkatora Garden, Delhi - DPCC",15554208,2026-08-15 21:30:00+00:00,25.3,50.0,OpenAQ verified hourly measurement
DEL,Delhi NCR,Delhi,6254594,"Talkatora Garden, Delhi - DPCC",15554208,2026-08-15 22:30:00+00:00,23.2,100.0,OpenAQ verified hourly measurement
DEL,Delhi NCR,Delhi,6254594,"Talkatora Garden, Delhi - DPCC",15554208,2026-08-15 23:30:00+00:00,15.9,100.0,OpenAQ verified hourly measurement
DEL,Delhi NCR,Delhi,6254594,"Talkatora Garden, Delhi - DPCC",15554208,2026-08-16 00:30:00+00:00,16.8,100.0,OpenAQ verified hourly measurement
DEL,Delhi NCR,Delhi,6254594,"Talkatora Garden, Delhi - DPCC",15554208,2026-08-16 01:30:00+00:00,21.5,100.0,OpenAQ verified hourly measurement
DEL,Delhi NCR,Delhi,6254594,"Talkatora Garden, Delhi - DPCC",15554208,2026-08-16 02:30:00+00:00,23.9,100.0,OpenAQ verified hourly measurement
DEL,Delhi NCR,Delhi,6254594,"Talkatora Garden, Delhi - DPCC",15554208,2026-08-16 03:30:00+00:00,30.5,75.0,OpenAQ verified hourly measurement
DEL,Delhi NCR,Delhi,6254594,"Talkatora Garden, Delhi - DPCC",15554208,2026-08-16 04:30:00+00:00,32.5,100.0,OpenAQ verified hourly measurement
DEL,Delhi NCR,Delhi,6254594,"Talkatora Garden, Delhi - DPCC",15554208,2026-08-16 05:30:00+00:00,29.8,75.0,OpenAQ verified hourly measurement
DEL,Delhi NCR,Delhi,6254594,"Talkatora Garden, Delhi - DPCC",15554208,2026-08-16 06:30:00+00:00,34.0,100.0,OpenAQ verified hourly measurement
DEL,Delhi NCR,Delhi,6254594,"Talkatora Garden, Delhi - DPCC",15554208,2026-08-16 07:30:00+00:00,37.4,75.0,OpenAQ verified hourly measurement
DEL,Delhi NCR,Delhi,6254594,"Talkatora Garden, Delhi - DPCC",15554208,2026-08-16 08:30:00+00:00,28.9,100.0,OpenAQ verified hourly measurement
DEL,Delhi NCR,Delhi,6254594,"Talkatora Garden, Delhi - DPCC",15554208,2026-08-16 09:30:00+00:00,27.6,100.0,OpenAQ verified hourly measurement
DEL,Delhi NCR,Delhi,6254594,"Talkatora Garden, Delhi - DPCC",15554208,2026-08-16 10:30:00+00:00,35.1,100.0,OpenAQ verified hourly measurement
DEL,Delhi NCR,Delhi,6254594,"Talkatora Garden, Delhi - DPCC",15554208,2026-08-16 11:30:00+00:00,37.9,100.0,OpenAQ verified hourly measurement
DEL,Delhi NCR,Delhi,6254594,"Talkatora Garden, Delhi - DPCC",15554208,2026-08-16 12:30:00+00:00,38.7,100.0,OpenAQ verified hourly measurement
DEL,Delhi NCR,Delhi,6254594,"Talkatora Garden, Delhi - DPCC",15554208,2026-08-16 13:30:00+00:00,22.5,100.0,OpenAQ verified hourly measurement
DEL,Delhi NCR,Delhi,6254594,"Talkatora Garden, Delhi - DPCC",15554208,2026-08-16 14:30:00+00:00,24.4,100.0,OpenAQ verified hourly measurement
DEL,Delhi NCR,Delhi,6254594,"Talkatora Garden, Delhi - DPCC",15554208,2026-08-16 15:30:00+00:00,29.0,100.0,OpenAQ verified hourly measurement
DEL,Delhi NCR,Delhi,6254594,"Talkatora Garden, Delhi - DPCC",15554208,2026-08-16 16:30:00+00:00,32.8,100.0,OpenAQ verified hourly measurement
DEL,Delhi NCR,Delhi,6254594,"Talkatora Garden, Delhi - DPCC",15554208,2026-08-16 17:30:00+00:00,26.6,75.0,OpenAQ verified hourly measurement
DEL,Delhi NCR,Delhi,6254594,"Talkatora Garden, Delhi - DPCC",15554208,2026-08-16 18:30:00+00:00,25.5,50.0,OpenAQ verified hourly measurement
DEL,Delhi NCR,Delhi,6254594,"Talkatora Garden, Delhi - DPCC",15554208,2026-08-16 19:30:00+00:00,26.6,75.0,OpenAQ verified hourly measurement
DEL,Delhi NCR,Delhi,6254594,"Talkatora Garden, Delhi - DPCC",15554208,2026-08-16 22:30:00+00:00,26.5,50.0,OpenAQ verified hourly measurement
DEL,Delhi NCR,Delhi,6254594,"Talkatora Garden, Delhi - DPCC",15554208,2026-08-16 23:30:00+00:00,23.7,100.0,OpenAQ verified hourly measurement
DEL,Delhi NCR,Delhi,6254594,"Talkatora Garden, Delhi - DPCC",15554208,2026-08-17 00:30:00+00:00,21.9,100.0,OpenAQ verified hourly measurement
DEL,Delhi NCR,Delhi,6254594,"Talkatora Garden, Delhi - DPCC",15554208,2026-08-17 01:30:00+00:00,20.8,100.0,OpenAQ verified hourly measurement
DEL,Delhi NCR,Delhi,6254594,"Talkatora Garden, Delhi - DPCC",15554208,2026-08-17 02:30:00+00:00,22.5,100.0,OpenAQ verified hourly measurement
DEL,Delhi NCR,Delhi,6254594,"Talkatora Garden, Delhi - DPCC",15554208,2026-08-17 03:30:00+00:00,22.7,100.0,OpenAQ verified hourly measurement
DEL,Delhi NCR,Delhi,6254594,"Talkatora Garden, Delhi - DPCC",15554208,2026-08-17 04:30:00+00:00,24.8,100.0,OpenAQ verified hourly measurement
DEL,Delhi NCR,Delhi,6254594,"Talkatora Garden, Delhi - DPCC",15554208,2026-08-17 05:30:00+00:00,34.6,100.0,OpenAQ verified hourly measurement
DEL,Delhi NCR,Delhi,6254594,"Talkatora Garden, Delhi - DPCC",15554208,2026-08-17 06:30:00+00:00,33.4,100.0,OpenAQ verified hourly measurement
DEL,Delhi NCR,Delhi,6254594,"Talkatora Garden, Delhi - DPCC",15554208,2026-08-17 07:30:00+00:00,23.4,100.0,OpenAQ verified hourly measurement
DEL,Delhi NCR,Delhi,6254594,"Talkatora Garden, Delhi - DPCC",15554208,2026-08-17 08:30:00+00:00,35.5,100.0,OpenAQ verified hourly measurement
DEL,Delhi NCR,Delhi,6254594,"Talkatora Garden, Delhi - DPCC",15554208,2026-08-17 09:30:00+00:00,31.8,100.0,OpenAQ verified hourly measurement
DEL,Delhi NCR,Delhi,6254594,"Talkatora Garden, Delhi - DPCC",15554208,2026-08-17 10:30:00+00:00,28.1,100.0,OpenAQ verified hourly measurement
DEL,Delhi NCR,Delhi,6254594,"Talkatora Garden, Delhi - DPCC",15554208,2026-08-17 11:30:00+00:00,21.5,100.0,OpenAQ verified hourly measurement
DEL,Delhi NCR,Delhi,6254594,"Talkatora Garden, Delhi - DPCC",15554208,2026-08-17 12:30:00+00:00,21.5,100.0,OpenAQ verified hourly measurement
DEL,Delhi NCR,Delhi,6254594,"Talkatora Garden, Delhi - DPCC",15554208,2026-08-17 13:30:00+00:00,21.6,75.0,OpenAQ verified hourly measurement
DEL,Delhi NCR,Delhi,6254594,"Talkatora Garden, Delhi - DPCC",15554208,2026-08-17 14:30:00+00:00,21.8,100.0,OpenAQ verified hourly measurement
DEL,Delhi NCR,Delhi,6254594,"Talkatora Garden, Delhi - DPCC",15554208,2026-08-17 15:30:00+00:00,21.6,100.0,OpenAQ verified hourly measurement
DEL,Delhi NCR,Delhi,6254594,"Talkatora Garden, Delhi - DPCC",15554208,2026-08-17 16:30:00+00:00,21.9,100.0,OpenAQ verified hourly measurement
DEL,Delhi NCR,Delhi,6254594,"Talkatora Garden, Delhi - DPCC",15554208,2026-08-17 17:30:00+00:00,25.5,75.0,OpenAQ verified hourly measurement
DEL,Delhi NCR,Delhi,6254594,"Talkatora Garden, Delhi - DPCC",15554208,2026-08-17 18:30:00+00:00,23.6,50.0,OpenAQ verified hourly measurement
DEL,Delhi NCR,Delhi,6254594,"Talkatora Garden, Delhi - DPCC",15554208,2026-08-17 19:30:00+00:00,24.3,100.0,OpenAQ verified hourly measurement
DEL,Delhi NCR,Delhi,6254594,"Talkatora Garden, Delhi - DPCC",15554208,2026-08-17 20:30:00+00:00,25.3,100.0,OpenAQ verified hourly measurement
DEL,Delhi NCR,Delhi,6254594,"Talkatora Garden, Delhi - DPCC",15554208,2026-08-17 21:30:00+00:00,22.3,100.0,OpenAQ verified hourly measurement
DEL,Delhi NCR,Delhi,6254594,"Talkatora Garden, Delhi - DPCC",15554208,2026-08-17 22:30:00+00:00,9.19,100.0,OpenAQ verified hourly measurement
DEL,Delhi NCR,Delhi,6254594,"Talkatora Garden, Delhi - DPCC",15554208,2026-08-17 23:30:00+00:00,19.6,100.0,OpenAQ verified hourly measurement
DEL,Delhi NCR,Delhi,6254594,"Talkatora Garden, Delhi - DPCC",15554208,2026-08-18 00:30:00+00:00,24.2,100.0,OpenAQ verified hourly measurement
DEL,Delhi NCR,Delhi,6254594,"Talkatora Garden, Delhi - DPCC",15554208,2026-08-18 01:30:00+00:00,24.5,100.0,OpenAQ verified hourly measurement
DEL,Delhi NCR,Delhi,6254594,"Talkatora Garden, Delhi - DPCC",15554208,2026-08-18 02:30:00+00:00,23.1,100.0,OpenAQ verified hourly measurement
DEL,Delhi NCR,Delhi,6254594,"Talkatora Garden, Delhi - DPCC",15554208,2026-08-18 03:30:00+00:00,27.0,100.0,OpenAQ verified hourly measurement
DEL,Delhi NCR,Delhi,6254594,"Talkatora Garden, Delhi - DPCC",15554208,2026-08-18 04:30:00+00:00,30.0,100.0,OpenAQ verified hourly measurement
DEL,Delhi NCR,Delhi,6254594,"Talkatora Garden, Delhi - DPCC",15554208,2026-08-18 05:30:00+00:00,30.0,100.0,OpenAQ verified hourly measurement
DEL,Delhi NCR,Delhi,6254594,"Talkatora Garden, Delhi - DPCC",15554208,2026-08-18 06:30:00+00:00,33.7,100.0,OpenAQ verified hourly measurement
DEL,Delhi NCR,Delhi,6254594,"Talkatora Garden, Delhi - DPCC",15554208,2026-08-18 07:30:00+00:00,35.4,100.0,OpenAQ verified hourly measurement
DEL,Delhi NCR,Delhi,6254594,"Talkatora Garden, Delhi - DPCC",15554208,2026-08-18 08:30:00+00:00,36.3,100.0,OpenAQ verified hourly measurement
DEL,Delhi NCR,Delhi,6254594,"Talkatora Garden, Delhi - DPCC",15554208,2026-08-18 09:30:00+00:00,28.9,100.0,OpenAQ verified hourly measurement
DEL,Delhi NCR,Delhi,6254594,"Talkatora Garden, Delhi - DPCC",15554208,2026-08-18 10:30:00+00:00,32.6,100.0,OpenAQ verified hourly measurement
DEL,Delhi NCR,Delhi,6254594,"Talkatora Garden, Delhi - DPCC",15554208,2026-08-18 11:30:00+00:00,28.5,100.0,OpenAQ verified hourly measurement
DEL,Delhi NCR,Delhi,6254594,"Talkatora Garden, Delhi - DPCC",15554208,2026-08-18 12:30:00+00:00,22.4,100.0,OpenAQ verified hourly measurement
DEL,Delhi NCR,Delhi,6254594,"Talkatora Garden, Delhi - DPCC",15554208,2026-08-18 13:30:00+00:00,26.5,75.0,OpenAQ verified hourly measurement
DEL,Delhi NCR,Delhi,6254594,"Talkatora Garden, Delhi - DPCC",15554208,2026-08-18 14:30:00+00:00,30.0,100.0,OpenAQ verified hourly measurement
DEL,Delhi NCR,Delhi,6254594,"Talkatora Garden, Delhi - DPCC",15554208,2026-08-18 15:30:00+00:00,35.4,75.0,OpenAQ verified hourly measurement
DEL,Delhi NCR,Delhi,6254594,"Talkatora Garden, Delhi - DPCC",15554208,2026-08-18 16:30:00+00:00,42.2,100.0,OpenAQ verified hourly measurement
DEL,Delhi NCR,Delhi,6254594,"Talkatora Garden, Delhi - DPCC",15554208,2026-08-18 17:30:00+00:00,40.7,50.0,OpenAQ verified hourly measurement
DEL,Delhi NCR,Delhi,6254594,"Talkatora Garden, Delhi - DPCC",15554208,2026-08-18 18:30:00+00:00,27.1,50.0,OpenAQ verified hourly measurement
DEL,Delhi NCR,Delhi,6254594,"Talkatora Garden, Delhi - DPCC",15554208,2026-08-18 19:30:00+00:00,23.9,100.0,OpenAQ verified hourly measurement
DEL,Delhi NCR,Delhi,6254594,"Talkatora Garden, Delhi - DPCC",15554208,2026-08-18 20:30:00+00:00,21.8,100.0,OpenAQ verified hourly measurement
DEL,Delhi NCR,Delhi,6254594,"Talkatora Garden, Delhi - DPCC",15554208,2026-08-18 21:30:00+00:00,19.8,100.0,OpenAQ verified hourly measurement
DEL,Delhi NCR,Delhi,6254594,"Talkatora Garden, Delhi - DPCC",15554208,2026-08-18 22:30:00+00:00,18.0,100.0,OpenAQ verified hourly measurement
DEL,Delhi NCR,Delhi,6254594,"Talkatora Garden, Delhi - DPCC",15554208,2026-08-18 23:30:00+00:00,16.4,100.0,OpenAQ verified hourly measurement
DEL,Delhi NCR,Delhi,6254594,"Talkatora Garden, Delhi - DPCC",15554208,2026-08-19 00:30:00+00:00,20.2,100.0,OpenAQ verified hourly measurement
DEL,Delhi NCR,Delhi,6254594,"Talkatora Garden, Delhi - DPCC",15554208,2026-08-19 01:30:00+00:00,22.6,100.0,OpenAQ verified hourly measurement
DEL,Delhi NCR,Delhi,6254594,"Talkatora Garden, Delhi - DPCC",15554208,2026-08-19 02:30:00+00:00,26.7,100.0,OpenAQ verified hourly measurement
DEL,Delhi NCR,Delhi,6254594,"Talkatora Garden, Delhi - DPCC",15554208,2026-08-19 03:30:00+00:00,33.2,100.0,OpenAQ verified hourly measurement
DEL,Delhi NCR,Delhi,6254594,"Talkatora Garden, Delhi - DPCC",15554208,2026-08-19 04:30:00+00:00,35.8,75.0,OpenAQ verified hourly measurement
DEL,Delhi NCR,Delhi,6254594,"Talkatora Garden, Delhi - DPCC",15554208,2026-08-19 05:30:00+00:00,34.1,50.0,OpenAQ verified hourly measurement
DEL,Delhi NCR,Delhi,6254594,"Talkatora Garden, Delhi - DPCC",15554208,2026-08-19 06:30:00+00:00,35.4,100.0,OpenAQ verified hourly measurement
DEL,Delhi NCR,Delhi,6254594,"Talkatora Garden, Delhi - DPCC",15554208,2026-08-19 07:30:00+00:00,42.1,100.0,OpenAQ verified hourly measurement
DEL,Delhi NCR,Delhi,6254594,"Talkatora Garden, Delhi - DPCC",15554208,2026-08-19 08:30:00+00:00,28.4,100.0,OpenAQ verified hourly measurement
DEL,Delhi NCR,Delhi,6254594,"Talkatora Garden, Delhi - DPCC",15554208,2026-08-19 09:30:00+00:00,41.1,75.0,OpenAQ verified hourly measurement
DEL,Delhi NCR,Delhi,6254594,"Talkatora Garden, Delhi - DPCC",15554208,2026-08-19 10:30:00+00:00,31.7,100.0,OpenAQ verified hourly measurement
DEL,Delhi NCR,Delhi,6254594,"Talkatora Garden, Delhi - DPCC",15554208,2026-08-19 11:30:00+00:00,30.7,100.0,OpenAQ verified hourly measurement
DEL,Delhi NCR,Delhi,6254594,"Talkatora Garden, Delhi - DPCC",15554208,2026-08-19 12:30:00+00:00,35.8,100.0,OpenAQ verified hourly measurement
DEL,Delhi NCR,Delhi,6254594,"Talkatora Garden, Delhi - DPCC",15554208,2026-08-19 13:30:00+00:00,28.5,100.0,OpenAQ verified hourly measurement
DEL,Delhi NCR,Delhi,6254594,"Talkatora Garden, Delhi - DPCC",15554208,2026-08-19 14:30:00+00:00,30.8,100.0,OpenAQ verified hourly measurement
DEL,Delhi NCR,Delhi,6254594,"Talkatora Garden, Delhi - DPCC",15554208,2026-08-19 15:30:00+00:00,37.6,100.0,OpenAQ verified hourly measurement
DEL,Delhi NCR,Delhi,6254594,"Talkatora Garden, Delhi - DPCC",15554208,2026-08-19 16:30:00+00:00,38.5,100.0,OpenAQ verified hourly measurement
DEL,Delhi NCR,Delhi,6254594,"Talkatora Garden, Delhi - DPCC",15554208,2026-08-19 17:30:00+00:00,40.1,75.0,OpenAQ verified hourly measurement
DEL,Delhi NCR,Delhi,6254594,"Talkatora Garden, Delhi - DPCC",15554208,2026-08-19 18:30:00+00:00,36.2,50.0,OpenAQ verified hourly measurement
DEL,Delhi NCR,Delhi,6254594,"Talkatora Garden, Delhi - DPCC",15554208,2026-08-19 19:30:00+00:00,40.9,100.0,OpenAQ verified hourly measurement
DEL,Delhi NCR,Delhi,6254594,"Talkatora Garden, Delhi - DPCC",15554208,2026-08-19 20:30:00+00:00,44.6,100.0,OpenAQ verified hourly measurement
DEL,Delhi NCR,Delhi,6254594,"Talkatora Garden, Delhi - DPCC",15554208,2026-08-19 21:30:00+00:00,39.5,100.0,OpenAQ verified hourly measurement
DEL,Delhi NCR,Delhi,6254594,"Talkatora Garden, Delhi - DPCC",15554208,2026-08-19 22:30:00+00:00,28.4,100.0,OpenAQ verified hourly measurement
DEL,Delhi NCR,Delhi,6254594,"Talkatora Garden, Delhi - DPCC",15554208,2026-08-19 23:30:00+00:00,18.5,100.0,OpenAQ verified hourly measurement
DEL,Delhi NCR,Delhi,6254594,"Talkatora Garden, Delhi - DPCC",15554208,2026-08-20 00:30:00+00:00,13.0,100.0,OpenAQ verified hourly measurement
DEL,Delhi NCR,Delhi,6254594,"Talkatora Garden, Delhi - DPCC",15554208,2026-08-20 01:30:00+00:00,16.5,100.0,OpenAQ verified hourly measurement
DEL,Delhi NCR,Delhi,6254594,"Talkatora Garden, Delhi - DPCC",15554208,2026-08-20 02:30:00+00:00,20.6,100.0,OpenAQ verified hourly measurement
DEL,Delhi NCR,Delhi,6254594,"Talkatora Garden, Delhi - DPCC",15554208,2026-08-20 03:30:00+00:00,26.8,100.0,OpenAQ verified hourly measurement
DEL,Delhi NCR,Delhi,6254594,"Talkatora Garden, Delhi - DPCC",15554208,2026-08-20 04:30:00+00:00,32.6,100.0,OpenAQ verified hourly measurement
DEL,Delhi NCR,Delhi,6254594,"Talkatora Garden, Delhi - DPCC",15554208,2026-08-20 05:30:00+00:00,35.1,100.0,OpenAQ verified hourly measurement
DEL,Delhi NCR,Delhi,6254594,"Talkatora Garden, Delhi - DPCC",15554208,2026-08-20 06:30:00+00:00,42.6,100.0,OpenAQ verified hourly measurement
DEL,Delhi NCR,Delhi,6254594,"Talkatora Garden, Delhi - DPCC",15554208,2026-08-20 07:30:00+00:00,43.4,100.0,OpenAQ verified hourly measurement
DEL,Delhi NCR,Delhi,6254594,"Talkatora Garden, Delhi - DPCC",15554208,2026-08-20 08:30:00+00:00,40.2,100.0,OpenAQ verified hourly measurement
DEL,Delhi NCR,Delhi,6254594,"Talkatora Garden, Delhi - DPCC",15554208,2026-08-20 09:30:00+00:00,38.0,100.0,OpenAQ verified hourly measurement
DEL,Delhi NCR,Delhi,6254594,"Talkatora Garden, Delhi - DPCC",15554208,2026-08-20 10:30:00+00:00,35.2,100.0,OpenAQ verified hourly measurement
DEL,Delhi NCR,Delhi,6254594,"Talkatora Garden, Delhi - DPCC",15554208,2026-08-20 11:30:00+00:00,35.3,100.0,OpenAQ verified hourly measurement
DEL,Delhi NCR,Delhi,6254594,"Talkatora Garden, Delhi - DPCC",15554208,2026-08-20 12:30:00+00:00,28.4,100.0,OpenAQ verified hourly measurement
DEL,Delhi NCR,Delhi,6254594,"Talkatora Garden, Delhi - DPCC",15554208,2026-08-20 13:30:00+00:00,38.9,75.0,OpenAQ verified hourly measurement
DEL,Delhi NCR,Delhi,6254594,"Talkatora Garden, Delhi - DPCC",15554208,2026-08-20 14:30:00+00:00,43.0,100.0,OpenAQ verified hourly measurement
DEL,Delhi NCR,Delhi,6254594,"Talkatora Garden, Delhi - DPCC",15554208,2026-08-20 15:30:00+00:00,44.1,75.0,OpenAQ verified hourly measurement
DEL,Delhi NCR,Delhi,6254594,"Talkatora Garden, Delhi - DPCC",15554208,2026-08-20 16:30:00+00:00,44.0,100.0,OpenAQ verified hourly measurement
DEL,Delhi NCR,Delhi,6254594,"Talkatora Garden, Delhi - DPCC",15554208,2026-08-20 17:30:00+00:00,45.9,50.0,OpenAQ verified hourly measurement
DEL,Delhi NCR,Delhi,6254594,"Talkatora Garden, Delhi - DPCC",15554208,2026-08-20 18:30:00+00:00,48.8,50.0,OpenAQ verified hourly measurement
DEL,Delhi NCR,Delhi,6254594,"Talkatora Garden, Delhi - DPCC",15554208,2026-08-20 19:30:00+00:00,53.0,75.0,OpenAQ verified hourly measurement
DEL,Delhi NCR,Delhi,6254594,"Talkatora Garden, Delhi - DPCC",15554208,2026-08-20 20:30:00+00:00,52.4,100.0,OpenAQ verified hourly measurement
DEL,Delhi NCR,Delhi,6254594,"Talkatora Garden, Delhi - DPCC",15554208,2026-08-20 21:30:00+00:00,47.6,100.0,OpenAQ verified hourly measurement
DEL,Delhi NCR,Delhi,6254594,"Talkatora Garden, Delhi - DPCC",15554208,2026-08-20 22:30:00+00:00,45.5,100.0,OpenAQ verified hourly measurement
DEL,Delhi NCR,Delhi,6254594,"Talkatora Garden, Delhi - DPCC",15554208,2026-08-20 23:30:00+00:00,34.9,100.0,OpenAQ verified hourly measurement
DEL,Delhi NCR,Delhi,6254594,"Talkatora Garden, Delhi - DPCC",15554208,2026-08-21 00:30:00+00:00,26.8,100.0,OpenAQ verified hourly measurement
DEL,Delhi NCR,Delhi,6254594,"Talkatora Garden, Delhi - DPCC",15554208,2026-08-21 01:30:00+00:00,22.1,100.0,OpenAQ verified hourly measurement
DEL,Delhi NCR,Delhi,6254594,"Talkatora Garden, Delhi - DPCC",15554208,2026-08-21 02:30:00+00:00,26.4,100.0,OpenAQ verified hourly measurement
DEL,Delhi NCR,Delhi,6254594,"Talkatora Garden, Delhi - DPCC",15554208,2026-08-21 03:30:00+00:00,35.2,100.0,OpenAQ verified hourly measurement
DEL,Delhi NCR,Delhi,6254594,"Talkatora Garden, Delhi - DPCC",15554208,2026-08-21 04:30:00+00:00,36.9,100.0,OpenAQ verified hourly measurement
DEL,Delhi NCR,Delhi,6254594,"Talkatora Garden, Delhi - DPCC",15554208,2026-08-21 05:30:00+00:00,35.0,100.0,OpenAQ verified hourly measurement
DEL,Delhi NCR,Delhi,6254594,"Talkatora Garden, Delhi - DPCC",15554208,2026-08-21 06:30:00+00:00,34.5,100.0,OpenAQ verified hourly measurement
DEL,Delhi NCR,Delhi,6254594,"Talkatora Garden, Delhi - DPCC",15554208,2026-08-21 07:30:00+00:00,25.7,100.0,OpenAQ verified hourly measurement
DEL,Delhi NCR,Delhi,6254594,"Talkatora Garden, Delhi - DPCC",15554208,2026-08-21 08:30:00+00:00,31.3,100.0,OpenAQ verified hourly measurement
DEL,Delhi NCR,Delhi,6254594,"Talkatora Garden, Delhi - DPCC",15554208,2026-08-21 09:30:00+00:00,31.2,100.0,OpenAQ verified hourly measurement
DEL,Delhi NCR,Delhi,6254594,"Talkatora Garden, Delhi - DPCC",15554208,2026-08-21 10:30:00+00:00,26.2,100.0,OpenAQ verified hourly measurement
DEL,Delhi NCR,Delhi,6254594,"Talkatora Garden, Delhi - DPCC",15554208,2026-08-21 11:30:00+00:00,20.3,100.0,OpenAQ verified hourly measurement
DEL,Delhi NCR,Delhi,6254594,"Talkatora Garden, Delhi - DPCC",15554208,2026-08-21 12:30:00+00:00,19.7,100.0,OpenAQ verified hourly measurement
DEL,Delhi NCR,Delhi,6254594,"Talkatora Garden, Delhi - DPCC",15554208,2026-08-21 13:30:00+00:00,25.8,100.0,OpenAQ verified hourly measurement
DEL,Delhi NCR,Delhi,6254594,"Talkatora Garden, Delhi - DPCC",15554208,2026-08-21 14:30:00+00:00,28.4,100.0,OpenAQ verified hourly measurement
DEL,Delhi NCR,Delhi,6254594,"Talkatora Garden, Delhi - DPCC",15554208,2026-08-21 15:30:00+00:00,26.9,100.0,OpenAQ verified hourly measurement
DEL,Delhi NCR,Delhi,6254594,"Talkatora Garden, Delhi - DPCC",15554208,2026-08-21 16:30:00+00:00,20.4,100.0,OpenAQ verified hourly measurement
DEL,Delhi NCR,Delhi,6254594,"Talkatora Garden, Delhi - DPCC",15554208,2026-08-21 17:30:00+00:00,27.7,75.0,OpenAQ verified hourly measurement
DEL,Delhi NCR,Delhi,6254594,"Talkatora Garden, Delhi - DPCC",15554208,2026-08-21 18:30:00+00:00,23.9,50.0,OpenAQ verified hourly measurement
DEL,Delhi NCR,Delhi,6254594,"Talkatora Garden, Delhi - DPCC",15554208,2026-08-21 19:30:00+00:00,26.8,100.0,OpenAQ verified hourly measurement
DEL,Delhi NCR,Delhi,6254594,"Talkatora Garden, Delhi - DPCC",15554208,2026-08-21 20:30:00+00:00,29.5,100.0,OpenAQ verified hourly measurement
DEL,Delhi NCR,Delhi,6254594,"Talkatora Garden, Delhi - DPCC",15554208,2026-08-21 21:30:00+00:00,27.7,100.0,OpenAQ verified hourly measurement
DEL,Delhi NCR,Delhi,6254594,"Talkatora Garden, Delhi - DPCC",15554208,2026-08-21 22:30:00+00:00,10.0,100.0,OpenAQ verified hourly measurement
DEL,Delhi NCR,Delhi,6254594,"Talkatora Garden, Delhi - DPCC",15554208,2026-08-21 23:30:00+00:00,14.9,100.0,OpenAQ verified hourly measurement
DEL,Delhi NCR,Delhi,6254594,"Talkatora Garden, Delhi - DPCC",15554208,2026-08-22 00:30:00+00:00,14.6,100.0,OpenAQ verified hourly measurement
DEL,Delhi NCR,Delhi,6254594,"Talkatora Garden, Delhi - DPCC",15554208,2026-08-22 01:30:00+00:00,15.7,75.0,OpenAQ verified hourly measurement
DEL,Delhi NCR,Delhi,6254594,"Talkatora Garden, Delhi - DPCC",15554208,2026-08-22 02:30:00+00:00,20.1,100.0,OpenAQ verified hourly measurement
DEL,Delhi NCR,Delhi,6254594,"Talkatora Garden, Delhi - DPCC",15554208,2026-08-22 03:30:00+00:00,29.2,75.0,OpenAQ verified hourly measurement
DEL,Delhi NCR,Delhi,6254594,"Talkatora Garden, Delhi - DPCC",15554208,2026-08-22 04:30:00+00:00,32.8,100.0,OpenAQ verified hourly measurement
DEL,Delhi NCR,Delhi,6254594,"Talkatora Garden, Delhi - DPCC",15554208,2026-08-22 05:30:00+00:00,33.4,75.0,OpenAQ verified hourly measurement
DEL,Delhi NCR,Delhi,6254594,"Talkatora Garden, Delhi - DPCC",15554208,2026-08-22 06:30:00+00:00,33.7,100.0,OpenAQ verified hourly measurement
DEL,Delhi NCR,Delhi,6254594,"Talkatora Garden, Delhi - DPCC",15554208,2026-08-22 07:30:00+00:00,30.8,100.0,OpenAQ verified hourly measurement
DEL,Delhi NCR,Delhi,6254594,"Talkatora Garden, Delhi - DPCC",15554208,2026-08-22 08:30:00+00:00,29.7,100.0,OpenAQ verified hourly measurement
DEL,Delhi NCR,Delhi,6254594,"Talkatora Garden, Delhi - DPCC",15554208,2026-08-22 09:30:00+00:00,28.6,100.0,OpenAQ verified hourly measurement
DEL,Delhi NCR,Delhi,6254594,"Talkatora Garden, Delhi - DPCC",15554208,2026-08-22 10:30:00+00:00,26.3,100.0,OpenAQ verified hourly measurement
DEL,Delhi NCR,Delhi,6254594,"Talkatora Garden, Delhi - DPCC",15554208,2026-08-22 11:30:00+00:00,32.8,100.0,OpenAQ verified hourly measurement
DEL,Delhi NCR,Delhi,6254594,"Talkatora Garden, Delhi - DPCC",15554208,2026-08-22 12:30:00+00:00,31.6,100.0,OpenAQ verified hourly measurement
DEL,Delhi NCR,Delhi,6254594,"Talkatora Garden, Delhi - DPCC",15554208,2026-08-22 13:30:00+00:00,28.4,100.0,OpenAQ verified hourly measurement
DEL,Delhi NCR,Delhi,6254594,"Talkatora Garden, Delhi - DPCC",15554208,2026-08-22 14:30:00+00:00,29.4,100.0,OpenAQ verified hourly measurement
DEL,Delhi NCR,Delhi,6254594,"Talkatora Garden, Delhi - DPCC",15554208,2026-08-22 15:30:00+00:00,36.0,100.0,OpenAQ verified hourly measurement
DEL,Delhi NCR,Delhi,6254594,"Talkatora Garden, Delhi - DPCC",15554208,2026-08-22 16:30:00+00:00,41.4,100.0,OpenAQ verified hourly measurement
DEL,Delhi NCR,Delhi,6254594,"Talkatora Garden, Delhi - DPCC",15554208,2026-08-22 17:30:00+00:00,47.6,75.0,OpenAQ verified hourly measurement
DEL,Delhi NCR,Delhi,6254594,"Talkatora Garden, Delhi - DPCC",15554208,2026-08-22 18:30:00+00:00,53.8,50.0,OpenAQ verified hourly measurement
DEL,Delhi NCR,Delhi,6254594,"Talkatora Garden, Delhi - DPCC",15554208,2026-08-22 19:30:00+00:00,56.8,100.0,OpenAQ verified hourly measurement
DEL,Delhi NCR,Delhi,6254594,"Talkatora Garden, Delhi - DPCC",15554208,2026-08-22 21:30:00+00:00,50.1,50.0,OpenAQ verified hourly measurement
DEL,Delhi NCR,Delhi,6254594,"Talkatora Garden, Delhi - DPCC",15554208,2026-08-22 22:30:00+00:00,50.6,100.0,OpenAQ verified hourly measurement
DEL,Delhi NCR,Delhi,6254594,"Talkatora Garden, Delhi - DPCC",15554208,2026-08-22 23:30:00+00:00,46.3,100.0,OpenAQ verified hourly measurement
DEL,Delhi NCR,Delhi,6254594,"Talkatora Garden, Delhi - DPCC",15554208,2026-08-23 00:30:00+00:00,44.5,100.0,OpenAQ verified hourly measurement
DEL,Delhi NCR,Delhi,6254594,"Talkatora Garden, Delhi - DPCC",15554208,2026-08-23 01:30:00+00:00,28.6,100.0,OpenAQ verified hourly measurement
DEL,Delhi NCR,Delhi,6254594,"Talkatora Garden, Delhi - DPCC",15554208,2026-08-23 02:30:00+00:00,21.5,100.0,OpenAQ verified hourly measurement
DEL,Delhi NCR,Delhi,6254594,"Talkatora Garden, Delhi - DPCC",15554208,2026-08-23 03:30:00+00:00,20.5,100.0,OpenAQ verified hourly measurement
DEL,Delhi NCR,Delhi,6254594,"Talkatora Garden, Delhi - DPCC",15554208,2026-08-23 04:30:00+00:00,25.1,100.0,OpenAQ verified hourly measurement
DEL,Delhi NCR,Delhi,6254594,"Talkatora Garden, Delhi - DPCC",15554208,2026-08-23 05:30:00+00:00,23.7,100.0,OpenAQ verified hourly measurement
DEL,Delhi NCR,Delhi,6254594,"Talkatora Garden, Delhi - DPCC",15554208,2026-08-23 06:30:00+00:00,28.2,100.0,OpenAQ verified hourly measurement
DEL,Delhi NCR,Delhi,6254594,"Talkatora Garden, Delhi - DPCC",15554208,2026-08-23 07:30:00+00:00,27.3,100.0,OpenAQ verified hourly measurement
DEL,Delhi NCR,Delhi,6254594,"Talkatora Garden, Delhi - DPCC",15554208,2026-08-23 08:30:00+00:00,26.3,100.0,OpenAQ verified hourly measurement
DEL,Delhi NCR,Delhi,6254594,"Talkatora Garden, Delhi - DPCC",15554208,2026-08-23 09:30:00+00:00,29.6,100.0,OpenAQ verified hourly measurement
DEL,Delhi NCR,Delhi,6254594,"Talkatora Garden, Delhi - DPCC",15554208,2026-08-23 10:30:00+00:00,35.6,100.0,OpenAQ verified hourly measurement
DEL,Delhi NCR,Delhi,6254594,"Talkatora Garden, Delhi - DPCC",15554208,2026-08-23 11:30:00+00:00,39.5,100.0,OpenAQ verified hourly measurement
DEL,Delhi NCR,Delhi,6254594,"Talkatora Garden, Delhi - DPCC",15554208,2026-08-23 12:30:00+00:00,39.2,100.0,OpenAQ verified hourly measurement
DEL,Delhi NCR,Delhi,6254594,"Talkatora Garden, Delhi - DPCC",15554208,2026-08-23 13:30:00+00:00,35.3,100.0,OpenAQ verified hourly measurement
DEL,Delhi NCR,Delhi,6254594,"Talkatora Garden, Delhi - DPCC",15554208,2026-08-23 14:30:00+00:00,31.2,100.0,OpenAQ verified hourly measurement
DEL,Delhi NCR,Delhi,6254594,"Talkatora Garden, Delhi - DPCC",15554208,2026-08-23 15:30:00+00:00,29.1,75.0,OpenAQ verified hourly measurement
DEL,Delhi NCR,Delhi,6254594,"Talkatora Garden, Delhi - DPCC",15554208,2026-08-23 16:30:00+00:00,28.7,100.0,OpenAQ verified hourly measurement
DEL,Delhi NCR,Delhi,6254594,"Talkatora Garden, Delhi - DPCC",15554208,2026-08-23 17:30:00+00:00,33.4,50.0,OpenAQ verified hourly measurement
DEL,Delhi NCR,Delhi,6254594,"Talkatora Garden, Delhi - DPCC",15554208,2026-08-23 18:30:00+00:00,38.7,50.0,OpenAQ verified hourly measurement
DEL,Delhi NCR,Delhi,6254594,"Talkatora Garden, Delhi - DPCC",15554208,2026-08-23 19:30:00+00:00,41.8,75.0,OpenAQ verified hourly measurement
DEL,Delhi NCR,Delhi,6254594,"Talkatora Garden, Delhi - DPCC",15554208,2026-08-23 20:30:00+00:00,42.3,100.0,OpenAQ verified hourly measurement
DEL,Delhi NCR,Delhi,6254594,"Talkatora Garden, Delhi - DPCC",15554208,2026-08-23 21:30:00+00:00,39.8,100.0,OpenAQ verified hourly measurement
DEL,Delhi NCR,Delhi,6254594,"Talkatora Garden, Delhi - DPCC",15554208,2026-08-23 22:30:00+00:00,41.4,100.0,OpenAQ verified hourly measurement
DEL,Delhi NCR,Delhi,6254594,"Talkatora Garden, Delhi - DPCC",15554208,2026-08-23 23:30:00+00:00,42.1,100.0,OpenAQ verified hourly measurement
DEL,Delhi NCR,Delhi,6254594,"Talkatora Garden, Delhi - DPCC",15554208,2026-08-24 00:30:00+00:00,43.4,100.0,OpenAQ verified hourly measurement
DEL,Delhi NCR,Delhi,6254594,"Talkatora Garden, Delhi - DPCC",15554208,2026-08-24 01:30:00+00:00,44.4,100.0,OpenAQ verified hourly measurement
DEL,Delhi NCR,Delhi,6254594,"Talkatora Garden, Delhi - DPCC",15554208,2026-08-24 02:30:00+00:00,51.3,100.0,OpenAQ verified hourly measurement
DEL,Delhi NCR,Delhi,6254594,"Talkatora Garden, Delhi - DPCC",15554208,2026-08-24 03:30:00+00:00,59.6,100.0,OpenAQ verified hourly measurement
DEL,Delhi NCR,Delhi,6254594,"Talkatora Garden, Delhi - DPCC",15554208,2026-08-24 04:30:00+00:00,53.6,100.0,OpenAQ verified hourly measurement
DEL,Delhi NCR,Delhi,6254594,"Talkatora Garden, Delhi - DPCC",15554208,2026-08-24 05:30:00+00:00,43.9,100.0,OpenAQ verified hourly measurement
DEL,Delhi NCR,Delhi,6254594,"Talkatora Garden, Delhi - DPCC",15554208,2026-08-24 06:30:00+00:00,30.2,100.0,OpenAQ verified hourly measurement
DEL,Delhi NCR,Delhi,6254594,"Talkatora Garden, Delhi - DPCC",15554208,2026-08-24 07:30:00+00:00,14.5,100.0,OpenAQ verified hourly measurement
DEL,Delhi NCR,Delhi,6254594,"Talkatora Garden, Delhi - DPCC",15554208,2026-08-24 08:30:00+00:00,8.74,100.0,OpenAQ verified hourly measurement
DEL,Delhi NCR,Delhi,6254594,"Talkatora Garden, Delhi - DPCC",15554208,2026-08-24 09:30:00+00:00,10.0,100.0,OpenAQ verified hourly measurement
DEL,Delhi NCR,Delhi,6254594,"Talkatora Garden, Delhi - DPCC",15554208,2026-08-24 10:30:00+00:00,21.4,100.0,OpenAQ verified hourly measurement
DEL,Delhi NCR,Delhi,6254594,"Talkatora Garden, Delhi - DPCC",15554208,2026-08-24 11:30:00+00:00,38.8,100.0,OpenAQ verified hourly measurement
DEL,Delhi NCR,Delhi,6254594,"Talkatora Garden, Delhi - DPCC",15554208,2026-08-24 12:30:00+00:00,46.4,100.0,OpenAQ verified hourly measurement
DEL,Delhi NCR,Delhi,6254594,"Talkatora Garden, Delhi - DPCC",15554208,2026-08-24 13:30:00+00:00,53.9,100.0,OpenAQ verified hourly measurement
DEL,Delhi NCR,Delhi,6254594,"Talkatora Garden, Delhi - DPCC",15554208,2026-08-24 14:30:00+00:00,54.3,100.0,OpenAQ verified hourly measurement
DEL,Delhi NCR,Delhi,6254594,"Talkatora Garden, Delhi - DPCC",15554208,2026-08-24 15:30:00+00:00,46.0,100.0,OpenAQ verified hourly measurement
DEL,Delhi NCR,Delhi,6254594,"Talkatora Garden, Delhi - DPCC",15554208,2026-08-24 16:30:00+00:00,46.0,100.0,OpenAQ verified hourly measurement
DEL,Delhi NCR,Delhi,6254594,"Talkatora Garden, Delhi - DPCC",15554208,2026-08-24 17:30:00+00:00,46.4,75.0,OpenAQ verified hourly measurement
DEL,Delhi NCR,Delhi,6254594,"Talkatora Garden, Delhi - DPCC",15554208,2026-08-24 18:30:00+00:00,40.6,50.0,OpenAQ verified hourly measurement
DEL,Delhi NCR,Delhi,6254594,"Talkatora Garden, Delhi - DPCC",15554208,2026-08-24 19:30:00+00:00,44.2,100.0,OpenAQ verified hourly measurement
DEL,Delhi NCR,Delhi,6254594,"Talkatora Garden, Delhi - DPCC",15554208,2026-08-24 20:30:00+00:00,64.3,100.0,OpenAQ verified hourly measurement
DEL,Delhi NCR,Delhi,6254594,"Talkatora Garden, Delhi - DPCC",15554208,2026-08-24 21:30:00+00:00,75.2,50.0,OpenAQ verified hourly measurement
DEL,Delhi NCR,Delhi,6254594,"Talkatora Garden, Delhi - DPCC",15554208,2026-08-24 22:30:00+00:00,69.4,50.0,OpenAQ verified hourly measurement
DEL,Delhi NCR,Delhi,6254594,"Talkatora Garden, Delhi - DPCC",15554208,2026-08-24 23:30:00+00:00,58.3,100.0,OpenAQ verified hourly measurement
DEL,Delhi NCR,Delhi,6254594,"Talkatora Garden, Delhi - DPCC",15554208,2026-08-25 00:30:00+00:00,46.6,100.0,OpenAQ verified hourly measurement
DEL,Delhi NCR,Delhi,6254594,"Talkatora Garden, Delhi - DPCC",15554208,2026-08-25 01:30:00+00:00,29.3,75.0,OpenAQ verified hourly measurement
DEL,Delhi NCR,Delhi,6254594,"Talkatora Garden, Delhi - DPCC",15554208,2026-08-25 02:30:00+00:00,16.8,100.0,OpenAQ verified hourly measurement
DEL,Delhi NCR,Delhi,6254594,"Talkatora Garden, Delhi - DPCC",15554208,2026-08-25 03:30:00+00:00,12.6,75.0,OpenAQ verified hourly measurement
KAN,Kanpur,Uttar Pradesh,5662,"Nehru Nagar, Kanpur - UPPCB",12235513,2026-07-26 06:30:00+00:00,37.0,100.0,OpenAQ verified hourly measurement
KAN,Kanpur,Uttar Pradesh,5662,"Nehru Nagar, Kanpur - UPPCB",12235513,2026-07-26 07:30:00+00:00,34.0,100.0,OpenAQ verified hourly measurement
KAN,Kanpur,Uttar Pradesh,5662,"Nehru Nagar, Kanpur - UPPCB",12235513,2026-07-26 08:30:00+00:00,29.3,100.0,OpenAQ verified hourly measurement
KAN,Kanpur,Uttar Pradesh,5662,"Nehru Nagar, Kanpur - UPPCB",12235513,2026-07-26 09:30:00+00:00,43.5,100.0,OpenAQ verified hourly measurement
KAN,Kanpur,Uttar Pradesh,5662,"Nehru Nagar, Kanpur - UPPCB",12235513,2026-07-26 10:30:00+00:00,48.5,100.0,OpenAQ verified hourly measurement
KAN,Kanpur,Uttar Pradesh,5662,"Nehru Nagar, Kanpur - UPPCB",12235513,2026-07-26 11:30:00+00:00,49.5,100.0,OpenAQ verified hourly measurement
KAN,Kanpur,Uttar Pradesh,5662,"Nehru Nagar, Kanpur - UPPCB",12235513,2026-07-26 12:30:00+00:00,47.3,100.0,OpenAQ verified hourly measurement
KAN,Kanpur,Uttar Pradesh,5662,"Nehru Nagar, Kanpur - UPPCB",12235513,2026-07-26 13:30:00+00:00,40.3,100.0,OpenAQ verified hourly measurement
KAN,Kanpur,Uttar Pradesh,5662,"Nehru Nagar, Kanpur - UPPCB",12235513,2026-07-26 14:30:00+00:00,24.8,100.0,OpenAQ verified hourly measurement
KAN,Kanpur,Uttar Pradesh,5662,"Nehru Nagar, Kanpur - UPPCB",12235513,2026-07-26 15:30:00+00:00,25.5,100.0,OpenAQ verified hourly measurement
KAN,Kanpur,Uttar Pradesh,5662,"Nehru Nagar, Kanpur - UPPCB",12235513,2026-07-26 16:30:00+00:00,43.8,100.0,OpenAQ verified hourly measurement
KAN,Kanpur,Uttar Pradesh,5662,"Nehru Nagar, Kanpur - UPPCB",12235513,2026-07-26 17:30:00+00:00,58.0,75.0,OpenAQ verified hourly measurement
KAN,Kanpur,Uttar Pradesh,5662,"Nehru Nagar, Kanpur - UPPCB",12235513,2026-07-26 18:30:00+00:00,41.0,50.0,OpenAQ verified hourly measurement
KAN,Kanpur,Uttar Pradesh,5662,"Nehru Nagar, Kanpur - UPPCB",12235513,2026-07-26 19:30:00+00:00,26.8,100.0,OpenAQ verified hourly measurement
KAN,Kanpur,Uttar Pradesh,5662,"Nehru Nagar, Kanpur - UPPCB",12235513,2026-07-26 20:30:00+00:00,16.0,100.0,OpenAQ verified hourly measurement
KAN,Kanpur,Uttar Pradesh,5662,"Nehru Nagar, Kanpur - UPPCB",12235513,2026-07-26 21:30:00+00:00,22.3,100.0,OpenAQ verified hourly measurement
KAN,Kanpur,Uttar Pradesh,5662,"Nehru Nagar, Kanpur - UPPCB",12235513,2026-07-26 22:30:00+00:00,23.0,100.0,OpenAQ verified hourly measurement
KAN,Kanpur,Uttar Pradesh,5662,"Nehru Nagar, Kanpur - UPPCB",12235513,2026-07-26 23:30:00+00:00,23.5,100.0,OpenAQ verified hourly measurement
KAN,Kanpur,Uttar Pradesh,5662,"Nehru Nagar, Kanpur - UPPCB",12235513,2026-07-27 00:30:00+00:00,35.3,100.0,OpenAQ verified hourly measurement
KAN,Kanpur,Uttar Pradesh,5662,"Nehru Nagar, Kanpur - UPPCB",12235513,2026-07-27 01:30:00+00:00,64.0,100.0,OpenAQ verified hourly measurement
KAN,Kanpur,Uttar Pradesh,5662,"Nehru Nagar, Kanpur - UPPCB",12235513,2026-07-27 02:30:00+00:00,55.5,100.0,OpenAQ verified hourly measurement
KAN,Kanpur,Uttar Pradesh,5662,"Nehru Nagar, Kanpur - UPPCB",12235513,2026-07-27 03:30:00+00:00,44.5,100.0,OpenAQ verified hourly measurement
KAN,Kanpur,Uttar Pradesh,5662,"Nehru Nagar, Kanpur - UPPCB",12235513,2026-07-27 04:30:00+00:00,34.8,100.0,OpenAQ verified hourly measurement
KAN,Kanpur,Uttar Pradesh,5662,"Nehru Nagar, Kanpur - UPPCB",12235513,2026-07-27 05:30:00+00:00,34.5,100.0,OpenAQ verified hourly measurement
KAN,Kanpur,Uttar Pradesh,5662,"Nehru Nagar, Kanpur - UPPCB",12235513,2026-07-27 06:30:00+00:00,29.0,100.0,OpenAQ verified hourly measurement
KAN,Kanpur,Uttar Pradesh,5662,"Nehru Nagar, Kanpur - UPPCB",12235513,2026-07-27 07:30:00+00:00,38.0,100.0,OpenAQ verified hourly measurement
KAN,Kanpur,Uttar Pradesh,5662,"Nehru Nagar, Kanpur - UPPCB",12235513,2026-07-27 08:30:00+00:00,41.3,100.0,OpenAQ verified hourly measurement
KAN,Kanpur,Uttar Pradesh,5662,"Nehru Nagar, Kanpur - UPPCB",12235513,2026-07-27 09:30:00+00:00,32.8,100.0,OpenAQ verified hourly measurement
KAN,Kanpur,Uttar Pradesh,5662,"Nehru Nagar, Kanpur - UPPCB",12235513,2026-07-27 10:30:00+00:00,51.0,100.0,OpenAQ verified hourly measurement
KAN,Kanpur,Uttar Pradesh,5662,"Nehru Nagar, Kanpur - UPPCB",12235513,2026-07-27 11:30:00+00:00,29.0,100.0,OpenAQ verified hourly measurement
KAN,Kanpur,Uttar Pradesh,5662,"Nehru Nagar, Kanpur - UPPCB",12235513,2026-07-27 12:30:00+00:00,30.3,100.0,OpenAQ verified hourly measurement
KAN,Kanpur,Uttar Pradesh,5662,"Nehru Nagar, Kanpur - UPPCB",12235513,2026-07-27 13:30:00+00:00,17.8,100.0,OpenAQ verified hourly measurement
KAN,Kanpur,Uttar Pradesh,5662,"Nehru Nagar, Kanpur - UPPCB",12235513,2026-07-27 14:30:00+00:00,25.3,100.0,OpenAQ verified hourly measurement
KAN,Kanpur,Uttar Pradesh,5662,"Nehru Nagar, Kanpur - UPPCB",12235513,2026-07-27 15:30:00+00:00,32.0,100.0,OpenAQ verified hourly measurement
KAN,Kanpur,Uttar Pradesh,5662,"Nehru Nagar, Kanpur - UPPCB",12235513,2026-07-27 16:30:00+00:00,26.5,100.0,OpenAQ verified hourly measurement
KAN,Kanpur,Uttar Pradesh,5662,"Nehru Nagar, Kanpur - UPPCB",12235513,2026-07-27 17:30:00+00:00,10.0,75.0,OpenAQ verified hourly measurement
KAN,Kanpur,Uttar Pradesh,5662,"Nehru Nagar, Kanpur - UPPCB",12235513,2026-07-27 18:30:00+00:00,26.0,50.0,OpenAQ verified hourly measurement
KAN,Kanpur,Uttar Pradesh,5662,"Nehru Nagar, Kanpur - UPPCB",12235513,2026-07-27 19:30:00+00:00,29.8,100.0,OpenAQ verified hourly measurement
KAN,Kanpur,Uttar Pradesh,5662,"Nehru Nagar, Kanpur - UPPCB",12235513,2026-07-27 20:30:00+00:00,24.5,100.0,OpenAQ verified hourly measurement
KAN,Kanpur,Uttar Pradesh,5662,"Nehru Nagar, Kanpur - UPPCB",12235513,2026-07-27 21:30:00+00:00,20.5,100.0,OpenAQ verified hourly measurement
KAN,Kanpur,Uttar Pradesh,5662,"Nehru Nagar, Kanpur - UPPCB",12235513,2026-07-27 22:30:00+00:00,23.0,100.0,OpenAQ verified hourly measurement
KAN,Kanpur,Uttar Pradesh,5662,"Nehru Nagar, Kanpur - UPPCB",12235513,2026-07-27 23:30:00+00:00,24.5,100.0,OpenAQ verified hourly measurement
KAN,Kanpur,Uttar Pradesh,5662,"Nehru Nagar, Kanpur - UPPCB",12235513,2026-07-28 00:30:00+00:00,23.5,100.0,OpenAQ verified hourly measurement
KAN,Kanpur,Uttar Pradesh,5662,"Nehru Nagar, Kanpur - UPPCB",12235513,2026-07-28 01:30:00+00:00,33.3,100.0,OpenAQ verified hourly measurement
KAN,Kanpur,Uttar Pradesh,5662,"Nehru Nagar, Kanpur - UPPCB",12235513,2026-07-28 02:30:00+00:00,33.0,100.0,OpenAQ verified hourly measurement
KAN,Kanpur,Uttar Pradesh,5662,"Nehru Nagar, Kanpur - UPPCB",12235513,2026-07-28 03:30:00+00:00,37.5,100.0,OpenAQ verified hourly measurement
KAN,Kanpur,Uttar Pradesh,5662,"Nehru Nagar, Kanpur - UPPCB",12235513,2026-07-28 04:30:00+00:00,35.8,100.0,OpenAQ verified hourly measurement
KAN,Kanpur,Uttar Pradesh,5662,"Nehru Nagar, Kanpur - UPPCB",12235513,2026-07-28 05:30:00+00:00,42.8,100.0,OpenAQ verified hourly measurement
KAN,Kanpur,Uttar Pradesh,5662,"Nehru Nagar, Kanpur - UPPCB",12235513,2026-07-28 06:30:00+00:00,40.0,100.0,OpenAQ verified hourly measurement
KAN,Kanpur,Uttar Pradesh,5662,"Nehru Nagar, Kanpur - UPPCB",12235513,2026-07-28 07:30:00+00:00,42.0,100.0,OpenAQ verified hourly measurement
KAN,Kanpur,Uttar Pradesh,5662,"Nehru Nagar, Kanpur - UPPCB",12235513,2026-07-28 08:30:00+00:00,39.0,50.0,OpenAQ verified hourly measurement
KAN,Kanpur,Uttar Pradesh,5662,"Nehru Nagar, Kanpur - UPPCB",12235513,2026-07-28 11:30:00+00:00,23.5,50.0,OpenAQ verified hourly measurement
KAN,Kanpur,Uttar Pradesh,5662,"Nehru Nagar, Kanpur - UPPCB",12235513,2026-07-28 12:30:00+00:00,19.0,100.0,OpenAQ verified hourly measurement
KAN,Kanpur,Uttar Pradesh,5662,"Nehru Nagar, Kanpur - UPPCB",12235513,2026-07-28 13:30:00+00:00,15.5,100.0,OpenAQ verified hourly measurement
KAN,Kanpur,Uttar Pradesh,5662,"Nehru Nagar, Kanpur - UPPCB",12235513,2026-07-28 14:30:00+00:00,24.3,100.0,OpenAQ verified hourly measurement
KAN,Kanpur,Uttar Pradesh,5662,"Nehru Nagar, Kanpur - UPPCB",12235513,2026-07-28 15:30:00+00:00,27.0,100.0,OpenAQ verified hourly measurement
KAN,Kanpur,Uttar Pradesh,5662,"Nehru Nagar, Kanpur - UPPCB",12235513,2026-07-28 16:30:00+00:00,23.8,100.0,OpenAQ verified hourly measurement
KAN,Kanpur,Uttar Pradesh,5662,"Nehru Nagar, Kanpur - UPPCB",12235513,2026-07-28 17:30:00+00:00,23.0,75.0,OpenAQ verified hourly measurement
KAN,Kanpur,Uttar Pradesh,5662,"Nehru Nagar, Kanpur - UPPCB",12235513,2026-07-28 18:30:00+00:00,23.0,50.0,OpenAQ verified hourly measurement
KAN,Kanpur,Uttar Pradesh,5662,"Nehru Nagar, Kanpur - UPPCB",12235513,2026-07-28 19:30:00+00:00,22.3,100.0,OpenAQ verified hourly measurement
KAN,Kanpur,Uttar Pradesh,5662,"Nehru Nagar, Kanpur - UPPCB",12235513,2026-07-28 20:30:00+00:00,27.5,100.0,OpenAQ verified hourly measurement
KAN,Kanpur,Uttar Pradesh,5662,"Nehru Nagar, Kanpur - UPPCB",12235513,2026-07-28 21:30:00+00:00,30.5,100.0,OpenAQ verified hourly measurement
KAN,Kanpur,Uttar Pradesh,5662,"Nehru Nagar, Kanpur - UPPCB",12235513,2026-07-28 22:30:00+00:00,37.5,100.0,OpenAQ verified hourly measurement
KAN,Kanpur,Uttar Pradesh,5662,"Nehru Nagar, Kanpur - UPPCB",12235513,2026-07-28 23:30:00+00:00,62.0,100.0,OpenAQ verified hourly measurement
KAN,Kanpur,Uttar Pradesh,5662,"Nehru Nagar, Kanpur - UPPCB",12235513,2026-07-29 00:30:00+00:00,31.0,100.0,OpenAQ verified hourly measurement
KAN,Kanpur,Uttar Pradesh,5662,"Nehru Nagar, Kanpur - UPPCB",12235513,2026-07-29 01:30:00+00:00,27.5,100.0,OpenAQ verified hourly measurement
KAN,Kanpur,Uttar Pradesh,5662,"Nehru Nagar, Kanpur - UPPCB",12235513,2026-07-29 02:30:00+00:00,26.5,100.0,OpenAQ verified hourly measurement
KAN,Kanpur,Uttar Pradesh,5662,"Nehru Nagar, Kanpur - UPPCB",12235513,2026-07-29 03:30:00+00:00,28.0,100.0,OpenAQ verified hourly measurement
KAN,Kanpur,Uttar Pradesh,5662,"Nehru Nagar, Kanpur - UPPCB",12235513,2026-07-29 04:30:00+00:00,24.5,100.0,OpenAQ verified hourly measurement
KAN,Kanpur,Uttar Pradesh,5662,"Nehru Nagar, Kanpur - UPPCB",12235513,2026-07-29 05:30:00+00:00,17.0,100.0,OpenAQ verified hourly measurement
KAN,Kanpur,Uttar Pradesh,5662,"Nehru Nagar, Kanpur - UPPCB",12235513,2026-07-29 06:30:00+00:00,23.8,100.0,OpenAQ verified hourly measurement
KAN,Kanpur,Uttar Pradesh,5662,"Nehru Nagar, Kanpur - UPPCB",12235513,2026-07-29 07:30:00+00:00,15.3,100.0,OpenAQ verified hourly measurement
KAN,Kanpur,Uttar Pradesh,5662,"Nehru Nagar, Kanpur - UPPCB",12235513,2026-07-29 08:30:00+00:00,15.8,100.0,OpenAQ verified hourly measurement
KAN,Kanpur,Uttar Pradesh,5662,"Nehru Nagar, Kanpur - UPPCB",12235513,2026-07-29 09:30:00+00:00,30.0,100.0,OpenAQ verified hourly measurement
KAN,Kanpur,Uttar Pradesh,5662,"Nehru Nagar, Kanpur - UPPCB",12235513,2026-07-29 10:30:00+00:00,19.0,100.0,OpenAQ verified hourly measurement
KAN,Kanpur,Uttar Pradesh,5662,"Nehru Nagar, Kanpur - UPPCB",12235513,2026-07-29 11:30:00+00:00,17.0,100.0,OpenAQ verified hourly measurement
KAN,Kanpur,Uttar Pradesh,5662,"Nehru Nagar, Kanpur - UPPCB",12235513,2026-07-29 12:30:00+00:00,35.5,100.0,OpenAQ verified hourly measurement
KAN,Kanpur,Uttar Pradesh,5662,"Nehru Nagar, Kanpur - UPPCB",12235513,2026-07-29 13:30:00+00:00,50.8,100.0,OpenAQ verified hourly measurement
KAN,Kanpur,Uttar Pradesh,5662,"Nehru Nagar, Kanpur - UPPCB",12235513,2026-07-29 14:30:00+00:00,35.5,100.0,OpenAQ verified hourly measurement
KAN,Kanpur,Uttar Pradesh,5662,"Nehru Nagar, Kanpur - UPPCB",12235513,2026-07-29 15:30:00+00:00,27.5,100.0,OpenAQ verified hourly measurement
KAN,Kanpur,Uttar Pradesh,5662,"Nehru Nagar, Kanpur - UPPCB",12235513,2026-07-29 16:30:00+00:00,28.3,100.0,OpenAQ verified hourly measurement
KAN,Kanpur,Uttar Pradesh,5662,"Nehru Nagar, Kanpur - UPPCB",12235513,2026-07-29 17:30:00+00:00,35.0,75.0,OpenAQ verified hourly measurement
KAN,Kanpur,Uttar Pradesh,5662,"Nehru Nagar, Kanpur - UPPCB",12235513,2026-07-29 18:30:00+00:00,32.0,50.0,OpenAQ verified hourly measurement
KAN,Kanpur,Uttar Pradesh,5662,"Nehru Nagar, Kanpur - UPPCB",12235513,2026-07-29 19:30:00+00:00,32.5,100.0,OpenAQ verified hourly measurement
KAN,Kanpur,Uttar Pradesh,5662,"Nehru Nagar, Kanpur - UPPCB",12235513,2026-07-29 20:30:00+00:00,30.8,100.0,OpenAQ verified hourly measurement
KAN,Kanpur,Uttar Pradesh,5662,"Nehru Nagar, Kanpur - UPPCB",12235513,2026-07-29 21:30:00+00:00,29.0,100.0,OpenAQ verified hourly measurement
KAN,Kanpur,Uttar Pradesh,5662,"Nehru Nagar, Kanpur - UPPCB",12235513,2026-07-29 22:30:00+00:00,29.3,100.0,OpenAQ verified hourly measurement
KAN,Kanpur,Uttar Pradesh,5662,"Nehru Nagar, Kanpur - UPPCB",12235513,2026-07-29 23:30:00+00:00,39.0,50.0,OpenAQ verified hourly measurement
KAN,Kanpur,Uttar Pradesh,5662,"Nehru Nagar, Kanpur - UPPCB",12235513,2026-07-30 01:30:00+00:00,34.5,50.0,OpenAQ verified hourly measurement
KAN,Kanpur,Uttar Pradesh,5662,"Nehru Nagar, Kanpur - UPPCB",12235513,2026-07-30 02:30:00+00:00,35.0,100.0,OpenAQ verified hourly measurement
KAN,Kanpur,Uttar Pradesh,5662,"Nehru Nagar, Kanpur - UPPCB",12235513,2026-07-30 03:30:00+00:00,37.8,100.0,OpenAQ verified hourly measurement
KAN,Kanpur,Uttar Pradesh,5662,"Nehru Nagar, Kanpur - UPPCB",12235513,2026-07-30 04:30:00+00:00,28.5,100.0,OpenAQ verified hourly measurement
KAN,Kanpur,Uttar Pradesh,5662,"Nehru Nagar, Kanpur - UPPCB",12235513,2026-07-30 05:30:00+00:00,28.7,75.0,OpenAQ verified hourly measurement
KAN,Kanpur,Uttar Pradesh,5662,"Nehru Nagar, Kanpur - UPPCB",12235513,2026-07-30 06:30:00+00:00,28.3,100.0,OpenAQ verified hourly measurement
KAN,Kanpur,Uttar Pradesh,5662,"Nehru Nagar, Kanpur - UPPCB",12235513,2026-07-30 07:30:00+00:00,28.0,100.0,OpenAQ verified hourly measurement
KAN,Kanpur,Uttar Pradesh,5662,"Nehru Nagar, Kanpur - UPPCB",12235513,2026-07-30 08:30:00+00:00,11.0,100.0,OpenAQ verified hourly measurement
KAN,Kanpur,Uttar Pradesh,5662,"Nehru Nagar, Kanpur - UPPCB",12235513,2026-07-30 09:30:00+00:00,23.0,100.0,OpenAQ verified hourly measurement
KAN,Kanpur,Uttar Pradesh,5662,"Nehru Nagar, Kanpur - UPPCB",12235513,2026-07-30 10:30:00+00:00,23.0,100.0,OpenAQ verified hourly measurement
KAN,Kanpur,Uttar Pradesh,5662,"Nehru Nagar, Kanpur - UPPCB",12235513,2026-07-30 11:30:00+00:00,20.5,100.0,OpenAQ verified hourly measurement
KAN,Kanpur,Uttar Pradesh,5662,"Nehru Nagar, Kanpur - UPPCB",12235513,2026-07-30 12:30:00+00:00,15.5,100.0,OpenAQ verified hourly measurement
KAN,Kanpur,Uttar Pradesh,5662,"Nehru Nagar, Kanpur - UPPCB",12235513,2026-07-30 13:30:00+00:00,21.8,100.0,OpenAQ verified hourly measurement
KAN,Kanpur,Uttar Pradesh,5662,"Nehru Nagar, Kanpur - UPPCB",12235513,2026-07-30 14:30:00+00:00,21.3,100.0,OpenAQ verified hourly measurement
KAN,Kanpur,Uttar Pradesh,5662,"Nehru Nagar, Kanpur - UPPCB",12235513,2026-07-30 15:30:00+00:00,29.0,100.0,OpenAQ verified hourly measurement
KAN,Kanpur,Uttar Pradesh,5662,"Nehru Nagar, Kanpur - UPPCB",12235513,2026-07-30 16:30:00+00:00,22.8,100.0,OpenAQ verified hourly measurement
KAN,Kanpur,Uttar Pradesh,5662,"Nehru Nagar, Kanpur - UPPCB",12235513,2026-07-30 17:30:00+00:00,22.0,75.0,OpenAQ verified hourly measurement
KAN,Kanpur,Uttar Pradesh,5662,"Nehru Nagar, Kanpur - UPPCB",12235513,2026-07-30 18:30:00+00:00,14.5,50.0,OpenAQ verified hourly measurement
KAN,Kanpur,Uttar Pradesh,5662,"Nehru Nagar, Kanpur - UPPCB",12235513,2026-07-30 19:30:00+00:00,15.3,100.0,OpenAQ verified hourly measurement
KAN,Kanpur,Uttar Pradesh,5662,"Nehru Nagar, Kanpur - UPPCB",12235513,2026-07-30 20:30:00+00:00,15.8,100.0,OpenAQ verified hourly measurement
KAN,Kanpur,Uttar Pradesh,5662,"Nehru Nagar, Kanpur - UPPCB",12235513,2026-07-30 21:30:00+00:00,7.0,100.0,OpenAQ verified hourly measurement
KAN,Kanpur,Uttar Pradesh,5662,"Nehru Nagar, Kanpur - UPPCB",12235513,2026-07-30 22:30:00+00:00,13.0,100.0,OpenAQ verified hourly measurement
KAN,Kanpur,Uttar Pradesh,5662,"Nehru Nagar, Kanpur - UPPCB",12235513,2026-07-30 23:30:00+00:00,22.0,100.0,OpenAQ verified hourly measurement
KAN,Kanpur,Uttar Pradesh,5662,"Nehru Nagar, Kanpur - UPPCB",12235513,2026-07-31 00:30:00+00:00,26.0,100.0,OpenAQ verified hourly measurement
KAN,Kanpur,Uttar Pradesh,5662,"Nehru Nagar, Kanpur - UPPCB",12235513,2026-07-31 01:30:00+00:00,35.3,100.0,OpenAQ verified hourly measurement
KAN,Kanpur,Uttar Pradesh,5662,"Nehru Nagar, Kanpur - UPPCB",12235513,2026-07-31 02:30:00+00:00,26.0,100.0,OpenAQ verified hourly measurement
KAN,Kanpur,Uttar Pradesh,5662,"Nehru Nagar, Kanpur - UPPCB",12235513,2026-07-31 03:30:00+00:00,23.0,100.0,OpenAQ verified hourly measurement
KAN,Kanpur,Uttar Pradesh,5662,"Nehru Nagar, Kanpur - UPPCB",12235513,2026-07-31 04:30:00+00:00,23.0,75.0,OpenAQ verified hourly measurement
KAN,Kanpur,Uttar Pradesh,5662,"Nehru Nagar, Kanpur - UPPCB",12235513,2026-07-31 11:30:00+00:00,38.0,50.0,OpenAQ verified hourly measurement
KAN,Kanpur,Uttar Pradesh,5662,"Nehru Nagar, Kanpur - UPPCB",12235513,2026-07-31 12:30:00+00:00,37.3,100.0,OpenAQ verified hourly measurement
KAN,Kanpur,Uttar Pradesh,5662,"Nehru Nagar, Kanpur - UPPCB",12235513,2026-07-31 13:30:00+00:00,23.5,100.0,OpenAQ verified hourly measurement
KAN,Kanpur,Uttar Pradesh,5662,"Nehru Nagar, Kanpur - UPPCB",12235513,2026-07-31 14:30:00+00:00,26.8,100.0,OpenAQ verified hourly measurement
KAN,Kanpur,Uttar Pradesh,5662,"Nehru Nagar, Kanpur - UPPCB",12235513,2026-07-31 15:30:00+00:00,29.8,100.0,OpenAQ verified hourly measurement
KAN,Kanpur,Uttar Pradesh,5662,"Nehru Nagar, Kanpur - UPPCB",12235513,2026-07-31 16:30:00+00:00,23.0,100.0,OpenAQ verified hourly measurement
KAN,Kanpur,Uttar Pradesh,5662,"Nehru Nagar, Kanpur - UPPCB",12235513,2026-07-31 17:30:00+00:00,23.0,75.0,OpenAQ verified hourly measurement
KAN,Kanpur,Uttar Pradesh,5662,"Nehru Nagar, Kanpur - UPPCB",12235513,2026-07-31 18:30:00+00:00,10.5,50.0,OpenAQ verified hourly measurement
KAN,Kanpur,Uttar Pradesh,5662,"Nehru Nagar, Kanpur - UPPCB",12235513,2026-07-31 19:30:00+00:00,12.0,100.0,OpenAQ verified hourly measurement
KAN,Kanpur,Uttar Pradesh,5662,"Nehru Nagar, Kanpur - UPPCB",12235513,2026-07-31 20:30:00+00:00,16.3,100.0,OpenAQ verified hourly measurement
KAN,Kanpur,Uttar Pradesh,5662,"Nehru Nagar, Kanpur - UPPCB",12235513,2026-07-31 21:30:00+00:00,19.5,100.0,OpenAQ verified hourly measurement
KAN,Kanpur,Uttar Pradesh,5662,"Nehru Nagar, Kanpur - UPPCB",12235513,2026-07-31 22:30:00+00:00,19.8,100.0,OpenAQ verified hourly measurement
KAN,Kanpur,Uttar Pradesh,5662,"Nehru Nagar, Kanpur - UPPCB",12235513,2026-07-31 23:30:00+00:00,25.0,100.0,OpenAQ verified hourly measurement
KAN,Kanpur,Uttar Pradesh,5662,"Nehru Nagar, Kanpur - UPPCB",12235513,2026-08-01 00:30:00+00:00,29.5,100.0,OpenAQ verified hourly measurement
KAN,Kanpur,Uttar Pradesh,5662,"Nehru Nagar, Kanpur - UPPCB",12235513,2026-08-01 01:30:00+00:00,41.0,100.0,OpenAQ verified hourly measurement
KAN,Kanpur,Uttar Pradesh,5662,"Nehru Nagar, Kanpur - UPPCB",12235513,2026-08-01 02:30:00+00:00,33.8,100.0,OpenAQ verified hourly measurement
KAN,Kanpur,Uttar Pradesh,5662,"Nehru Nagar, Kanpur - UPPCB",12235513,2026-08-01 03:30:00+00:00,31.3,100.0,OpenAQ verified hourly measurement
KAN,Kanpur,Uttar Pradesh,5662,"Nehru Nagar, Kanpur - UPPCB",12235513,2026-08-01 04:30:00+00:00,34.0,100.0,OpenAQ verified hourly measurement
KAN,Kanpur,Uttar Pradesh,5662,"Nehru Nagar, Kanpur - UPPCB",12235513,2026-08-01 05:30:00+00:00,26.3,75.0,OpenAQ verified hourly measurement
KAN,Kanpur,Uttar Pradesh,5662,"Nehru Nagar, Kanpur - UPPCB",12235513,2026-08-01 06:30:00+00:00,17.8,100.0,OpenAQ verified hourly measurement
KAN,Kanpur,Uttar Pradesh,5662,"Nehru Nagar, Kanpur - UPPCB",12235513,2026-08-01 07:30:00+00:00,22.0,100.0,OpenAQ verified hourly measurement
KAN,Kanpur,Uttar Pradesh,5662,"Nehru Nagar, Kanpur - UPPCB",12235513,2026-08-01 08:30:00+00:00,27.5,100.0,OpenAQ verified hourly measurement
KAN,Kanpur,Uttar Pradesh,5662,"Nehru Nagar, Kanpur - UPPCB",12235513,2026-08-01 09:30:00+00:00,24.8,100.0,OpenAQ verified hourly measurement
KAN,Kanpur,Uttar Pradesh,5662,"Nehru Nagar, Kanpur - UPPCB",12235513,2026-08-01 10:30:00+00:00,24.3,100.0,OpenAQ verified hourly measurement
KAN,Kanpur,Uttar Pradesh,5662,"Nehru Nagar, Kanpur - UPPCB",12235513,2026-08-01 11:30:00+00:00,31.0,100.0,OpenAQ verified hourly measurement
KAN,Kanpur,Uttar Pradesh,5662,"Nehru Nagar, Kanpur - UPPCB",12235513,2026-08-01 12:30:00+00:00,22.5,100.0,OpenAQ verified hourly measurement
KAN,Kanpur,Uttar Pradesh,5662,"Nehru Nagar, Kanpur - UPPCB",12235513,2026-08-01 13:30:00+00:00,27.3,100.0,OpenAQ verified hourly measurement
KAN,Kanpur,Uttar Pradesh,5662,"Nehru Nagar, Kanpur - UPPCB",12235513,2026-08-01 14:30:00+00:00,36.5,100.0,OpenAQ verified hourly measurement
KAN,Kanpur,Uttar Pradesh,5662,"Nehru Nagar, Kanpur - UPPCB",12235513,2026-08-01 15:30:00+00:00,33.3,100.0,OpenAQ verified hourly measurement
KAN,Kanpur,Uttar Pradesh,5662,"Nehru Nagar, Kanpur - UPPCB",12235513,2026-08-01 16:30:00+00:00,31.8,100.0,OpenAQ verified hourly measurement
KAN,Kanpur,Uttar Pradesh,5662,"Nehru Nagar, Kanpur - UPPCB",12235513,2026-08-01 17:30:00+00:00,43.0,75.0,OpenAQ verified hourly measurement
KAN,Kanpur,Uttar Pradesh,5662,"Nehru Nagar, Kanpur - UPPCB",12235513,2026-08-01 18:30:00+00:00,25.0,25.0,OpenAQ verified hourly measurement
KAN,Kanpur,Uttar Pradesh,5662,"Nehru Nagar, Kanpur - UPPCB",12235513,2026-08-01 19:30:00+00:00,23.8,100.0,OpenAQ verified hourly measurement
KAN,Kanpur,Uttar Pradesh,5662,"Nehru Nagar, Kanpur - UPPCB",12235513,2026-08-01 20:30:00+00:00,20.8,100.0,OpenAQ verified hourly measurement
KAN,Kanpur,Uttar Pradesh,5662,"Nehru Nagar, Kanpur - UPPCB",12235513,2026-08-01 21:30:00+00:00,25.5,100.0,OpenAQ verified hourly measurement
KAN,Kanpur,Uttar Pradesh,5662,"Nehru Nagar, Kanpur - UPPCB",12235513,2026-08-01 22:30:00+00:00,28.8,100.0,OpenAQ verified hourly measurement
KAN,Kanpur,Uttar Pradesh,5662,"Nehru Nagar, Kanpur - UPPCB",12235513,2026-08-01 23:30:00+00:00,19.3,100.0,OpenAQ verified hourly measurement
KAN,Kanpur,Uttar Pradesh,5662,"Nehru Nagar, Kanpur - UPPCB",12235513,2026-08-02 00:30:00+00:00,28.3,100.0,OpenAQ verified hourly measurement
KAN,Kanpur,Uttar Pradesh,5662,"Nehru Nagar, Kanpur - UPPCB",12235513,2026-08-02 01:30:00+00:00,28.0,100.0,OpenAQ verified hourly measurement
KAN,Kanpur,Uttar Pradesh,5662,"Nehru Nagar, Kanpur - UPPCB",12235513,2026-08-02 02:30:00+00:00,31.0,100.0,OpenAQ verified hourly measurement
KAN,Kanpur,Uttar Pradesh,5662,"Nehru Nagar, Kanpur - UPPCB",12235513,2026-08-02 03:30:00+00:00,22.5,100.0,OpenAQ verified hourly measurement
KAN,Kanpur,Uttar Pradesh,5662,"Nehru Nagar, Kanpur - UPPCB",12235513,2026-08-02 04:30:00+00:00,22.5,100.0,OpenAQ verified hourly measurement
KAN,Kanpur,Uttar Pradesh,5662,"Nehru Nagar, Kanpur - UPPCB",12235513,2026-08-02 05:30:00+00:00,20.3,100.0,OpenAQ verified hourly measurement
KAN,Kanpur,Uttar Pradesh,5662,"Nehru Nagar, Kanpur - UPPCB",12235513,2026-08-02 06:30:00+00:00,26.0,100.0,OpenAQ verified hourly measurement
KAN,Kanpur,Uttar Pradesh,5662,"Nehru Nagar, Kanpur - UPPCB",12235513,2026-08-02 07:30:00+00:00,22.3,100.0,OpenAQ verified hourly measurement
KAN,Kanpur,Uttar Pradesh,5662,"Nehru Nagar, Kanpur - UPPCB",12235513,2026-08-02 08:30:00+00:00,21.0,100.0,OpenAQ verified hourly measurement
KAN,Kanpur,Uttar Pradesh,5662,"Nehru Nagar, Kanpur - UPPCB",12235513,2026-08-02 09:30:00+00:00,26.3,100.0,OpenAQ verified hourly measurement
KAN,Kanpur,Uttar Pradesh,5662,"Nehru Nagar, Kanpur - UPPCB",12235513,2026-08-02 10:30:00+00:00,29.8,100.0,OpenAQ verified hourly measurement
KAN,Kanpur,Uttar Pradesh,5662,"Nehru Nagar, Kanpur - UPPCB",12235513,2026-08-02 11:30:00+00:00,20.0,75.0,OpenAQ verified hourly measurement
KAN,Kanpur,Uttar Pradesh,5662,"Nehru Nagar, Kanpur - UPPCB",12235513,2026-08-02 12:30:00+00:00,20.5,50.0,OpenAQ verified hourly measurement
KAN,Kanpur,Uttar Pradesh,5662,"Nehru Nagar, Kanpur - UPPCB",12235513,2026-08-02 13:30:00+00:00,19.8,100.0,OpenAQ verified hourly measurement
KAN,Kanpur,Uttar Pradesh,5662,"Nehru Nagar, Kanpur - UPPCB",12235513,2026-08-02 14:30:00+00:00,18.5,100.0,OpenAQ verified hourly measurement
KAN,Kanpur,Uttar Pradesh,5662,"Nehru Nagar, Kanpur - UPPCB",12235513,2026-08-02 15:30:00+00:00,17.0,75.0,OpenAQ verified hourly measurement
KAN,Kanpur,Uttar Pradesh,5662,"Nehru Nagar, Kanpur - UPPCB",12235513,2026-08-02 16:30:00+00:00,4.0,25.0,OpenAQ verified hourly measurement
KAN,Kanpur,Uttar Pradesh,5662,"Nehru Nagar, Kanpur - UPPCB",12235513,2026-08-02 17:30:00+00:00,4.0,75.0,OpenAQ verified hourly measurement
KAN,Kanpur,Uttar Pradesh,5662,"Nehru Nagar, Kanpur - UPPCB",12235513,2026-08-02 18:30:00+00:00,16.0,50.0,OpenAQ verified hourly measurement
KAN,Kanpur,Uttar Pradesh,5662,"Nehru Nagar, Kanpur - UPPCB",12235513,2026-08-02 19:30:00+00:00,19.8,100.0,OpenAQ verified hourly measurement
KAN,Kanpur,Uttar Pradesh,5662,"Nehru Nagar, Kanpur - UPPCB",12235513,2026-08-02 20:30:00+00:00,12.3,100.0,OpenAQ verified hourly measurement
KAN,Kanpur,Uttar Pradesh,5662,"Nehru Nagar, Kanpur - UPPCB",12235513,2026-08-02 21:30:00+00:00,11.5,100.0,OpenAQ verified hourly measurement
KAN,Kanpur,Uttar Pradesh,5662,"Nehru Nagar, Kanpur - UPPCB",12235513,2026-08-02 22:30:00+00:00,15.8,100.0,OpenAQ verified hourly measurement
KAN,Kanpur,Uttar Pradesh,5662,"Nehru Nagar, Kanpur - UPPCB",12235513,2026-08-02 23:30:00+00:00,14.0,100.0,OpenAQ verified hourly measurement
KAN,Kanpur,Uttar Pradesh,5662,"Nehru Nagar, Kanpur - UPPCB",12235513,2026-08-03 00:30:00+00:00,11.3,100.0,OpenAQ verified hourly measurement
KAN,Kanpur,Uttar Pradesh,5662,"Nehru Nagar, Kanpur - UPPCB",12235513,2026-08-03 01:30:00+00:00,14.5,100.0,OpenAQ verified hourly measurement
KAN,Kanpur,Uttar Pradesh,5662,"Nehru Nagar, Kanpur - UPPCB",12235513,2026-08-03 02:30:00+00:00,18.8,100.0,OpenAQ verified hourly measurement
KAN,Kanpur,Uttar Pradesh,5662,"Nehru Nagar, Kanpur - UPPCB",12235513,2026-08-03 03:30:00+00:00,11.7,75.0,OpenAQ verified hourly measurement
KAN,Kanpur,Uttar Pradesh,5662,"Nehru Nagar, Kanpur - UPPCB",12235513,2026-08-03 04:30:00+00:00,17.5,100.0,OpenAQ verified hourly measurement
KAN,Kanpur,Uttar Pradesh,5662,"Nehru Nagar, Kanpur - UPPCB",12235513,2026-08-03 05:30:00+00:00,19.8,100.0,OpenAQ verified hourly measurement
KAN,Kanpur,Uttar Pradesh,5662,"Nehru Nagar, Kanpur - UPPCB",12235513,2026-08-03 06:30:00+00:00,22.3,100.0,OpenAQ verified hourly measurement
KAN,Kanpur,Uttar Pradesh,5662,"Nehru Nagar, Kanpur - UPPCB",12235513,2026-08-03 07:30:00+00:00,20.0,100.0,OpenAQ verified hourly measurement
KAN,Kanpur,Uttar Pradesh,5662,"Nehru Nagar, Kanpur - UPPCB",12235513,2026-08-03 08:30:00+00:00,14.3,100.0,OpenAQ verified hourly measurement
KAN,Kanpur,Uttar Pradesh,5662,"Nehru Nagar, Kanpur - UPPCB",12235513,2026-08-03 09:30:00+00:00,21.5,100.0,OpenAQ verified hourly measurement
KAN,Kanpur,Uttar Pradesh,5662,"Nehru Nagar, Kanpur - UPPCB",12235513,2026-08-03 10:30:00+00:00,15.5,100.0,OpenAQ verified hourly measurement
KAN,Kanpur,Uttar Pradesh,5662,"Nehru Nagar, Kanpur - UPPCB",12235513,2026-08-03 11:30:00+00:00,18.0,100.0,OpenAQ verified hourly measurement
KAN,Kanpur,Uttar Pradesh,5662,"Nehru Nagar, Kanpur - UPPCB",12235513,2026-08-03 12:30:00+00:00,14.8,100.0,OpenAQ verified hourly measurement
KAN,Kanpur,Uttar Pradesh,5662,"Nehru Nagar, Kanpur - UPPCB",12235513,2026-08-03 13:30:00+00:00,23.0,100.0,OpenAQ verified hourly measurement
KAN,Kanpur,Uttar Pradesh,5662,"Nehru Nagar, Kanpur - UPPCB",12235513,2026-08-03 14:30:00+00:00,22.5,100.0,OpenAQ verified hourly measurement
KAN,Kanpur,Uttar Pradesh,5662,"Nehru Nagar, Kanpur - UPPCB",12235513,2026-08-03 15:30:00+00:00,19.3,100.0,OpenAQ verified hourly measurement
KAN,Kanpur,Uttar Pradesh,5662,"Nehru Nagar, Kanpur - UPPCB",12235513,2026-08-03 16:30:00+00:00,17.3,100.0,OpenAQ verified hourly measurement
KAN,Kanpur,Uttar Pradesh,5662,"Nehru Nagar, Kanpur - UPPCB",12235513,2026-08-03 17:30:00+00:00,27.0,75.0,OpenAQ verified hourly measurement
KAN,Kanpur,Uttar Pradesh,5662,"Nehru Nagar, Kanpur - UPPCB",12235513,2026-08-03 18:30:00+00:00,14.5,50.0,OpenAQ verified hourly measurement
KAN,Kanpur,Uttar Pradesh,5662,"Nehru Nagar, Kanpur - UPPCB",12235513,2026-08-03 19:30:00+00:00,18.5,100.0,OpenAQ verified hourly measurement
KAN,Kanpur,Uttar Pradesh,5662,"Nehru Nagar, Kanpur - UPPCB",12235513,2026-08-03 20:30:00+00:00,20.8,100.0,OpenAQ verified hourly measurement
KAN,Kanpur,Uttar Pradesh,5662,"Nehru Nagar, Kanpur - UPPCB",12235513,2026-08-03 21:30:00+00:00,13.0,100.0,OpenAQ verified hourly measurement
KAN,Kanpur,Uttar Pradesh,5662,"Nehru Nagar, Kanpur - UPPCB",12235513,2026-08-03 22:30:00+00:00,8.0,100.0,OpenAQ verified hourly measurement
KAN,Kanpur,Uttar Pradesh,5662,"Nehru Nagar, Kanpur - UPPCB",12235513,2026-08-03 23:30:00+00:00,2.0,75.0,OpenAQ verified hourly measurement
KAN,Kanpur,Uttar Pradesh,5662,"Nehru Nagar, Kanpur - UPPCB",12235513,2026-08-04 00:30:00+00:00,1.0,25.0,OpenAQ verified hourly measurement
KAN,Kanpur,Uttar Pradesh,5662,"Nehru Nagar, Kanpur - UPPCB",12235513,2026-08-04 01:30:00+00:00,1.0,75.0,OpenAQ verified hourly measurement
KAN,Kanpur,Uttar Pradesh,5662,"Nehru Nagar, Kanpur - UPPCB",12235513,2026-08-04 02:30:00+00:00,2.5,100.0,OpenAQ verified hourly measurement
KAN,Kanpur,Uttar Pradesh,5662,"Nehru Nagar, Kanpur - UPPCB",12235513,2026-08-04 03:30:00+00:00,8.67,75.0,OpenAQ verified hourly measurement
KAN,Kanpur,Uttar Pradesh,5662,"Nehru Nagar, Kanpur - UPPCB",12235513,2026-08-04 04:30:00+00:00,16.5,100.0,OpenAQ verified hourly measurement
KAN,Kanpur,Uttar Pradesh,5662,"Nehru Nagar, Kanpur - UPPCB",12235513,2026-08-04 05:30:00+00:00,26.3,75.0,OpenAQ verified hourly measurement
KAN,Kanpur,Uttar Pradesh,5662,"Nehru Nagar, Kanpur - UPPCB",12235513,2026-08-04 06:30:00+00:00,17.8,100.0,OpenAQ verified hourly measurement
KAN,Kanpur,Uttar Pradesh,5662,"Nehru Nagar, Kanpur - UPPCB",12235513,2026-08-04 07:30:00+00:00,14.0,75.0,OpenAQ verified hourly measurement
KAN,Kanpur,Uttar Pradesh,5662,"Nehru Nagar, Kanpur - UPPCB",12235513,2026-08-04 08:30:00+00:00,15.5,100.0,OpenAQ verified hourly measurement
KAN,Kanpur,Uttar Pradesh,5662,"Nehru Nagar, Kanpur - UPPCB",12235513,2026-08-04 09:30:00+00:00,20.0,50.0,OpenAQ verified hourly measurement
KAN,Kanpur,Uttar Pradesh,5662,"Nehru Nagar, Kanpur - UPPCB",12235513,2026-08-04 10:30:00+00:00,17.0,100.0,OpenAQ verified hourly measurement
KAN,Kanpur,Uttar Pradesh,5662,"Nehru Nagar, Kanpur - UPPCB",12235513,2026-08-04 11:30:00+00:00,13.5,50.0,OpenAQ verified hourly measurement
KAN,Kanpur,Uttar Pradesh,5662,"Nehru Nagar, Kanpur - UPPCB",12235513,2026-08-04 12:30:00+00:00,26.0,100.0,OpenAQ verified hourly measurement
KAN,Kanpur,Uttar Pradesh,5662,"Nehru Nagar, Kanpur - UPPCB",12235513,2026-08-04 13:30:00+00:00,31.5,50.0,OpenAQ verified hourly measurement
KAN,Kanpur,Uttar Pradesh,5662,"Nehru Nagar, Kanpur - UPPCB",12235513,2026-08-04 14:30:00+00:00,12.5,100.0,OpenAQ verified hourly measurement
KAN,Kanpur,Uttar Pradesh,5662,"Nehru Nagar, Kanpur - UPPCB",12235513,2026-08-04 15:30:00+00:00,3.25,100.0,OpenAQ verified hourly measurement
KAN,Kanpur,Uttar Pradesh,5662,"Nehru Nagar, Kanpur - UPPCB",12235513,2026-08-04 16:30:00+00:00,7.25,100.0,OpenAQ verified hourly measurement
KAN,Kanpur,Uttar Pradesh,5662,"Nehru Nagar, Kanpur - UPPCB",12235513,2026-08-04 17:30:00+00:00,8.0,75.0,OpenAQ verified hourly measurement
KAN,Kanpur,Uttar Pradesh,5662,"Nehru Nagar, Kanpur - UPPCB",12235513,2026-08-04 18:30:00+00:00,25.0,50.0,OpenAQ verified hourly measurement
KAN,Kanpur,Uttar Pradesh,5662,"Nehru Nagar, Kanpur - UPPCB",12235513,2026-08-04 19:30:00+00:00,23.0,100.0,OpenAQ verified hourly measurement
KAN,Kanpur,Uttar Pradesh,5662,"Nehru Nagar, Kanpur - UPPCB",12235513,2026-08-04 20:30:00+00:00,7.5,100.0,OpenAQ verified hourly measurement
KAN,Kanpur,Uttar Pradesh,5662,"Nehru Nagar, Kanpur - UPPCB",12235513,2026-08-04 21:30:00+00:00,5.5,100.0,OpenAQ verified hourly measurement
KAN,Kanpur,Uttar Pradesh,5662,"Nehru Nagar, Kanpur - UPPCB",12235513,2026-08-04 22:30:00+00:00,3.75,100.0,OpenAQ verified hourly measurement
KAN,Kanpur,Uttar Pradesh,5662,"Nehru Nagar, Kanpur - UPPCB",12235513,2026-08-04 23:30:00+00:00,3.5,100.0,OpenAQ verified hourly measurement
KAN,Kanpur,Uttar Pradesh,5662,"Nehru Nagar, Kanpur - UPPCB",12235513,2026-08-05 00:30:00+00:00,6.0,100.0,OpenAQ verified hourly measurement
KAN,Kanpur,Uttar Pradesh,5662,"Nehru Nagar, Kanpur - UPPCB",12235513,2026-08-05 01:30:00+00:00,10.8,100.0,OpenAQ verified hourly measurement
KAN,Kanpur,Uttar Pradesh,5662,"Nehru Nagar, Kanpur - UPPCB",12235513,2026-08-05 02:30:00+00:00,15.3,100.0,OpenAQ verified hourly measurement
KAN,Kanpur,Uttar Pradesh,5662,"Nehru Nagar, Kanpur - UPPCB",12235513,2026-08-05 03:30:00+00:00,13.3,100.0,OpenAQ verified hourly measurement
KAN,Kanpur,Uttar Pradesh,5662,"Nehru Nagar, Kanpur - UPPCB",12235513,2026-08-05 04:30:00+00:00,15.3,100.0,OpenAQ verified hourly measurement
KAN,Kanpur,Uttar Pradesh,5662,"Nehru Nagar, Kanpur - UPPCB",12235513,2026-08-05 05:30:00+00:00,19.5,100.0,OpenAQ verified hourly measurement
KAN,Kanpur,Uttar Pradesh,5662,"Nehru Nagar, Kanpur - UPPCB",12235513,2026-08-05 06:30:00+00:00,21.8,100.0,OpenAQ verified hourly measurement
KAN,Kanpur,Uttar Pradesh,5662,"Nehru Nagar, Kanpur - UPPCB",12235513,2026-08-05 07:30:00+00:00,23.3,100.0,OpenAQ verified hourly measurement
KAN,Kanpur,Uttar Pradesh,5662,"Nehru Nagar, Kanpur - UPPCB",12235513,2026-08-05 08:30:00+00:00,17.8,100.0,OpenAQ verified hourly measurement
KAN,Kanpur,Uttar Pradesh,5662,"Nehru Nagar, Kanpur - UPPCB",12235513,2026-08-05 09:30:00+00:00,8.0,100.0,OpenAQ verified hourly measurement
KAN,Kanpur,Uttar Pradesh,5662,"Nehru Nagar, Kanpur - UPPCB",12235513,2026-08-05 10:30:00+00:00,11.0,100.0,OpenAQ verified hourly measurement
KAN,Kanpur,Uttar Pradesh,5662,"Nehru Nagar, Kanpur - UPPCB",12235513,2026-08-05 11:30:00+00:00,17.5,100.0,OpenAQ verified hourly measurement
KAN,Kanpur,Uttar Pradesh,5662,"Nehru Nagar, Kanpur - UPPCB",12235513,2026-08-05 12:30:00+00:00,10.3,100.0,OpenAQ verified hourly measurement
KAN,Kanpur,Uttar Pradesh,5662,"Nehru Nagar, Kanpur - UPPCB",12235513,2026-08-05 13:30:00+00:00,19.7,75.0,OpenAQ verified hourly measurement
KAN,Kanpur,Uttar Pradesh,5662,"Nehru Nagar, Kanpur - UPPCB",12235513,2026-08-05 14:30:00+00:00,34.8,100.0,OpenAQ verified hourly measurement
KAN,Kanpur,Uttar Pradesh,5662,"Nehru Nagar, Kanpur - UPPCB",12235513,2026-08-05 15:30:00+00:00,28.3,75.0,OpenAQ verified hourly measurement
KAN,Kanpur,Uttar Pradesh,5662,"Nehru Nagar, Kanpur - UPPCB",12235513,2026-08-05 16:30:00+00:00,33.5,100.0,OpenAQ verified hourly measurement
KAN,Kanpur,Uttar Pradesh,5662,"Nehru Nagar, Kanpur - UPPCB",12235513,2026-08-05 17:30:00+00:00,47.0,50.0,OpenAQ verified hourly measurement
KAN,Kanpur,Uttar Pradesh,5662,"Nehru Nagar, Kanpur - UPPCB",12235513,2026-08-05 18:30:00+00:00,35.5,50.0,OpenAQ verified hourly measurement
KAN,Kanpur,Uttar Pradesh,5662,"Nehru Nagar, Kanpur - UPPCB",12235513,2026-08-05 19:30:00+00:00,51.0,25.0,OpenAQ verified hourly measurement
KAN,Kanpur,Uttar Pradesh,5662,"Nehru Nagar, Kanpur - UPPCB",12235513,2026-08-05 20:30:00+00:00,24.0,50.0,OpenAQ verified hourly measurement
KAN,Kanpur,Uttar Pradesh,5662,"Nehru Nagar, Kanpur - UPPCB",12235513,2026-08-05 21:30:00+00:00,24.5,50.0,OpenAQ verified hourly measurement
KAN,Kanpur,Uttar Pradesh,5662,"Nehru Nagar, Kanpur - UPPCB",12235513,2026-08-05 22:30:00+00:00,31.3,100.0,OpenAQ verified hourly measurement
KAN,Kanpur,Uttar Pradesh,5662,"Nehru Nagar, Kanpur - UPPCB",12235513,2026-08-05 23:30:00+00:00,20.5,50.0,OpenAQ verified hourly measurement
KAN,Kanpur,Uttar Pradesh,5662,"Nehru Nagar, Kanpur - UPPCB",12235513,2026-08-06 00:30:00+00:00,16.5,100.0,OpenAQ verified hourly measurement
KAN,Kanpur,Uttar Pradesh,5662,"Nehru Nagar, Kanpur - UPPCB",12235513,2026-08-06 01:30:00+00:00,36.8,100.0,OpenAQ verified hourly measurement
KAN,Kanpur,Uttar Pradesh,5662,"Nehru Nagar, Kanpur - UPPCB",12235513,2026-08-06 02:30:00+00:00,71.0,100.0,OpenAQ verified hourly measurement
KAN,Kanpur,Uttar Pradesh,5662,"Nehru Nagar, Kanpur - UPPCB",12235513,2026-08-06 03:30:00+00:00,31.0,100.0,OpenAQ verified hourly measurement
KAN,Kanpur,Uttar Pradesh,5662,"Nehru Nagar, Kanpur - UPPCB",12235513,2026-08-06 04:30:00+00:00,25.0,100.0,OpenAQ verified hourly measurement
KAN,Kanpur,Uttar Pradesh,5662,"Nehru Nagar, Kanpur - UPPCB",12235513,2026-08-06 05:30:00+00:00,16.3,100.0,OpenAQ verified hourly measurement
KAN,Kanpur,Uttar Pradesh,5662,"Nehru Nagar, Kanpur - UPPCB",12235513,2026-08-06 06:30:00+00:00,17.0,100.0,OpenAQ verified hourly measurement
KAN,Kanpur,Uttar Pradesh,5662,"Nehru Nagar, Kanpur - UPPCB",12235513,2026-08-06 07:30:00+00:00,17.3,100.0,OpenAQ verified hourly measurement
KAN,Kanpur,Uttar Pradesh,5662,"Nehru Nagar, Kanpur - UPPCB",12235513,2026-08-06 08:30:00+00:00,23.3,100.0,OpenAQ verified hourly measurement
KAN,Kanpur,Uttar Pradesh,5662,"Nehru Nagar, Kanpur - UPPCB",12235513,2026-08-06 09:30:00+00:00,33.0,100.0,OpenAQ verified hourly measurement
KAN,Kanpur,Uttar Pradesh,5662,"Nehru Nagar, Kanpur - UPPCB",12235513,2026-08-06 10:30:00+00:00,16.0,100.0,OpenAQ verified hourly measurement
KAN,Kanpur,Uttar Pradesh,5662,"Nehru Nagar, Kanpur - UPPCB",12235513,2026-08-06 11:30:00+00:00,21.8,100.0,OpenAQ verified hourly measurement
KAN,Kanpur,Uttar Pradesh,5662,"Nehru Nagar, Kanpur - UPPCB",12235513,2026-08-06 12:30:00+00:00,28.0,100.0,OpenAQ verified hourly measurement
KAN,Kanpur,Uttar Pradesh,5662,"Nehru Nagar, Kanpur - UPPCB",12235513,2026-08-06 13:30:00+00:00,31.5,100.0,OpenAQ verified hourly measurement
KAN,Kanpur,Uttar Pradesh,5662,"Nehru Nagar, Kanpur - UPPCB",12235513,2026-08-06 14:30:00+00:00,57.0,100.0,OpenAQ verified hourly measurement
KAN,Kanpur,Uttar Pradesh,5662,"Nehru Nagar, Kanpur - UPPCB",12235513,2026-08-06 15:30:00+00:00,45.0,100.0,OpenAQ verified hourly measurement
KAN,Kanpur,Uttar Pradesh,5662,"Nehru Nagar, Kanpur - UPPCB",12235513,2026-08-06 16:30:00+00:00,30.5,100.0,OpenAQ verified hourly measurement
KAN,Kanpur,Uttar Pradesh,5662,"Nehru Nagar, Kanpur - UPPCB",12235513,2026-08-06 17:30:00+00:00,14.0,75.0,OpenAQ verified hourly measurement
KAN,Kanpur,Uttar Pradesh,5662,"Nehru Nagar, Kanpur - UPPCB",12235513,2026-08-06 18:30:00+00:00,14.0,50.0,OpenAQ verified hourly measurement
KAN,Kanpur,Uttar Pradesh,5662,"Nehru Nagar, Kanpur - UPPCB",12235513,2026-08-06 19:30:00+00:00,18.3,100.0,OpenAQ verified hourly measurement
KAN,Kanpur,Uttar Pradesh,5662,"Nehru Nagar, Kanpur - UPPCB",12235513,2026-08-06 20:30:00+00:00,10.0,100.0,OpenAQ verified hourly measurement
KAN,Kanpur,Uttar Pradesh,5662,"Nehru Nagar, Kanpur - UPPCB",12235513,2026-08-06 21:30:00+00:00,10.0,75.0,OpenAQ verified hourly measurement
KAN,Kanpur,Uttar Pradesh,5662,"Nehru Nagar, Kanpur - UPPCB",12235513,2026-08-06 22:30:00+00:00,9.75,100.0,OpenAQ verified hourly measurement
KAN,Kanpur,Uttar Pradesh,5662,"Nehru Nagar, Kanpur - UPPCB",12235513,2026-08-06 23:30:00+00:00,7.67,75.0,OpenAQ verified hourly measurement
KAN,Kanpur,Uttar Pradesh,5662,"Nehru Nagar, Kanpur - UPPCB",12235513,2026-08-07 00:30:00+00:00,7.75,100.0,OpenAQ verified hourly measurement
KAN,Kanpur,Uttar Pradesh,5662,"Nehru Nagar, Kanpur - UPPCB",12235513,2026-08-07 01:30:00+00:00,22.0,75.0,OpenAQ verified hourly measurement
KAN,Kanpur,Uttar Pradesh,5662,"Nehru Nagar, Kanpur - UPPCB",12235513,2026-08-07 02:30:00+00:00,28.8,100.0,OpenAQ verified hourly measurement
KAN,Kanpur,Uttar Pradesh,5662,"Nehru Nagar, Kanpur - UPPCB",12235513,2026-08-07 03:30:00+00:00,20.0,75.0,OpenAQ verified hourly measurement
KAN,Kanpur,Uttar Pradesh,5662,"Nehru Nagar, Kanpur - UPPCB",12235513,2026-08-07 04:30:00+00:00,30.3,100.0,OpenAQ verified hourly measurement
KAN,Kanpur,Uttar Pradesh,5662,"Nehru Nagar, Kanpur - UPPCB",12235513,2026-08-07 05:30:00+00:00,16.3,75.0,OpenAQ verified hourly measurement
KAN,Kanpur,Uttar Pradesh,5662,"Nehru Nagar, Kanpur - UPPCB",12235513,2026-08-07 06:30:00+00:00,12.8,100.0,OpenAQ verified hourly measurement
KAN,Kanpur,Uttar Pradesh,5662,"Nehru Nagar, Kanpur - UPPCB",12235513,2026-08-07 07:30:00+00:00,18.0,50.0,OpenAQ verified hourly measurement
KAN,Kanpur,Uttar Pradesh,5662,"Nehru Nagar, Kanpur - UPPCB",12235513,2026-08-07 08:30:00+00:00,2.0,25.0,OpenAQ verified hourly measurement
KAN,Kanpur,Uttar Pradesh,5662,"Nehru Nagar, Kanpur - UPPCB",12235513,2026-08-07 09:30:00+00:00,4.5,50.0,OpenAQ verified hourly measurement
KAN,Kanpur,Uttar Pradesh,5662,"Nehru Nagar, Kanpur - UPPCB",12235513,2026-08-07 10:30:00+00:00,7.25,100.0,OpenAQ verified hourly measurement
KAN,Kanpur,Uttar Pradesh,5662,"Nehru Nagar, Kanpur - UPPCB",12235513,2026-08-07 11:30:00+00:00,8.5,100.0,OpenAQ verified hourly measurement
KAN,Kanpur,Uttar Pradesh,5662,"Nehru Nagar, Kanpur - UPPCB",12235513,2026-08-07 12:30:00+00:00,15.8,100.0,OpenAQ verified hourly measurement
KAN,Kanpur,Uttar Pradesh,5662,"Nehru Nagar, Kanpur - UPPCB",12235513,2026-08-07 13:30:00+00:00,29.5,100.0,OpenAQ verified hourly measurement
KAN,Kanpur,Uttar Pradesh,5662,"Nehru Nagar, Kanpur - UPPCB",12235513,2026-08-07 14:30:00+00:00,28.3,100.0,OpenAQ verified hourly measurement
KAN,Kanpur,Uttar Pradesh,5662,"Nehru Nagar, Kanpur - UPPCB",12235513,2026-08-07 15:30:00+00:00,50.5,100.0,OpenAQ verified hourly measurement
KAN,Kanpur,Uttar Pradesh,5662,"Nehru Nagar, Kanpur - UPPCB",12235513,2026-08-07 16:30:00+00:00,33.8,100.0,OpenAQ verified hourly measurement
KAN,Kanpur,Uttar Pradesh,5662,"Nehru Nagar, Kanpur - UPPCB",12235513,2026-08-07 17:30:00+00:00,33.0,75.0,OpenAQ verified hourly measurement
KAN,Kanpur,Uttar Pradesh,5662,"Nehru Nagar, Kanpur - UPPCB",12235513,2026-08-07 18:30:00+00:00,30.5,50.0,OpenAQ verified hourly measurement
KAN,Kanpur,Uttar Pradesh,5662,"Nehru Nagar, Kanpur - UPPCB",12235513,2026-08-07 19:30:00+00:00,24.5,100.0,OpenAQ verified hourly measurement
KAN,Kanpur,Uttar Pradesh,5662,"Nehru Nagar, Kanpur - UPPCB",12235513,2026-08-07 20:30:00+00:00,18.3,100.0,OpenAQ verified hourly measurement
KAN,Kanpur,Uttar Pradesh,5662,"Nehru Nagar, Kanpur - UPPCB",12235513,2026-08-07 21:30:00+00:00,19.5,100.0,OpenAQ verified hourly measurement
KAN,Kanpur,Uttar Pradesh,5662,"Nehru Nagar, Kanpur - UPPCB",12235513,2026-08-07 22:30:00+00:00,16.3,100.0,OpenAQ verified hourly measurement
KAN,Kanpur,Uttar Pradesh,5662,"Nehru Nagar, Kanpur - UPPCB",12235513,2026-08-07 23:30:00+00:00,26.0,100.0,OpenAQ verified hourly measurement
KAN,Kanpur,Uttar Pradesh,5662,"Nehru Nagar, Kanpur - UPPCB",12235513,2026-08-08 00:30:00+00:00,16.5,100.0,OpenAQ verified hourly measurement
KAN,Kanpur,Uttar Pradesh,5662,"Nehru Nagar, Kanpur - UPPCB",12235513,2026-08-08 01:30:00+00:00,16.0,100.0,OpenAQ verified hourly measurement
KAN,Kanpur,Uttar Pradesh,5662,"Nehru Nagar, Kanpur - UPPCB",12235513,2026-08-08 02:30:00+00:00,17.5,100.0,OpenAQ verified hourly measurement
KAN,Kanpur,Uttar Pradesh,5662,"Nehru Nagar, Kanpur - UPPCB",12235513,2026-08-08 03:30:00+00:00,17.5,100.0,OpenAQ verified hourly measurement
KAN,Kanpur,Uttar Pradesh,5662,"Nehru Nagar, Kanpur - UPPCB",12235513,2026-08-08 04:30:00+00:00,32.3,100.0,OpenAQ verified hourly measurement
KAN,Kanpur,Uttar Pradesh,5662,"Nehru Nagar, Kanpur - UPPCB",12235513,2026-08-08 05:30:00+00:00,34.8,100.0,OpenAQ verified hourly measurement
KAN,Kanpur,Uttar Pradesh,5662,"Nehru Nagar, Kanpur - UPPCB",12235513,2026-08-08 06:30:00+00:00,32.3,100.0,OpenAQ verified hourly measurement
KAN,Kanpur,Uttar Pradesh,5662,"Nehru Nagar, Kanpur - UPPCB",12235513,2026-08-08 07:30:00+00:00,34.3,75.0,OpenAQ verified hourly measurement
KAN,Kanpur,Uttar Pradesh,5662,"Nehru Nagar, Kanpur - UPPCB",12235513,2026-08-08 08:30:00+00:00,29.8,100.0,OpenAQ verified hourly measurement
KAN,Kanpur,Uttar Pradesh,5662,"Nehru Nagar, Kanpur - UPPCB",12235513,2026-08-08 09:30:00+00:00,25.0,100.0,OpenAQ verified hourly measurement
KAN,Kanpur,Uttar Pradesh,5662,"Nehru Nagar, Kanpur - UPPCB",12235513,2026-08-08 10:30:00+00:00,23.8,100.0,OpenAQ verified hourly measurement
KAN,Kanpur,Uttar Pradesh,5662,"Nehru Nagar, Kanpur - UPPCB",12235513,2026-08-08 11:30:00+00:00,28.3,100.0,OpenAQ verified hourly measurement
KAN,Kanpur,Uttar Pradesh,5662,"Nehru Nagar, Kanpur - UPPCB",12235513,2026-08-08 12:30:00+00:00,27.0,100.0,OpenAQ verified hourly measurement
KAN,Kanpur,Uttar Pradesh,5662,"Nehru Nagar, Kanpur - UPPCB",12235513,2026-08-08 13:30:00+00:00,34.3,100.0,OpenAQ verified hourly measurement
KAN,Kanpur,Uttar Pradesh,5662,"Nehru Nagar, Kanpur - UPPCB",12235513,2026-08-08 14:30:00+00:00,48.5,100.0,OpenAQ verified hourly measurement
KAN,Kanpur,Uttar Pradesh,5662,"Nehru Nagar, Kanpur - UPPCB",12235513,2026-08-08 15:30:00+00:00,52.5,100.0,OpenAQ verified hourly measurement
KAN,Kanpur,Uttar Pradesh,5662,"Nehru Nagar, Kanpur - UPPCB",12235513,2026-08-08 16:30:00+00:00,50.0,100.0,OpenAQ verified hourly measurement
KAN,Kanpur,Uttar Pradesh,5662,"Nehru Nagar, Kanpur - UPPCB",12235513,2026-08-08 17:30:00+00:00,47.0,75.0,OpenAQ verified hourly measurement
KAN,Kanpur,Uttar Pradesh,5662,"Nehru Nagar, Kanpur - UPPCB",12235513,2026-08-08 19:30:00+00:00,37.5,50.0,OpenAQ verified hourly measurement
KAN,Kanpur,Uttar Pradesh,5662,"Nehru Nagar, Kanpur - UPPCB",12235513,2026-08-08 20:30:00+00:00,39.0,100.0,OpenAQ verified hourly measurement
KAN,Kanpur,Uttar Pradesh,5662,"Nehru Nagar, Kanpur - UPPCB",12235513,2026-08-08 21:30:00+00:00,38.8,100.0,OpenAQ verified hourly measurement
KAN,Kanpur,Uttar Pradesh,5662,"Nehru Nagar, Kanpur - UPPCB",12235513,2026-08-08 22:30:00+00:00,34.0,100.0,OpenAQ verified hourly measurement
KAN,Kanpur,Uttar Pradesh,5662,"Nehru Nagar, Kanpur - UPPCB",12235513,2026-08-08 23:30:00+00:00,45.5,100.0,OpenAQ verified hourly measurement
KAN,Kanpur,Uttar Pradesh,5662,"Nehru Nagar, Kanpur - UPPCB",12235513,2026-08-09 00:30:00+00:00,35.0,100.0,OpenAQ verified hourly measurement
KAN,Kanpur,Uttar Pradesh,5662,"Nehru Nagar, Kanpur - UPPCB",12235513,2026-08-09 01:30:00+00:00,34.0,75.0,OpenAQ verified hourly measurement
KAN,Kanpur,Uttar Pradesh,5662,"Nehru Nagar, Kanpur - UPPCB",12235513,2026-08-09 02:30:00+00:00,30.3,100.0,OpenAQ verified hourly measurement
KAN,Kanpur,Uttar Pradesh,5662,"Nehru Nagar, Kanpur - UPPCB",12235513,2026-08-09 03:30:00+00:00,24.0,75.0,OpenAQ verified hourly measurement
KAN,Kanpur,Uttar Pradesh,5662,"Nehru Nagar, Kanpur - UPPCB",12235513,2026-08-09 04:30:00+00:00,22.8,100.0,OpenAQ verified hourly measurement
KAN,Kanpur,Uttar Pradesh,5662,"Nehru Nagar, Kanpur - UPPCB",12235513,2026-08-09 05:30:00+00:00,23.3,75.0,OpenAQ verified hourly measurement
KAN,Kanpur,Uttar Pradesh,5662,"Nehru Nagar, Kanpur - UPPCB",12235513,2026-08-09 06:30:00+00:00,20.3,100.0,OpenAQ verified hourly measurement
KAN,Kanpur,Uttar Pradesh,5662,"Nehru Nagar, Kanpur - UPPCB",12235513,2026-08-09 07:30:00+00:00,20.7,75.0,OpenAQ verified hourly measurement
KAN,Kanpur,Uttar Pradesh,5662,"Nehru Nagar, Kanpur - UPPCB",12235513,2026-08-09 08:30:00+00:00,21.0,100.0,OpenAQ verified hourly measurement
KAN,Kanpur,Uttar Pradesh,5662,"Nehru Nagar, Kanpur - UPPCB",12235513,2026-08-09 09:30:00+00:00,31.5,50.0,OpenAQ verified hourly measurement
KAN,Kanpur,Uttar Pradesh,5662,"Nehru Nagar, Kanpur - UPPCB",12235513,2026-08-09 10:30:00+00:00,35.0,100.0,OpenAQ verified hourly measurement
KAN,Kanpur,Uttar Pradesh,5662,"Nehru Nagar, Kanpur - UPPCB",12235513,2026-08-09 11:30:00+00:00,27.5,50.0,OpenAQ verified hourly measurement
KAN,Kanpur,Uttar Pradesh,5662,"Nehru Nagar, Kanpur - UPPCB",12235513,2026-08-09 12:30:00+00:00,31.8,100.0,OpenAQ verified hourly measurement
KAN,Kanpur,Uttar Pradesh,5662,"Nehru Nagar, Kanpur - UPPCB",12235513,2026-08-09 13:30:00+00:00,35.0,50.0,OpenAQ verified hourly measurement
KAN,Kanpur,Uttar Pradesh,5662,"Nehru Nagar, Kanpur - UPPCB",12235513,2026-08-09 14:30:00+00:00,38.5,100.0,OpenAQ verified hourly measurement
KAN,Kanpur,Uttar Pradesh,5662,"Nehru Nagar, Kanpur - UPPCB",12235513,2026-08-09 15:30:00+00:00,36.5,100.0,OpenAQ verified hourly measurement
KAN,Kanpur,Uttar Pradesh,5662,"Nehru Nagar, Kanpur - UPPCB",12235513,2026-08-09 16:30:00+00:00,34.3,100.0,OpenAQ verified hourly measurement
KAN,Kanpur,Uttar Pradesh,5662,"Nehru Nagar, Kanpur - UPPCB",12235513,2026-08-09 17:30:00+00:00,32.0,75.0,OpenAQ verified hourly measurement
KAN,Kanpur,Uttar Pradesh,5662,"Nehru Nagar, Kanpur - UPPCB",12235513,2026-08-09 18:30:00+00:00,36.0,25.0,OpenAQ verified hourly measurement
KAN,Kanpur,Uttar Pradesh,5662,"Nehru Nagar, Kanpur - UPPCB",12235513,2026-08-09 19:30:00+00:00,41.0,25.0,OpenAQ verified hourly measurement
KAN,Kanpur,Uttar Pradesh,5662,"Nehru Nagar, Kanpur - UPPCB",12235513,2026-08-09 20:30:00+00:00,43.3,100.0,OpenAQ verified hourly measurement
KAN,Kanpur,Uttar Pradesh,5662,"Nehru Nagar, Kanpur - UPPCB",12235513,2026-08-09 21:30:00+00:00,49.3,100.0,OpenAQ verified hourly measurement
KAN,Kanpur,Uttar Pradesh,5662,"Nehru Nagar, Kanpur - UPPCB",12235513,2026-08-09 22:30:00+00:00,47.8,100.0,OpenAQ verified hourly measurement
KAN,Kanpur,Uttar Pradesh,5662,"Nehru Nagar, Kanpur - UPPCB",12235513,2026-08-09 23:30:00+00:00,51.0,100.0,OpenAQ verified hourly measurement
KAN,Kanpur,Uttar Pradesh,5662,"Nehru Nagar, Kanpur - UPPCB",12235513,2026-08-10 00:30:00+00:00,51.5,100.0,OpenAQ verified hourly measurement
KAN,Kanpur,Uttar Pradesh,5662,"Nehru Nagar, Kanpur - UPPCB",12235513,2026-08-10 01:30:00+00:00,47.8,100.0,OpenAQ verified hourly measurement
KAN,Kanpur,Uttar Pradesh,5662,"Nehru Nagar, Kanpur - UPPCB",12235513,2026-08-10 02:30:00+00:00,57.0,100.0,OpenAQ verified hourly measurement
KAN,Kanpur,Uttar Pradesh,5662,"Nehru Nagar, Kanpur - UPPCB",12235513,2026-08-10 03:30:00+00:00,53.0,100.0,OpenAQ verified hourly measurement
KAN,Kanpur,Uttar Pradesh,5662,"Nehru Nagar, Kanpur - UPPCB",12235513,2026-08-10 04:30:00+00:00,58.5,100.0,OpenAQ verified hourly measurement
KAN,Kanpur,Uttar Pradesh,5662,"Nehru Nagar, Kanpur - UPPCB",12235513,2026-08-10 05:30:00+00:00,55.3,100.0,OpenAQ verified hourly measurement
KAN,Kanpur,Uttar Pradesh,5662,"Nehru Nagar, Kanpur - UPPCB",12235513,2026-08-10 06:30:00+00:00,54.8,100.0,OpenAQ verified hourly measurement
KAN,Kanpur,Uttar Pradesh,5662,"Nehru Nagar, Kanpur - UPPCB",12235513,2026-08-10 07:30:00+00:00,67.5,100.0,OpenAQ verified hourly measurement
KAN,Kanpur,Uttar Pradesh,5662,"Nehru Nagar, Kanpur - UPPCB",12235513,2026-08-10 08:30:00+00:00,58.3,100.0,OpenAQ verified hourly measurement
KAN,Kanpur,Uttar Pradesh,5662,"Nehru Nagar, Kanpur - UPPCB",12235513,2026-08-10 09:30:00+00:00,42.5,100.0,OpenAQ verified hourly measurement
KAN,Kanpur,Uttar Pradesh,5662,"Nehru Nagar, Kanpur - UPPCB",12235513,2026-08-10 10:30:00+00:00,38.0,25.0,OpenAQ verified hourly measurement
KAN,Kanpur,Uttar Pradesh,5662,"Nehru Nagar, Kanpur - UPPCB",12235513,2026-08-10 11:30:00+00:00,38.0,75.0,OpenAQ verified hourly measurement
KAN,Kanpur,Uttar Pradesh,5662,"Nehru Nagar, Kanpur - UPPCB",12235513,2026-08-10 12:30:00+00:00,61.0,25.0,OpenAQ verified hourly measurement
KAN,Kanpur,Uttar Pradesh,5662,"Nehru Nagar, Kanpur - UPPCB",12235513,2026-08-10 13:30:00+00:00,61.8,100.0,OpenAQ verified hourly measurement
KAN,Kanpur,Uttar Pradesh,5662,"Nehru Nagar, Kanpur - UPPCB",12235513,2026-08-10 14:30:00+00:00,58.8,100.0,OpenAQ verified hourly measurement
KAN,Kanpur,Uttar Pradesh,5662,"Nehru Nagar, Kanpur - UPPCB",12235513,2026-08-10 15:30:00+00:00,42.5,100.0,OpenAQ verified hourly measurement
KAN,Kanpur,Uttar Pradesh,5662,"Nehru Nagar, Kanpur - UPPCB",12235513,2026-08-10 16:30:00+00:00,40.5,100.0,OpenAQ verified hourly measurement
KAN,Kanpur,Uttar Pradesh,5662,"Nehru Nagar, Kanpur - UPPCB",12235513,2026-08-10 17:30:00+00:00,39.0,50.0,OpenAQ verified hourly measurement
KAN,Kanpur,Uttar Pradesh,5662,"Nehru Nagar, Kanpur - UPPCB",12235513,2026-08-10 18:30:00+00:00,46.5,50.0,OpenAQ verified hourly measurement
KAN,Kanpur,Uttar Pradesh,5662,"Nehru Nagar, Kanpur - UPPCB",12235513,2026-08-10 19:30:00+00:00,45.3,75.0,OpenAQ verified hourly measurement
KAN,Kanpur,Uttar Pradesh,5662,"Nehru Nagar, Kanpur - UPPCB",12235513,2026-08-10 20:30:00+00:00,36.3,100.0,OpenAQ verified hourly measurement
KAN,Kanpur,Uttar Pradesh,5662,"Nehru Nagar, Kanpur - UPPCB",12235513,2026-08-10 21:30:00+00:00,31.3,75.0,OpenAQ verified hourly measurement
KAN,Kanpur,Uttar Pradesh,5662,"Nehru Nagar, Kanpur - UPPCB",12235513,2026-08-10 22:30:00+00:00,42.3,100.0,OpenAQ verified hourly measurement
KAN,Kanpur,Uttar Pradesh,5662,"Nehru Nagar, Kanpur - UPPCB",12235513,2026-08-10 23:30:00+00:00,35.0,75.0,OpenAQ verified hourly measurement
KAN,Kanpur,Uttar Pradesh,5662,"Nehru Nagar, Kanpur - UPPCB",12235513,2026-08-11 00:30:00+00:00,34.5,100.0,OpenAQ verified hourly measurement
KAN,Kanpur,Uttar Pradesh,5662,"Nehru Nagar, Kanpur - UPPCB",12235513,2026-08-11 01:30:00+00:00,45.5,50.0,OpenAQ verified hourly measurement
KAN,Kanpur,Uttar Pradesh,5662,"Nehru Nagar, Kanpur - UPPCB",12235513,2026-08-11 02:30:00+00:00,46.8,100.0,OpenAQ verified hourly measurement
KAN,Kanpur,Uttar Pradesh,5662,"Nehru Nagar, Kanpur - UPPCB",12235513,2026-08-11 03:30:00+00:00,48.0,50.0,OpenAQ verified hourly measurement
KAN,Kanpur,Uttar Pradesh,5662,"Nehru Nagar, Kanpur - UPPCB",12235513,2026-08-11 04:30:00+00:00,47.3,100.0,OpenAQ verified hourly measurement
KAN,Kanpur,Uttar Pradesh,5662,"Nehru Nagar, Kanpur - UPPCB",12235513,2026-08-11 05:30:00+00:00,50.0,100.0,OpenAQ verified hourly measurement
KAN,Kanpur,Uttar Pradesh,5662,"Nehru Nagar, Kanpur - UPPCB",12235513,2026-08-11 06:30:00+00:00,51.0,100.0,OpenAQ verified hourly measurement
KAN,Kanpur,Uttar Pradesh,5662,"Nehru Nagar, Kanpur - UPPCB",12235513,2026-08-11 07:30:00+00:00,33.3,100.0,OpenAQ verified hourly measurement
KAN,Kanpur,Uttar Pradesh,5662,"Nehru Nagar, Kanpur - UPPCB",12235513,2026-08-11 08:30:00+00:00,30.0,100.0,OpenAQ verified hourly measurement
KAN,Kanpur,Uttar Pradesh,5662,"Nehru Nagar, Kanpur - UPPCB",12235513,2026-08-11 09:30:00+00:00,47.0,100.0,OpenAQ verified hourly measurement
KAN,Kanpur,Uttar Pradesh,5662,"Nehru Nagar, Kanpur - UPPCB",12235513,2026-08-11 10:30:00+00:00,48.5,100.0,OpenAQ verified hourly measurement
KAN,Kanpur,Uttar Pradesh,5662,"Nehru Nagar, Kanpur - UPPCB",12235513,2026-08-11 11:30:00+00:00,38.0,100.0,OpenAQ verified hourly measurement
KAN,Kanpur,Uttar Pradesh,5662,"Nehru Nagar, Kanpur - UPPCB",12235513,2026-08-11 12:30:00+00:00,46.8,100.0,OpenAQ verified hourly measurement
KAN,Kanpur,Uttar Pradesh,5662,"Nehru Nagar, Kanpur - UPPCB",12235513,2026-08-11 13:30:00+00:00,46.5,100.0,OpenAQ verified hourly measurement
KAN,Kanpur,Uttar Pradesh,5662,"Nehru Nagar, Kanpur - UPPCB",12235513,2026-08-11 14:30:00+00:00,51.3,100.0,OpenAQ verified hourly measurement
KAN,Kanpur,Uttar Pradesh,5662,"Nehru Nagar, Kanpur - UPPCB",12235513,2026-08-11 15:30:00+00:00,57.5,100.0,OpenAQ verified hourly measurement
KAN,Kanpur,Uttar Pradesh,5662,"Nehru Nagar, Kanpur - UPPCB",12235513,2026-08-11 16:30:00+00:00,44.8,100.0,OpenAQ verified hourly measurement
KAN,Kanpur,Uttar Pradesh,5662,"Nehru Nagar, Kanpur - UPPCB",12235513,2026-08-11 17:30:00+00:00,38.0,75.0,OpenAQ verified hourly measurement
KAN,Kanpur,Uttar Pradesh,5662,"Nehru Nagar, Kanpur - UPPCB",12235513,2026-08-11 19:30:00+00:00,30.5,50.0,OpenAQ verified hourly measurement
KAN,Kanpur,Uttar Pradesh,5662,"Nehru Nagar, Kanpur - UPPCB",12235513,2026-08-11 20:30:00+00:00,28.8,100.0,OpenAQ verified hourly measurement
KAN,Kanpur,Uttar Pradesh,5662,"Nehru Nagar, Kanpur - UPPCB",12235513,2026-08-11 21:30:00+00:00,25.0,100.0,OpenAQ verified hourly measurement
KAN,Kanpur,Uttar Pradesh,5662,"Nehru Nagar, Kanpur - UPPCB",12235513,2026-08-11 22:30:00+00:00,14.0,100.0,OpenAQ verified hourly measurement
KAN,Kanpur,Uttar Pradesh,5662,"Nehru Nagar, Kanpur - UPPCB",12235513,2026-08-11 23:30:00+00:00,10.0,100.0,OpenAQ verified hourly measurement
KAN,Kanpur,Uttar Pradesh,5662,"Nehru Nagar, Kanpur - UPPCB",12235513,2026-08-12 00:30:00+00:00,17.0,100.0,OpenAQ verified hourly measurement
KAN,Kanpur,Uttar Pradesh,5662,"Nehru Nagar, Kanpur - UPPCB",12235513,2026-08-12 01:30:00+00:00,19.3,100.0,OpenAQ verified hourly measurement
KAN,Kanpur,Uttar Pradesh,5662,"Nehru Nagar, Kanpur - UPPCB",12235513,2026-08-12 02:30:00+00:00,25.0,100.0,OpenAQ verified hourly measurement
KAN,Kanpur,Uttar Pradesh,5662,"Nehru Nagar, Kanpur - UPPCB",12235513,2026-08-12 03:30:00+00:00,44.0,75.0,OpenAQ verified hourly measurement
KAN,Kanpur,Uttar Pradesh,5662,"Nehru Nagar, Kanpur - UPPCB",12235513,2026-08-12 04:30:00+00:00,31.8,100.0,OpenAQ verified hourly measurement
KAN,Kanpur,Uttar Pradesh,5662,"Nehru Nagar, Kanpur - UPPCB",12235513,2026-08-12 05:30:00+00:00,26.7,75.0,OpenAQ verified hourly measurement
KAN,Kanpur,Uttar Pradesh,5662,"Nehru Nagar, Kanpur - UPPCB",12235513,2026-08-12 06:30:00+00:00,30.3,100.0,OpenAQ verified hourly measurement
KAN,Kanpur,Uttar Pradesh,5662,"Nehru Nagar, Kanpur - UPPCB",12235513,2026-08-12 07:30:00+00:00,28.3,100.0,OpenAQ verified hourly measurement
KAN,Kanpur,Uttar Pradesh,5662,"Nehru Nagar, Kanpur - UPPCB",12235513,2026-08-12 08:30:00+00:00,25.5,100.0,OpenAQ verified hourly measurement
KAN,Kanpur,Uttar Pradesh,5662,"Nehru Nagar, Kanpur - UPPCB",12235513,2026-08-12 09:30:00+00:00,38.3,100.0,OpenAQ verified hourly measurement
KAN,Kanpur,Uttar Pradesh,5662,"Nehru Nagar, Kanpur - UPPCB",12235513,2026-08-12 10:30:00+00:00,26.8,100.0,OpenAQ verified hourly measurement
KAN,Kanpur,Uttar Pradesh,5662,"Nehru Nagar, Kanpur - UPPCB",12235513,2026-08-12 11:30:00+00:00,26.0,75.0,OpenAQ verified hourly measurement
KAN,Kanpur,Uttar Pradesh,5662,"Nehru Nagar, Kanpur - UPPCB",12235513,2026-08-12 12:30:00+00:00,23.0,50.0,OpenAQ verified hourly measurement
KAN,Kanpur,Uttar Pradesh,5662,"Nehru Nagar, Kanpur - UPPCB",12235513,2026-08-12 13:30:00+00:00,29.5,100.0,OpenAQ verified hourly measurement
KAN,Kanpur,Uttar Pradesh,5662,"Nehru Nagar, Kanpur - UPPCB",12235513,2026-08-12 14:30:00+00:00,32.5,100.0,OpenAQ verified hourly measurement
KAN,Kanpur,Uttar Pradesh,5662,"Nehru Nagar, Kanpur - UPPCB",12235513,2026-08-12 15:30:00+00:00,45.5,100.0,OpenAQ verified hourly measurement
KAN,Kanpur,Uttar Pradesh,5662,"Nehru Nagar, Kanpur - UPPCB",12235513,2026-08-12 16:30:00+00:00,41.3,100.0,OpenAQ verified hourly measurement
KAN,Kanpur,Uttar Pradesh,5662,"Nehru Nagar, Kanpur - UPPCB",12235513,2026-08-12 17:30:00+00:00,33.0,75.0,OpenAQ verified hourly measurement
KAN,Kanpur,Uttar Pradesh,5662,"Nehru Nagar, Kanpur - UPPCB",12235513,2026-08-12 18:30:00+00:00,37.0,50.0,OpenAQ verified hourly measurement
KAN,Kanpur,Uttar Pradesh,5662,"Nehru Nagar, Kanpur - UPPCB",12235513,2026-08-12 19:30:00+00:00,38.0,100.0,OpenAQ verified hourly measurement
KAN,Kanpur,Uttar Pradesh,5662,"Nehru Nagar, Kanpur - UPPCB",12235513,2026-08-12 20:30:00+00:00,41.5,100.0,OpenAQ verified hourly measurement
KAN,Kanpur,Uttar Pradesh,5662,"Nehru Nagar, Kanpur - UPPCB",12235513,2026-08-12 21:30:00+00:00,43.0,50.0,OpenAQ verified hourly measurement
KAN,Kanpur,Uttar Pradesh,5662,"Nehru Nagar, Kanpur - UPPCB",12235513,2026-08-12 23:30:00+00:00,37.5,50.0,OpenAQ verified hourly measurement
KAN,Kanpur,Uttar Pradesh,5662,"Nehru Nagar, Kanpur - UPPCB",12235513,2026-08-13 00:30:00+00:00,53.0,100.0,OpenAQ verified hourly measurement
KAN,Kanpur,Uttar Pradesh,5662,"Nehru Nagar, Kanpur - UPPCB",12235513,2026-08-13 01:30:00+00:00,62.0,25.0,OpenAQ verified hourly measurement
KAN,Kanpur,Uttar Pradesh,5662,"Nehru Nagar, Kanpur - UPPCB",12235513,2026-08-13 02:30:00+00:00,35.0,50.0,OpenAQ verified hourly measurement
KAN,Kanpur,Uttar Pradesh,5662,"Nehru Nagar, Kanpur - UPPCB",12235513,2026-08-13 03:30:00+00:00,35.0,75.0,OpenAQ verified hourly measurement
KAN,Kanpur,Uttar Pradesh,5662,"Nehru Nagar, Kanpur - UPPCB",12235513,2026-08-13 04:30:00+00:00,39.0,100.0,OpenAQ verified hourly measurement
KAN,Kanpur,Uttar Pradesh,5662,"Nehru Nagar, Kanpur - UPPCB",12235513,2026-08-13 05:30:00+00:00,42.7,75.0,OpenAQ verified hourly measurement
KAN,Kanpur,Uttar Pradesh,5662,"Nehru Nagar, Kanpur - UPPCB",12235513,2026-08-13 06:30:00+00:00,52.0,100.0,OpenAQ verified hourly measurement
KAN,Kanpur,Uttar Pradesh,5662,"Nehru Nagar, Kanpur - UPPCB",12235513,2026-08-13 07:30:00+00:00,58.0,75.0,OpenAQ verified hourly measurement
KAN,Kanpur,Uttar Pradesh,5662,"Nehru Nagar, Kanpur - UPPCB",12235513,2026-08-13 08:30:00+00:00,58.0,100.0,OpenAQ verified hourly measurement
KAN,Kanpur,Uttar Pradesh,5662,"Nehru Nagar, Kanpur - UPPCB",12235513,2026-08-13 09:30:00+00:00,59.5,50.0,OpenAQ verified hourly measurement
KAN,Kanpur,Uttar Pradesh,5662,"Nehru Nagar, Kanpur - UPPCB",12235513,2026-08-13 10:30:00+00:00,61.0,100.0,OpenAQ verified hourly measurement
KAN,Kanpur,Uttar Pradesh,5662,"Nehru Nagar, Kanpur - UPPCB",12235513,2026-08-13 11:30:00+00:00,52.5,50.0,OpenAQ verified hourly measurement
KAN,Kanpur,Uttar Pradesh,5662,"Nehru Nagar, Kanpur - UPPCB",12235513,2026-08-13 12:30:00+00:00,40.5,100.0,OpenAQ verified hourly measurement
KAN,Kanpur,Uttar Pradesh,5662,"Nehru Nagar, Kanpur - UPPCB",12235513,2026-08-13 13:30:00+00:00,40.5,50.0,OpenAQ verified hourly measurement
KAN,Kanpur,Uttar Pradesh,5662,"Nehru Nagar, Kanpur - UPPCB",12235513,2026-08-13 14:30:00+00:00,51.5,100.0,OpenAQ verified hourly measurement
KAN,Kanpur,Uttar Pradesh,5662,"Nehru Nagar, Kanpur - UPPCB",12235513,2026-08-13 15:30:00+00:00,49.5,100.0,OpenAQ verified hourly measurement
KAN,Kanpur,Uttar Pradesh,5662,"Nehru Nagar, Kanpur - UPPCB",12235513,2026-08-13 16:30:00+00:00,42.0,100.0,OpenAQ verified hourly measurement
KAN,Kanpur,Uttar Pradesh,5662,"Nehru Nagar, Kanpur - UPPCB",12235513,2026-08-13 17:30:00+00:00,51.0,75.0,OpenAQ verified hourly measurement
KAN,Kanpur,Uttar Pradesh,5662,"Nehru Nagar, Kanpur - UPPCB",12235513,2026-08-13 18:30:00+00:00,22.0,50.0,OpenAQ verified hourly measurement
KAN,Kanpur,Uttar Pradesh,5662,"Nehru Nagar, Kanpur - UPPCB",12235513,2026-08-13 19:30:00+00:00,13.3,100.0,OpenAQ verified hourly measurement
KAN,Kanpur,Uttar Pradesh,5662,"Nehru Nagar, Kanpur - UPPCB",12235513,2026-08-13 20:30:00+00:00,12.8,100.0,OpenAQ verified hourly measurement
KAN,Kanpur,Uttar Pradesh,5662,"Nehru Nagar, Kanpur - UPPCB",12235513,2026-08-13 21:30:00+00:00,17.0,100.0,OpenAQ verified hourly measurement
KAN,Kanpur,Uttar Pradesh,5662,"Nehru Nagar, Kanpur - UPPCB",12235513,2026-08-13 22:30:00+00:00,13.5,100.0,OpenAQ verified hourly measurement
KAN,Kanpur,Uttar Pradesh,5662,"Nehru Nagar, Kanpur - UPPCB",12235513,2026-08-13 23:30:00+00:00,10.8,100.0,OpenAQ verified hourly measurement
KAN,Kanpur,Uttar Pradesh,5662,"Nehru Nagar, Kanpur - UPPCB",12235513,2026-08-14 00:30:00+00:00,5.5,100.0,OpenAQ verified hourly measurement
KAN,Kanpur,Uttar Pradesh,5662,"Nehru Nagar, Kanpur - UPPCB",12235513,2026-08-14 01:30:00+00:00,1.25,100.0,OpenAQ verified hourly measurement
KAN,Kanpur,Uttar Pradesh,5662,"Nehru Nagar, Kanpur - UPPCB",12235513,2026-08-14 02:30:00+00:00,3.0,100.0,OpenAQ verified hourly measurement
KAN,Kanpur,Uttar Pradesh,5662,"Nehru Nagar, Kanpur - UPPCB",12235513,2026-08-14 03:30:00+00:00,6.75,100.0,OpenAQ verified hourly measurement
KAN,Kanpur,Uttar Pradesh,5662,"Nehru Nagar, Kanpur - UPPCB",12235513,2026-08-14 04:30:00+00:00,10.8,100.0,OpenAQ verified hourly measurement
KAN,Kanpur,Uttar Pradesh,5662,"Nehru Nagar, Kanpur - UPPCB",12235513,2026-08-14 05:30:00+00:00,18.0,100.0,OpenAQ verified hourly measurement
KAN,Kanpur,Uttar Pradesh,5662,"Nehru Nagar, Kanpur - UPPCB",12235513,2026-08-14 06:30:00+00:00,19.5,100.0,OpenAQ verified hourly measurement
KAN,Kanpur,Uttar Pradesh,5662,"Nehru Nagar, Kanpur - UPPCB",12235513,2026-08-14 07:30:00+00:00,14.0,100.0,OpenAQ verified hourly measurement
KAN,Kanpur,Uttar Pradesh,5662,"Nehru Nagar, Kanpur - UPPCB",12235513,2026-08-14 08:30:00+00:00,38.0,75.0,OpenAQ verified hourly measurement
KAN,Kanpur,Uttar Pradesh,5662,"Nehru Nagar, Kanpur - UPPCB",12235513,2026-08-14 10:30:00+00:00,21.0,25.0,OpenAQ verified hourly measurement
KAN,Kanpur,Uttar Pradesh,5662,"Nehru Nagar, Kanpur - UPPCB",12235513,2026-08-14 11:30:00+00:00,22.0,75.0,OpenAQ verified hourly measurement
KAN,Kanpur,Uttar Pradesh,5662,"Nehru Nagar, Kanpur - UPPCB",12235513,2026-08-14 12:30:00+00:00,25.3,100.0,OpenAQ verified hourly measurement
KAN,Kanpur,Uttar Pradesh,5662,"Nehru Nagar, Kanpur - UPPCB",12235513,2026-08-14 13:30:00+00:00,22.3,75.0,OpenAQ verified hourly measurement
KAN,Kanpur,Uttar Pradesh,5662,"Nehru Nagar, Kanpur - UPPCB",12235513,2026-08-14 14:30:00+00:00,15.5,100.0,OpenAQ verified hourly measurement
KAN,Kanpur,Uttar Pradesh,5662,"Nehru Nagar, Kanpur - UPPCB",12235513,2026-08-14 15:30:00+00:00,27.0,75.0,OpenAQ verified hourly measurement
KAN,Kanpur,Uttar Pradesh,5662,"Nehru Nagar, Kanpur - UPPCB",12235513,2026-08-14 16:30:00+00:00,14.3,100.0,OpenAQ verified hourly measurement
KAN,Kanpur,Uttar Pradesh,5662,"Nehru Nagar, Kanpur - UPPCB",12235513,2026-08-14 17:30:00+00:00,24.0,25.0,OpenAQ verified hourly measurement
KAN,Kanpur,Uttar Pradesh,5662,"Nehru Nagar, Kanpur - UPPCB",12235513,2026-08-14 18:30:00+00:00,46.0,50.0,OpenAQ verified hourly measurement
KAN,Kanpur,Uttar Pradesh,5662,"Nehru Nagar, Kanpur - UPPCB",12235513,2026-08-14 19:30:00+00:00,43.5,50.0,OpenAQ verified hourly measurement
KAN,Kanpur,Uttar Pradesh,5662,"Nehru Nagar, Kanpur - UPPCB",12235513,2026-08-14 20:30:00+00:00,26.0,100.0,OpenAQ verified hourly measurement
KAN,Kanpur,Uttar Pradesh,5662,"Nehru Nagar, Kanpur - UPPCB",12235513,2026-08-14 22:30:00+00:00,11.0,50.0,OpenAQ verified hourly measurement
KAN,Kanpur,Uttar Pradesh,5662,"Nehru Nagar, Kanpur - UPPCB",12235513,2026-08-14 23:30:00+00:00,12.8,100.0,OpenAQ verified hourly measurement
KAN,Kanpur,Uttar Pradesh,5662,"Nehru Nagar, Kanpur - UPPCB",12235513,2026-08-15 00:30:00+00:00,19.8,100.0,OpenAQ verified hourly measurement
KAN,Kanpur,Uttar Pradesh,5662,"Nehru Nagar, Kanpur - UPPCB",12235513,2026-08-15 01:30:00+00:00,14.5,100.0,OpenAQ verified hourly measurement
KAN,Kanpur,Uttar Pradesh,5662,"Nehru Nagar, Kanpur - UPPCB",12235513,2026-08-15 02:30:00+00:00,11.5,100.0,OpenAQ verified hourly measurement
KAN,Kanpur,Uttar Pradesh,5662,"Nehru Nagar, Kanpur - UPPCB",12235513,2026-08-15 03:30:00+00:00,15.5,100.0,OpenAQ verified hourly measurement
KAN,Kanpur,Uttar Pradesh,5662,"Nehru Nagar, Kanpur - UPPCB",12235513,2026-08-15 04:30:00+00:00,13.8,100.0,OpenAQ verified hourly measurement
KAN,Kanpur,Uttar Pradesh,5662,"Nehru Nagar, Kanpur - UPPCB",12235513,2026-08-15 05:30:00+00:00,15.3,100.0,OpenAQ verified hourly measurement
KAN,Kanpur,Uttar Pradesh,5662,"Nehru Nagar, Kanpur - UPPCB",12235513,2026-08-15 06:30:00+00:00,20.8,100.0,OpenAQ verified hourly measurement
KAN,Kanpur,Uttar Pradesh,5662,"Nehru Nagar, Kanpur - UPPCB",12235513,2026-08-15 07:30:00+00:00,18.3,100.0,OpenAQ verified hourly measurement
KAN,Kanpur,Uttar Pradesh,5662,"Nehru Nagar, Kanpur - UPPCB",12235513,2026-08-15 08:30:00+00:00,21.3,100.0,OpenAQ verified hourly measurement
KAN,Kanpur,Uttar Pradesh,5662,"Nehru Nagar, Kanpur - UPPCB",12235513,2026-08-15 09:30:00+00:00,18.5,100.0,OpenAQ verified hourly measurement
KAN,Kanpur,Uttar Pradesh,5662,"Nehru Nagar, Kanpur - UPPCB",12235513,2026-08-15 10:30:00+00:00,17.3,100.0,OpenAQ verified hourly measurement
KAN,Kanpur,Uttar Pradesh,5662,"Nehru Nagar, Kanpur - UPPCB",12235513,2026-08-15 11:30:00+00:00,17.3,100.0,OpenAQ verified hourly measurement
KAN,Kanpur,Uttar Pradesh,5662,"Nehru Nagar, Kanpur - UPPCB",12235513,2026-08-15 12:30:00+00:00,16.3,100.0,OpenAQ verified hourly measurement
KAN,Kanpur,Uttar Pradesh,5662,"Nehru Nagar, Kanpur - UPPCB",12235513,2026-08-15 13:30:00+00:00,20.0,100.0,OpenAQ verified hourly measurement
KAN,Kanpur,Uttar Pradesh,5662,"Nehru Nagar, Kanpur - UPPCB",12235513,2026-08-15 14:30:00+00:00,19.5,100.0,OpenAQ verified hourly measurement
KAN,Kanpur,Uttar Pradesh,5662,"Nehru Nagar, Kanpur - UPPCB",12235513,2026-08-15 15:30:00+00:00,17.0,100.0,OpenAQ verified hourly measurement
KAN,Kanpur,Uttar Pradesh,5662,"Nehru Nagar, Kanpur - UPPCB",12235513,2026-08-15 16:30:00+00:00,14.5,100.0,OpenAQ verified hourly measurement
KAN,Kanpur,Uttar Pradesh,5662,"Nehru Nagar, Kanpur - UPPCB",12235513,2026-08-15 17:30:00+00:00,16.0,75.0,OpenAQ verified hourly measurement
KAN,Kanpur,Uttar Pradesh,5662,"Nehru Nagar, Kanpur - UPPCB",12235513,2026-08-15 21:30:00+00:00,5.0,50.0,OpenAQ verified hourly measurement
KAN,Kanpur,Uttar Pradesh,5662,"Nehru Nagar, Kanpur - UPPCB",12235513,2026-08-15 22:30:00+00:00,4.0,100.0,OpenAQ verified hourly measurement
KAN,Kanpur,Uttar Pradesh,5662,"Nehru Nagar, Kanpur - UPPCB",12235513,2026-08-15 23:30:00+00:00,6.0,75.0,OpenAQ verified hourly measurement
KAN,Kanpur,Uttar Pradesh,5662,"Nehru Nagar, Kanpur - UPPCB",12235513,2026-08-16 00:30:00+00:00,10.3,100.0,OpenAQ verified hourly measurement
KAN,Kanpur,Uttar Pradesh,5662,"Nehru Nagar, Kanpur - UPPCB",12235513,2026-08-16 01:30:00+00:00,10.3,75.0,OpenAQ verified hourly measurement
KAN,Kanpur,Uttar Pradesh,5662,"Nehru Nagar, Kanpur - UPPCB",12235513,2026-08-16 02:30:00+00:00,9.75,100.0,OpenAQ verified hourly measurement
KAN,Kanpur,Uttar Pradesh,5662,"Nehru Nagar, Kanpur - UPPCB",12235513,2026-08-16 03:30:00+00:00,13.7,75.0,OpenAQ verified hourly measurement
KAN,Kanpur,Uttar Pradesh,5662,"Nehru Nagar, Kanpur - UPPCB",12235513,2026-08-16 04:30:00+00:00,17.8,100.0,OpenAQ verified hourly measurement
KAN,Kanpur,Uttar Pradesh,5662,"Nehru Nagar, Kanpur - UPPCB",12235513,2026-08-16 05:30:00+00:00,21.5,50.0,OpenAQ verified hourly measurement
KAN,Kanpur,Uttar Pradesh,5662,"Nehru Nagar, Kanpur - UPPCB",12235513,2026-08-16 06:30:00+00:00,20.8,100.0,OpenAQ verified hourly measurement
KAN,Kanpur,Uttar Pradesh,5662,"Nehru Nagar, Kanpur - UPPCB",12235513,2026-08-16 07:30:00+00:00,16.0,50.0,OpenAQ verified hourly measurement
KAN,Kanpur,Uttar Pradesh,5662,"Nehru Nagar, Kanpur - UPPCB",12235513,2026-08-16 08:30:00+00:00,18.5,100.0,OpenAQ verified hourly measurement
KAN,Kanpur,Uttar Pradesh,5662,"Nehru Nagar, Kanpur - UPPCB",12235513,2026-08-16 09:30:00+00:00,21.0,100.0,OpenAQ verified hourly measurement
KAN,Kanpur,Uttar Pradesh,5662,"Nehru Nagar, Kanpur - UPPCB",12235513,2026-08-16 10:30:00+00:00,22.8,100.0,OpenAQ verified hourly measurement
KAN,Kanpur,Uttar Pradesh,5662,"Nehru Nagar, Kanpur - UPPCB",12235513,2026-08-16 11:30:00+00:00,18.0,100.0,OpenAQ verified hourly measurement
KAN,Kanpur,Uttar Pradesh,5662,"Nehru Nagar, Kanpur - UPPCB",12235513,2026-08-16 12:30:00+00:00,13.5,100.0,OpenAQ verified hourly measurement
KAN,Kanpur,Uttar Pradesh,5662,"Nehru Nagar, Kanpur - UPPCB",12235513,2026-08-16 13:30:00+00:00,9.0,100.0,OpenAQ verified hourly measurement
KAN,Kanpur,Uttar Pradesh,5662,"Nehru Nagar, Kanpur - UPPCB",12235513,2026-08-16 14:30:00+00:00,9.0,100.0,OpenAQ verified hourly measurement
KAN,Kanpur,Uttar Pradesh,5662,"Nehru Nagar, Kanpur - UPPCB",12235513,2026-08-16 15:30:00+00:00,9.75,100.0,OpenAQ verified hourly measurement
KAN,Kanpur,Uttar Pradesh,5662,"Nehru Nagar, Kanpur - UPPCB",12235513,2026-08-16 16:30:00+00:00,11.8,100.0,OpenAQ verified hourly measurement
KAN,Kanpur,Uttar Pradesh,5662,"Nehru Nagar, Kanpur - UPPCB",12235513,2026-08-16 17:30:00+00:00,11.0,75.0,OpenAQ verified hourly measurement
KAN,Kanpur,Uttar Pradesh,5662,"Nehru Nagar, Kanpur - UPPCB",12235513,2026-08-16 18:30:00+00:00,10.5,50.0,OpenAQ verified hourly measurement
KAN,Kanpur,Uttar Pradesh,5662,"Nehru Nagar, Kanpur - UPPCB",12235513,2026-08-16 19:30:00+00:00,12.0,75.0,OpenAQ verified hourly measurement
KAN,Kanpur,Uttar Pradesh,5662,"Nehru Nagar, Kanpur - UPPCB",12235513,2026-08-16 22:30:00+00:00,27.0,50.0,OpenAQ verified hourly measurement
KAN,Kanpur,Uttar Pradesh,5662,"Nehru Nagar, Kanpur - UPPCB",12235513,2026-08-16 23:30:00+00:00,24.0,100.0,OpenAQ verified hourly measurement
KAN,Kanpur,Uttar Pradesh,5662,"Nehru Nagar, Kanpur - UPPCB",12235513,2026-08-17 00:30:00+00:00,21.3,100.0,OpenAQ verified hourly measurement
KAN,Kanpur,Uttar Pradesh,5662,"Nehru Nagar, Kanpur - UPPCB",12235513,2026-08-17 01:30:00+00:00,28.5,100.0,OpenAQ verified hourly measurement
KAN,Kanpur,Uttar Pradesh,5662,"Nehru Nagar, Kanpur - UPPCB",12235513,2026-08-17 02:30:00+00:00,21.3,100.0,OpenAQ verified hourly measurement
KAN,Kanpur,Uttar Pradesh,5662,"Nehru Nagar, Kanpur - UPPCB",12235513,2026-08-17 03:30:00+00:00,24.0,100.0,OpenAQ verified hourly measurement
KAN,Kanpur,Uttar Pradesh,5662,"Nehru Nagar, Kanpur - UPPCB",12235513,2026-08-17 04:30:00+00:00,27.8,100.0,OpenAQ verified hourly measurement
KAN,Kanpur,Uttar Pradesh,5662,"Nehru Nagar, Kanpur - UPPCB",12235513,2026-08-17 05:30:00+00:00,24.3,75.0,OpenAQ verified hourly measurement
KAN,Kanpur,Uttar Pradesh,5662,"Nehru Nagar, Kanpur - UPPCB",12235513,2026-08-17 06:30:00+00:00,24.3,100.0,OpenAQ verified hourly measurement
KAN,Kanpur,Uttar Pradesh,5662,"Nehru Nagar, Kanpur - UPPCB",12235513,2026-08-17 07:30:00+00:00,5.67,75.0,OpenAQ verified hourly measurement
KAN,Kanpur,Uttar Pradesh,5662,"Nehru Nagar, Kanpur - UPPCB",12235513,2026-08-17 08:30:00+00:00,13.3,100.0,OpenAQ verified hourly measurement
KAN,Kanpur,Uttar Pradesh,5662,"Nehru Nagar, Kanpur - UPPCB",12235513,2026-08-17 09:30:00+00:00,24.7,75.0,OpenAQ verified hourly measurement
KAN,Kanpur,Uttar Pradesh,5662,"Nehru Nagar, Kanpur - UPPCB",12235513,2026-08-17 10:30:00+00:00,22.3,100.0,OpenAQ verified hourly measurement
KAN,Kanpur,Uttar Pradesh,5662,"Nehru Nagar, Kanpur - UPPCB",12235513,2026-08-17 11:30:00+00:00,19.0,75.0,OpenAQ verified hourly measurement
KAN,Kanpur,Uttar Pradesh,5662,"Nehru Nagar, Kanpur - UPPCB",12235513,2026-08-17 12:30:00+00:00,15.3,100.0,OpenAQ verified hourly measurement
KAN,Kanpur,Uttar Pradesh,5662,"Nehru Nagar, Kanpur - UPPCB",12235513,2026-08-17 13:30:00+00:00,28.0,75.0,OpenAQ verified hourly measurement
KAN,Kanpur,Uttar Pradesh,5662,"Nehru Nagar, Kanpur - UPPCB",12235513,2026-08-17 14:30:00+00:00,27.3,100.0,OpenAQ verified hourly measurement
KAN,Kanpur,Uttar Pradesh,5662,"Nehru Nagar, Kanpur - UPPCB",12235513,2026-08-17 15:30:00+00:00,25.0,75.0,OpenAQ verified hourly measurement
KAN,Kanpur,Uttar Pradesh,5662,"Nehru Nagar, Kanpur - UPPCB",12235513,2026-08-18 03:30:00+00:00,25.0,25.0,OpenAQ verified hourly measurement
KAN,Kanpur,Uttar Pradesh,5662,"Nehru Nagar, Kanpur - UPPCB",12235513,2026-08-18 04:30:00+00:00,20.0,25.0,OpenAQ verified hourly measurement
KAN,Kanpur,Uttar Pradesh,5662,"Nehru Nagar, Kanpur - UPPCB",12235513,2026-08-18 05:30:00+00:00,24.3,75.0,OpenAQ verified hourly measurement
KAN,Kanpur,Uttar Pradesh,5662,"Nehru Nagar, Kanpur - UPPCB",12235513,2026-08-18 06:30:00+00:00,26.8,100.0,OpenAQ verified hourly measurement
KAN,Kanpur,Uttar Pradesh,5662,"Nehru Nagar, Kanpur - UPPCB",12235513,2026-08-18 07:30:00+00:00,7.33,75.0,OpenAQ verified hourly measurement
KAN,Kanpur,Uttar Pradesh,5662,"Nehru Nagar, Kanpur - UPPCB",12235513,2026-08-18 08:30:00+00:00,6.0,75.0,OpenAQ verified hourly measurement
KAN,Kanpur,Uttar Pradesh,5662,"Nehru Nagar, Kanpur - UPPCB",12235513,2026-08-18 10:30:00+00:00,9.0,25.0,OpenAQ verified hourly measurement
KAN,Kanpur,Uttar Pradesh,5662,"Nehru Nagar, Kanpur - UPPCB",12235513,2026-08-18 11:30:00+00:00,9.0,75.0,OpenAQ verified hourly measurement
KAN,Kanpur,Uttar Pradesh,5662,"Nehru Nagar, Kanpur - UPPCB",12235513,2026-08-18 12:30:00+00:00,9.0,75.0,OpenAQ verified hourly measurement
KAN,Kanpur,Uttar Pradesh,5662,"Nehru Nagar, Kanpur - UPPCB",12235513,2026-08-18 13:30:00+00:00,37.0,25.0,OpenAQ verified hourly measurement
KAN,Kanpur,Uttar Pradesh,5662,"Nehru Nagar, Kanpur - UPPCB",12235513,2026-08-18 14:30:00+00:00,29.0,100.0,OpenAQ verified hourly measurement
KAN,Kanpur,Uttar Pradesh,5662,"Nehru Nagar, Kanpur - UPPCB",12235513,2026-08-18 15:30:00+00:00,7.5,50.0,OpenAQ verified hourly measurement
KAN,Kanpur,Uttar Pradesh,5662,"Nehru Nagar, Kanpur - UPPCB",12235513,2026-08-18 16:30:00+00:00,12.3,100.0,OpenAQ verified hourly measurement
KAN,Kanpur,Uttar Pradesh,5662,"Nehru Nagar, Kanpur - UPPCB",12235513,2026-08-18 17:30:00+00:00,19.0,25.0,OpenAQ verified hourly measurement
KAN,Kanpur,Uttar Pradesh,5662,"Nehru Nagar, Kanpur - UPPCB",12235513,2026-08-18 18:30:00+00:00,26.0,50.0,OpenAQ verified hourly measurement
KAN,Kanpur,Uttar Pradesh,5662,"Nehru Nagar, Kanpur - UPPCB",12235513,2026-08-18 19:30:00+00:00,24.3,100.0,OpenAQ verified hourly measurement
KAN,Kanpur,Uttar Pradesh,5662,"Nehru Nagar, Kanpur - UPPCB",12235513,2026-08-18 20:30:00+00:00,31.8,100.0,OpenAQ verified hourly measurement
KAN,Kanpur,Uttar Pradesh,5662,"Nehru Nagar, Kanpur - UPPCB",12235513,2026-08-18 21:30:00+00:00,40.5,100.0,OpenAQ verified hourly measurement
KAN,Kanpur,Uttar Pradesh,5662,"Nehru Nagar, Kanpur - UPPCB",12235513,2026-08-18 22:30:00+00:00,27.3,100.0,OpenAQ verified hourly measurement
KAN,Kanpur,Uttar Pradesh,5662,"Nehru Nagar, Kanpur - UPPCB",12235513,2026-08-18 23:30:00+00:00,14.3,100.0,OpenAQ verified hourly measurement
KAN,Kanpur,Uttar Pradesh,5662,"Nehru Nagar, Kanpur - UPPCB",12235513,2026-08-19 00:30:00+00:00,27.3,100.0,OpenAQ verified hourly measurement
KAN,Kanpur,Uttar Pradesh,5662,"Nehru Nagar, Kanpur - UPPCB",12235513,2026-08-19 01:30:00+00:00,31.5,100.0,OpenAQ verified hourly measurement
KAN,Kanpur,Uttar Pradesh,5662,"Nehru Nagar, Kanpur - UPPCB",12235513,2026-08-19 02:30:00+00:00,41.3,100.0,OpenAQ verified hourly measurement
KAN,Kanpur,Uttar Pradesh,5662,"Nehru Nagar, Kanpur - UPPCB",12235513,2026-08-19 03:30:00+00:00,42.0,100.0,OpenAQ verified hourly measurement
KAN,Kanpur,Uttar Pradesh,5662,"Nehru Nagar, Kanpur - UPPCB",12235513,2026-08-19 04:30:00+00:00,51.0,75.0,OpenAQ verified hourly measurement
KAN,Kanpur,Uttar Pradesh,5662,"Nehru Nagar, Kanpur - UPPCB",12235513,2026-08-19 05:30:00+00:00,29.0,50.0,OpenAQ verified hourly measurement
KAN,Kanpur,Uttar Pradesh,5662,"Nehru Nagar, Kanpur - UPPCB",12235513,2026-08-19 06:30:00+00:00,35.5,100.0,OpenAQ verified hourly measurement
KAN,Kanpur,Uttar Pradesh,5662,"Nehru Nagar, Kanpur - UPPCB",12235513,2026-08-19 07:30:00+00:00,46.5,100.0,OpenAQ verified hourly measurement
KAN,Kanpur,Uttar Pradesh,5662,"Nehru Nagar, Kanpur - UPPCB",12235513,2026-08-19 08:30:00+00:00,28.5,100.0,OpenAQ verified hourly measurement
KAN,Kanpur,Uttar Pradesh,5662,"Nehru Nagar, Kanpur - UPPCB",12235513,2026-08-19 09:30:00+00:00,15.5,50.0,OpenAQ verified hourly measurement
KAN,Kanpur,Uttar Pradesh,5662,"Nehru Nagar, Kanpur - UPPCB",12235513,2026-08-19 10:30:00+00:00,8.0,100.0,OpenAQ verified hourly measurement
KAN,Kanpur,Uttar Pradesh,5662,"Nehru Nagar, Kanpur - UPPCB",12235513,2026-08-19 11:30:00+00:00,15.0,100.0,OpenAQ verified hourly measurement
KAN,Kanpur,Uttar Pradesh,5662,"Nehru Nagar, Kanpur - UPPCB",12235513,2026-08-19 12:30:00+00:00,26.0,100.0,OpenAQ verified hourly measurement
KAN,Kanpur,Uttar Pradesh,5662,"Nehru Nagar, Kanpur - UPPCB",12235513,2026-08-19 13:30:00+00:00,26.0,100.0,OpenAQ verified hourly measurement
KAN,Kanpur,Uttar Pradesh,5662,"Nehru Nagar, Kanpur - UPPCB",12235513,2026-08-19 14:30:00+00:00,34.3,100.0,OpenAQ verified hourly measurement
KAN,Kanpur,Uttar Pradesh,5662,"Nehru Nagar, Kanpur - UPPCB",12235513,2026-08-19 15:30:00+00:00,30.5,100.0,OpenAQ verified hourly measurement
KAN,Kanpur,Uttar Pradesh,5662,"Nehru Nagar, Kanpur - UPPCB",12235513,2026-08-19 16:30:00+00:00,25.3,100.0,OpenAQ verified hourly measurement
KAN,Kanpur,Uttar Pradesh,5662,"Nehru Nagar, Kanpur - UPPCB",12235513,2026-08-19 17:30:00+00:00,23.0,75.0,OpenAQ verified hourly measurement
KAN,Kanpur,Uttar Pradesh,5662,"Nehru Nagar, Kanpur - UPPCB",12235513,2026-08-19 18:30:00+00:00,14.0,50.0,OpenAQ verified hourly measurement
KAN,Kanpur,Uttar Pradesh,5662,"Nehru Nagar, Kanpur - UPPCB",12235513,2026-08-19 19:30:00+00:00,11.5,100.0,OpenAQ verified hourly measurement
KAN,Kanpur,Uttar Pradesh,5662,"Nehru Nagar, Kanpur - UPPCB",12235513,2026-08-19 20:30:00+00:00,6.5,100.0,OpenAQ verified hourly measurement
KAN,Kanpur,Uttar Pradesh,5662,"Nehru Nagar, Kanpur - UPPCB",12235513,2026-08-19 21:30:00+00:00,5.0,100.0,OpenAQ verified hourly measurement
KAN,Kanpur,Uttar Pradesh,5662,"Nehru Nagar, Kanpur - UPPCB",12235513,2026-08-19 22:30:00+00:00,4.5,100.0,OpenAQ verified hourly measurement
KAN,Kanpur,Uttar Pradesh,5662,"Nehru Nagar, Kanpur - UPPCB",12235513,2026-08-19 23:30:00+00:00,3.0,100.0,OpenAQ verified hourly measurement
KAN,Kanpur,Uttar Pradesh,5662,"Nehru Nagar, Kanpur - UPPCB",12235513,2026-08-20 00:30:00+00:00,3.0,100.0,OpenAQ verified hourly measurement
KAN,Kanpur,Uttar Pradesh,5662,"Nehru Nagar, Kanpur - UPPCB",12235513,2026-08-20 01:30:00+00:00,3.0,100.0,OpenAQ verified hourly measurement
KAN,Kanpur,Uttar Pradesh,5662,"Nehru Nagar, Kanpur - UPPCB",12235513,2026-08-20 02:30:00+00:00,3.0,100.0,OpenAQ verified hourly measurement
KAN,Kanpur,Uttar Pradesh,5662,"Nehru Nagar, Kanpur - UPPCB",12235513,2026-08-20 03:30:00+00:00,3.0,75.0,OpenAQ verified hourly measurement
KAN,Kanpur,Uttar Pradesh,5662,"Nehru Nagar, Kanpur - UPPCB",12235513,2026-08-20 04:30:00+00:00,29.0,25.0,OpenAQ verified hourly measurement
KAN,Kanpur,Uttar Pradesh,5662,"Nehru Nagar, Kanpur - UPPCB",12235513,2026-08-20 05:30:00+00:00,29.5,100.0,OpenAQ verified hourly measurement
KAN,Kanpur,Uttar Pradesh,5662,"Nehru Nagar, Kanpur - UPPCB",12235513,2026-08-20 06:30:00+00:00,31.8,100.0,OpenAQ verified hourly measurement
KAN,Kanpur,Uttar Pradesh,5662,"Nehru Nagar, Kanpur - UPPCB",12235513,2026-08-20 07:30:00+00:00,33.0,75.0,OpenAQ verified hourly measurement
KAN,Kanpur,Uttar Pradesh,5662,"Nehru Nagar, Kanpur - UPPCB",12235513,2026-08-20 08:30:00+00:00,36.3,100.0,OpenAQ verified hourly measurement
KAN,Kanpur,Uttar Pradesh,5662,"Nehru Nagar, Kanpur - UPPCB",12235513,2026-08-20 09:30:00+00:00,44.0,75.0,OpenAQ verified hourly measurement
KAN,Kanpur,Uttar Pradesh,5662,"Nehru Nagar, Kanpur - UPPCB",12235513,2026-08-20 10:30:00+00:00,29.5,100.0,OpenAQ verified hourly measurement
KAN,Kanpur,Uttar Pradesh,5662,"Nehru Nagar, Kanpur - UPPCB",12235513,2026-08-20 11:30:00+00:00,32.0,75.0,OpenAQ verified hourly measurement
KAN,Kanpur,Uttar Pradesh,5662,"Nehru Nagar, Kanpur - UPPCB",12235513,2026-08-20 12:30:00+00:00,29.8,100.0,OpenAQ verified hourly measurement
KAN,Kanpur,Uttar Pradesh,5662,"Nehru Nagar, Kanpur - UPPCB",12235513,2026-08-20 13:30:00+00:00,40.3,75.0,OpenAQ verified hourly measurement
KAN,Kanpur,Uttar Pradesh,5662,"Nehru Nagar, Kanpur - UPPCB",12235513,2026-08-20 14:30:00+00:00,58.0,100.0,OpenAQ verified hourly measurement
KAN,Kanpur,Uttar Pradesh,5662,"Nehru Nagar, Kanpur - UPPCB",12235513,2026-08-20 15:30:00+00:00,61.5,50.0,OpenAQ verified hourly measurement
KAN,Kanpur,Uttar Pradesh,5662,"Nehru Nagar, Kanpur - UPPCB",12235513,2026-08-20 16:30:00+00:00,45.5,100.0,OpenAQ verified hourly measurement
KAN,Kanpur,Uttar Pradesh,5662,"Nehru Nagar, Kanpur - UPPCB",12235513,2026-08-20 17:30:00+00:00,50.0,25.0,OpenAQ verified hourly measurement
KAN,Kanpur,Uttar Pradesh,5662,"Nehru Nagar, Kanpur - UPPCB",12235513,2026-08-20 18:30:00+00:00,43.0,50.0,OpenAQ verified hourly measurement
KAN,Kanpur,Uttar Pradesh,5662,"Nehru Nagar, Kanpur - UPPCB",12235513,2026-08-20 19:30:00+00:00,32.0,50.0,OpenAQ verified hourly measurement
KAN,Kanpur,Uttar Pradesh,5662,"Nehru Nagar, Kanpur - UPPCB",12235513,2026-08-20 20:30:00+00:00,33.5,100.0,OpenAQ verified hourly measurement
KAN,Kanpur,Uttar Pradesh,5662,"Nehru Nagar, Kanpur - UPPCB",12235513,2026-08-20 21:30:00+00:00,29.3,100.0,OpenAQ verified hourly measurement
KAN,Kanpur,Uttar Pradesh,5662,"Nehru Nagar, Kanpur - UPPCB",12235513,2026-08-20 22:30:00+00:00,36.5,100.0,OpenAQ verified hourly measurement
KAN,Kanpur,Uttar Pradesh,5662,"Nehru Nagar, Kanpur - UPPCB",12235513,2026-08-20 23:30:00+00:00,30.3,100.0,OpenAQ verified hourly measurement
KAN,Kanpur,Uttar Pradesh,5662,"Nehru Nagar, Kanpur - UPPCB",12235513,2026-08-21 00:30:00+00:00,34.3,100.0,OpenAQ verified hourly measurement
KAN,Kanpur,Uttar Pradesh,5662,"Nehru Nagar, Kanpur - UPPCB",12235513,2026-08-21 01:30:00+00:00,33.3,100.0,OpenAQ verified hourly measurement
KAN,Kanpur,Uttar Pradesh,5662,"Nehru Nagar, Kanpur - UPPCB",12235513,2026-08-21 02:30:00+00:00,28.0,100.0,OpenAQ verified hourly measurement
KAN,Kanpur,Uttar Pradesh,5662,"Nehru Nagar, Kanpur - UPPCB",12235513,2026-08-21 03:30:00+00:00,29.8,100.0,OpenAQ verified hourly measurement
KAN,Kanpur,Uttar Pradesh,5662,"Nehru Nagar, Kanpur - UPPCB",12235513,2026-08-21 04:30:00+00:00,33.8,100.0,OpenAQ verified hourly measurement
KAN,Kanpur,Uttar Pradesh,5662,"Nehru Nagar, Kanpur - UPPCB",12235513,2026-08-21 05:30:00+00:00,31.7,75.0,OpenAQ verified hourly measurement
KAN,Kanpur,Uttar Pradesh,5662,"Nehru Nagar, Kanpur - UPPCB",12235513,2026-08-21 06:30:00+00:00,34.5,100.0,OpenAQ verified hourly measurement
KAN,Kanpur,Uttar Pradesh,5662,"Nehru Nagar, Kanpur - UPPCB",12235513,2026-08-21 07:30:00+00:00,32.8,100.0,OpenAQ verified hourly measurement
KAN,Kanpur,Uttar Pradesh,5662,"Nehru Nagar, Kanpur - UPPCB",12235513,2026-08-21 08:30:00+00:00,32.3,100.0,OpenAQ verified hourly measurement
KAN,Kanpur,Uttar Pradesh,5662,"Nehru Nagar, Kanpur - UPPCB",12235513,2026-08-21 09:30:00+00:00,30.8,100.0,OpenAQ verified hourly measurement
KAN,Kanpur,Uttar Pradesh,5662,"Nehru Nagar, Kanpur - UPPCB",12235513,2026-08-21 10:30:00+00:00,24.5,100.0,OpenAQ verified hourly measurement
KAN,Kanpur,Uttar Pradesh,5662,"Nehru Nagar, Kanpur - UPPCB",12235513,2026-08-21 11:30:00+00:00,24.3,100.0,OpenAQ verified hourly measurement
KAN,Kanpur,Uttar Pradesh,5662,"Nehru Nagar, Kanpur - UPPCB",12235513,2026-08-21 12:30:00+00:00,17.3,100.0,OpenAQ verified hourly measurement
KAN,Kanpur,Uttar Pradesh,5662,"Nehru Nagar, Kanpur - UPPCB",12235513,2026-08-21 13:30:00+00:00,12.3,100.0,OpenAQ verified hourly measurement
KAN,Kanpur,Uttar Pradesh,5662,"Nehru Nagar, Kanpur - UPPCB",12235513,2026-08-21 14:30:00+00:00,15.8,100.0,OpenAQ verified hourly measurement
KAN,Kanpur,Uttar Pradesh,5662,"Nehru Nagar, Kanpur - UPPCB",12235513,2026-08-21 15:30:00+00:00,23.5,100.0,OpenAQ verified hourly measurement
KAN,Kanpur,Uttar Pradesh,5662,"Nehru Nagar, Kanpur - UPPCB",12235513,2026-08-21 16:30:00+00:00,24.5,100.0,OpenAQ verified hourly measurement
KAN,Kanpur,Uttar Pradesh,5662,"Nehru Nagar, Kanpur - UPPCB",12235513,2026-08-21 17:30:00+00:00,32.0,50.0,OpenAQ verified hourly measurement
KAN,Kanpur,Uttar Pradesh,5662,"Nehru Nagar, Kanpur - UPPCB",12235513,2026-08-21 18:30:00+00:00,26.0,50.0,OpenAQ verified hourly measurement
KAN,Kanpur,Uttar Pradesh,5662,"Nehru Nagar, Kanpur - UPPCB",12235513,2026-08-21 19:30:00+00:00,29.0,75.0,OpenAQ verified hourly measurement
KAN,Kanpur,Uttar Pradesh,5662,"Nehru Nagar, Kanpur - UPPCB",12235513,2026-08-21 20:30:00+00:00,28.5,100.0,OpenAQ verified hourly measurement
KAN,Kanpur,Uttar Pradesh,5662,"Nehru Nagar, Kanpur - UPPCB",12235513,2026-08-21 21:30:00+00:00,23.0,75.0,OpenAQ verified hourly measurement
KAN,Kanpur,Uttar Pradesh,5662,"Nehru Nagar, Kanpur - UPPCB",12235513,2026-08-21 22:30:00+00:00,14.8,100.0,OpenAQ verified hourly measurement
KAN,Kanpur,Uttar Pradesh,5662,"Nehru Nagar, Kanpur - UPPCB",12235513,2026-08-21 23:30:00+00:00,14.0,75.0,OpenAQ verified hourly measurement
KAN,Kanpur,Uttar Pradesh,5662,"Nehru Nagar, Kanpur - UPPCB",12235513,2026-08-22 00:30:00+00:00,13.3,100.0,OpenAQ verified hourly measurement
KAN,Kanpur,Uttar Pradesh,5662,"Nehru Nagar, Kanpur - UPPCB",12235513,2026-08-22 01:30:00+00:00,15.3,75.0,OpenAQ verified hourly measurement
KAN,Kanpur,Uttar Pradesh,5662,"Nehru Nagar, Kanpur - UPPCB",12235513,2026-08-22 02:30:00+00:00,23.0,100.0,OpenAQ verified hourly measurement
KAN,Kanpur,Uttar Pradesh,5662,"Nehru Nagar, Kanpur - UPPCB",12235513,2026-08-22 03:30:00+00:00,19.0,50.0,OpenAQ verified hourly measurement
KAN,Kanpur,Uttar Pradesh,5662,"Nehru Nagar, Kanpur - UPPCB",12235513,2026-08-22 04:30:00+00:00,17.8,100.0,OpenAQ verified hourly measurement
KAN,Kanpur,Uttar Pradesh,5662,"Nehru Nagar, Kanpur - UPPCB",12235513,2026-08-22 05:30:00+00:00,20.0,50.0,OpenAQ verified hourly measurement
KAN,Kanpur,Uttar Pradesh,5662,"Nehru Nagar, Kanpur - UPPCB",12235513,2026-08-22 06:30:00+00:00,21.3,100.0,OpenAQ verified hourly measurement
KAN,Kanpur,Uttar Pradesh,5662,"Nehru Nagar, Kanpur - UPPCB",12235513,2026-08-22 07:30:00+00:00,15.5,100.0,OpenAQ verified hourly measurement
KAN,Kanpur,Uttar Pradesh,5662,"Nehru Nagar, Kanpur - UPPCB",12235513,2026-08-22 08:30:00+00:00,14.0,100.0,OpenAQ verified hourly measurement
KAN,Kanpur,Uttar Pradesh,5662,"Nehru Nagar, Kanpur - UPPCB",12235513,2026-08-22 09:30:00+00:00,14.5,100.0,OpenAQ verified hourly measurement
KAN,Kanpur,Uttar Pradesh,5662,"Nehru Nagar, Kanpur - UPPCB",12235513,2026-08-22 10:30:00+00:00,16.8,100.0,OpenAQ verified hourly measurement
KAN,Kanpur,Uttar Pradesh,5662,"Nehru Nagar, Kanpur - UPPCB",12235513,2026-08-22 11:30:00+00:00,20.0,100.0,OpenAQ verified hourly measurement
KAN,Kanpur,Uttar Pradesh,5662,"Nehru Nagar, Kanpur - UPPCB",12235513,2026-08-22 12:30:00+00:00,20.8,100.0,OpenAQ verified hourly measurement
KAN,Kanpur,Uttar Pradesh,5662,"Nehru Nagar, Kanpur - UPPCB",12235513,2026-08-22 13:30:00+00:00,15.3,100.0,OpenAQ verified hourly measurement
KAN,Kanpur,Uttar Pradesh,5662,"Nehru Nagar, Kanpur - UPPCB",12235513,2026-08-22 14:30:00+00:00,18.3,100.0,OpenAQ verified hourly measurement
KAN,Kanpur,Uttar Pradesh,5662,"Nehru Nagar, Kanpur - UPPCB",12235513,2026-08-22 15:30:00+00:00,14.5,100.0,OpenAQ verified hourly measurement
KAN,Kanpur,Uttar Pradesh,5662,"Nehru Nagar, Kanpur - UPPCB",12235513,2026-08-22 16:30:00+00:00,10.3,100.0,OpenAQ verified hourly measurement
KAN,Kanpur,Uttar Pradesh,5662,"Nehru Nagar, Kanpur - UPPCB",12235513,2026-08-22 17:30:00+00:00,11.0,75.0,OpenAQ verified hourly measurement
KAN,Kanpur,Uttar Pradesh,5662,"Nehru Nagar, Kanpur - UPPCB",12235513,2026-08-22 18:30:00+00:00,23.0,50.0,OpenAQ verified hourly measurement
KAN,Kanpur,Uttar Pradesh,5662,"Nehru Nagar, Kanpur - UPPCB",12235513,2026-08-22 19:30:00+00:00,26.0,75.0,OpenAQ verified hourly measurement
KAN,Kanpur,Uttar Pradesh,5662,"Nehru Nagar, Kanpur - UPPCB",12235513,2026-08-22 21:30:00+00:00,13.0,50.0,OpenAQ verified hourly measurement
KAN,Kanpur,Uttar Pradesh,5662,"Nehru Nagar, Kanpur - UPPCB",12235513,2026-08-22 22:30:00+00:00,12.5,100.0,OpenAQ verified hourly measurement
KAN,Kanpur,Uttar Pradesh,5662,"Nehru Nagar, Kanpur - UPPCB",12235513,2026-08-22 23:30:00+00:00,13.0,100.0,OpenAQ verified hourly measurement
KAN,Kanpur,Uttar Pradesh,5662,"Nehru Nagar, Kanpur - UPPCB",12235513,2026-08-23 00:30:00+00:00,17.0,100.0,OpenAQ verified hourly measurement
KAN,Kanpur,Uttar Pradesh,5662,"Nehru Nagar, Kanpur - UPPCB",12235513,2026-08-23 01:30:00+00:00,12.3,100.0,OpenAQ verified hourly measurement
KAN,Kanpur,Uttar Pradesh,5662,"Nehru Nagar, Kanpur - UPPCB",12235513,2026-08-23 02:30:00+00:00,13.3,100.0,OpenAQ verified hourly measurement
KAN,Kanpur,Uttar Pradesh,5662,"Nehru Nagar, Kanpur - UPPCB",12235513,2026-08-23 03:30:00+00:00,9.0,100.0,OpenAQ verified hourly measurement
KAN,Kanpur,Uttar Pradesh,5662,"Nehru Nagar, Kanpur - UPPCB",12235513,2026-08-23 04:30:00+00:00,21.0,100.0,OpenAQ verified hourly measurement
KAN,Kanpur,Uttar Pradesh,5662,"Nehru Nagar, Kanpur - UPPCB",12235513,2026-08-23 05:30:00+00:00,21.3,100.0,OpenAQ verified hourly measurement
KAN,Kanpur,Uttar Pradesh,5662,"Nehru Nagar, Kanpur - UPPCB",12235513,2026-08-23 06:30:00+00:00,22.0,100.0,OpenAQ verified hourly measurement
KAN,Kanpur,Uttar Pradesh,5662,"Nehru Nagar, Kanpur - UPPCB",12235513,2026-08-23 07:30:00+00:00,21.0,75.0,OpenAQ verified hourly measurement
KAN,Kanpur,Uttar Pradesh,5662,"Nehru Nagar, Kanpur - UPPCB",12235513,2026-08-23 08:30:00+00:00,22.5,100.0,OpenAQ verified hourly measurement
KAN,Kanpur,Uttar Pradesh,5662,"Nehru Nagar, Kanpur - UPPCB",12235513,2026-08-23 09:30:00+00:00,33.7,75.0,OpenAQ verified hourly measurement
KAN,Kanpur,Uttar Pradesh,5662,"Nehru Nagar, Kanpur - UPPCB",12235513,2026-08-23 10:30:00+00:00,32.3,100.0,OpenAQ verified hourly measurement
KAN,Kanpur,Uttar Pradesh,5662,"Nehru Nagar, Kanpur - UPPCB",12235513,2026-08-23 11:30:00+00:00,24.0,25.0,OpenAQ verified hourly measurement
KAN,Kanpur,Uttar Pradesh,5662,"Nehru Nagar, Kanpur - UPPCB",12235513,2026-08-23 12:30:00+00:00,25.0,25.0,OpenAQ verified hourly measurement
KAN,Kanpur,Uttar Pradesh,5662,"Nehru Nagar, Kanpur - UPPCB",12235513,2026-08-23 13:30:00+00:00,24.7,75.0,OpenAQ verified hourly measurement
KAN,Kanpur,Uttar Pradesh,5662,"Nehru Nagar, Kanpur - UPPCB",12235513,2026-08-23 14:30:00+00:00,24.8,100.0,OpenAQ verified hourly measurement
KAN,Kanpur,Uttar Pradesh,5662,"Nehru Nagar, Kanpur - UPPCB",12235513,2026-08-23 15:30:00+00:00,22.5,50.0,OpenAQ verified hourly measurement
KAN,Kanpur,Uttar Pradesh,5662,"Nehru Nagar, Kanpur - UPPCB",12235513,2026-08-23 16:30:00+00:00,20.0,100.0,OpenAQ verified hourly measurement
KAN,Kanpur,Uttar Pradesh,5662,"Nehru Nagar, Kanpur - UPPCB",12235513,2026-08-23 17:30:00+00:00,26.0,25.0,OpenAQ verified hourly measurement
KAN,Kanpur,Uttar Pradesh,5662,"Nehru Nagar, Kanpur - UPPCB",12235513,2026-08-23 18:30:00+00:00,20.0,50.0,OpenAQ verified hourly measurement
KAN,Kanpur,Uttar Pradesh,5662,"Nehru Nagar, Kanpur - UPPCB",12235513,2026-08-23 19:30:00+00:00,18.0,50.0,OpenAQ verified hourly measurement
KAN,Kanpur,Uttar Pradesh,5662,"Nehru Nagar, Kanpur - UPPCB",12235513,2026-08-23 20:30:00+00:00,17.8,100.0,OpenAQ verified hourly measurement
KAN,Kanpur,Uttar Pradesh,5662,"Nehru Nagar, Kanpur - UPPCB",12235513,2026-08-23 21:30:00+00:00,18.0,100.0,OpenAQ verified hourly measurement
KAN,Kanpur,Uttar Pradesh,5662,"Nehru Nagar, Kanpur - UPPCB",12235513,2026-08-23 22:30:00+00:00,19.3,100.0,OpenAQ verified hourly measurement
KAN,Kanpur,Uttar Pradesh,5662,"Nehru Nagar, Kanpur - UPPCB",12235513,2026-08-23 23:30:00+00:00,14.3,100.0,OpenAQ verified hourly measurement
KAN,Kanpur,Uttar Pradesh,5662,"Nehru Nagar, Kanpur - UPPCB",12235513,2026-08-24 00:30:00+00:00,14.0,100.0,OpenAQ verified hourly measurement
KAN,Kanpur,Uttar Pradesh,5662,"Nehru Nagar, Kanpur - UPPCB",12235513,2026-08-24 01:30:00+00:00,10.8,100.0,OpenAQ verified hourly measurement
KAN,Kanpur,Uttar Pradesh,5662,"Nehru Nagar, Kanpur - UPPCB",12235513,2026-08-24 02:30:00+00:00,131.0,100.0,OpenAQ verified hourly measurement
KAN,Kanpur,Uttar Pradesh,5662,"Nehru Nagar, Kanpur - UPPCB",12235513,2026-08-24 03:30:00+00:00,377.0,100.0,OpenAQ verified hourly measurement
KAN,Kanpur,Uttar Pradesh,5662,"Nehru Nagar, Kanpur - UPPCB",12235513,2026-08-24 04:30:00+00:00,34.8,100.0,OpenAQ verified hourly measurement
KAN,Kanpur,Uttar Pradesh,5662,"Nehru Nagar, Kanpur - UPPCB",12235513,2026-08-24 05:30:00+00:00,50.5,100.0,OpenAQ verified hourly measurement
KAN,Kanpur,Uttar Pradesh,5662,"Nehru Nagar, Kanpur - UPPCB",12235513,2026-08-24 06:30:00+00:00,55.0,100.0,OpenAQ verified hourly measurement
KAN,Kanpur,Uttar Pradesh,5662,"Nehru Nagar, Kanpur - UPPCB",12235513,2026-08-24 07:30:00+00:00,7.75,100.0,OpenAQ verified hourly measurement
KAN,Kanpur,Uttar Pradesh,5662,"Nehru Nagar, Kanpur - UPPCB",12235513,2026-08-24 08:30:00+00:00,28.8,100.0,OpenAQ verified hourly measurement
KAN,Kanpur,Uttar Pradesh,5662,"Nehru Nagar, Kanpur - UPPCB",12235513,2026-08-24 09:30:00+00:00,36.0,100.0,OpenAQ verified hourly measurement
KAN,Kanpur,Uttar Pradesh,5662,"Nehru Nagar, Kanpur - UPPCB",12235513,2026-08-24 10:30:00+00:00,55.3,100.0,OpenAQ verified hourly measurement
KAN,Kanpur,Uttar Pradesh,5662,"Nehru Nagar, Kanpur - UPPCB",12235513,2026-08-24 11:30:00+00:00,68.8,100.0,OpenAQ verified hourly measurement
KAN,Kanpur,Uttar Pradesh,5662,"Nehru Nagar, Kanpur - UPPCB",12235513,2026-08-24 12:30:00+00:00,64.8,100.0,OpenAQ verified hourly measurement
KAN,Kanpur,Uttar Pradesh,5662,"Nehru Nagar, Kanpur - UPPCB",12235513,2026-08-24 13:30:00+00:00,42.0,100.0,OpenAQ verified hourly measurement
KAN,Kanpur,Uttar Pradesh,5662,"Nehru Nagar, Kanpur - UPPCB",12235513,2026-08-24 14:30:00+00:00,26.8,100.0,OpenAQ verified hourly measurement
KAN,Kanpur,Uttar Pradesh,5662,"Nehru Nagar, Kanpur - UPPCB",12235513,2026-08-24 15:30:00+00:00,17.5,100.0,OpenAQ verified hourly measurement
KAN,Kanpur,Uttar Pradesh,5662,"Nehru Nagar, Kanpur - UPPCB",12235513,2026-08-24 16:30:00+00:00,18.0,100.0,OpenAQ verified hourly measurement
KAN,Kanpur,Uttar Pradesh,5662,"Nehru Nagar, Kanpur - UPPCB",12235513,2026-08-24 17:30:00+00:00,15.0,75.0,OpenAQ verified hourly measurement
KAN,Kanpur,Uttar Pradesh,5662,"Nehru Nagar, Kanpur - UPPCB",12235513,2026-08-24 18:30:00+00:00,22.5,50.0,OpenAQ verified hourly measurement
KAN,Kanpur,Uttar Pradesh,5662,"Nehru Nagar, Kanpur - UPPCB",12235513,2026-08-24 19:30:00+00:00,23.3,75.0,OpenAQ verified hourly measurement
KAN,Kanpur,Uttar Pradesh,5662,"Nehru Nagar, Kanpur - UPPCB",12235513,2026-08-24 20:30:00+00:00,21.0,100.0,OpenAQ verified hourly measurement
KAN,Kanpur,Uttar Pradesh,5662,"Nehru Nagar, Kanpur - UPPCB",12235513,2026-08-24 21:30:00+00:00,18.0,25.0,OpenAQ verified hourly measurement
KAN,Kanpur,Uttar Pradesh,5662,"Nehru Nagar, Kanpur - UPPCB",12235513,2026-08-24 22:30:00+00:00,5.0,50.0,OpenAQ verified hourly measurement
KAN,Kanpur,Uttar Pradesh,5662,"Nehru Nagar, Kanpur - UPPCB",12235513,2026-08-24 23:30:00+00:00,8.33,75.0,OpenAQ verified hourly measurement
KAN,Kanpur,Uttar Pradesh,5662,"Nehru Nagar, Kanpur - UPPCB",12235513,2026-08-25 00:30:00+00:00,12.0,100.0,OpenAQ verified hourly measurement
KAN,Kanpur,Uttar Pradesh,5662,"Nehru Nagar, Kanpur - UPPCB",12235513,2026-08-25 01:30:00+00:00,23.0,50.0,OpenAQ verified hourly measurement
KAN,Kanpur,Uttar Pradesh,5662,"Nehru Nagar, Kanpur - UPPCB",12235513,2026-08-25 02:30:00+00:00,27.5,100.0,OpenAQ verified hourly measurement
KAN,Kanpur,Uttar Pradesh,5662,"Nehru Nagar, Kanpur - UPPCB",12235513,2026-08-25 03:30:00+00:00,17.5,50.0,OpenAQ verified hourly measurement
LKO,Lucknow,Uttar Pradesh,5659,"Lalbagh, Lucknow - CPCB",12235522,2026-07-26 06:30:00+00:00,29.8,100.0,OpenAQ verified hourly measurement
LKO,Lucknow,Uttar Pradesh,5659,"Lalbagh, Lucknow - CPCB",12235522,2026-07-26 07:30:00+00:00,24.1,100.0,OpenAQ verified hourly measurement
LKO,Lucknow,Uttar Pradesh,5659,"Lalbagh, Lucknow - CPCB",12235522,2026-07-26 08:30:00+00:00,33.4,100.0,OpenAQ verified hourly measurement
LKO,Lucknow,Uttar Pradesh,5659,"Lalbagh, Lucknow - CPCB",12235522,2026-07-26 09:30:00+00:00,18.3,100.0,OpenAQ verified hourly measurement
LKO,Lucknow,Uttar Pradesh,5659,"Lalbagh, Lucknow - CPCB",12235522,2026-07-26 10:30:00+00:00,11.4,100.0,OpenAQ verified hourly measurement
LKO,Lucknow,Uttar Pradesh,5659,"Lalbagh, Lucknow - CPCB",12235522,2026-07-26 11:30:00+00:00,16.7,75.0,OpenAQ verified hourly measurement
LKO,Lucknow,Uttar Pradesh,5659,"Lalbagh, Lucknow - CPCB",12235522,2026-07-26 12:30:00+00:00,25.6,100.0,OpenAQ verified hourly measurement
LKO,Lucknow,Uttar Pradesh,5659,"Lalbagh, Lucknow - CPCB",12235522,2026-07-26 13:30:00+00:00,31.4,100.0,OpenAQ verified hourly measurement
LKO,Lucknow,Uttar Pradesh,5659,"Lalbagh, Lucknow - CPCB",12235522,2026-07-26 14:30:00+00:00,24.0,100.0,OpenAQ verified hourly measurement
LKO,Lucknow,Uttar Pradesh,5659,"Lalbagh, Lucknow - CPCB",12235522,2026-07-26 15:30:00+00:00,30.4,100.0,OpenAQ verified hourly measurement
LKO,Lucknow,Uttar Pradesh,5659,"Lalbagh, Lucknow - CPCB",12235522,2026-07-26 16:30:00+00:00,32.2,100.0,OpenAQ verified hourly measurement
LKO,Lucknow,Uttar Pradesh,5659,"Lalbagh, Lucknow - CPCB",12235522,2026-07-26 17:30:00+00:00,26.8,75.0,OpenAQ verified hourly measurement
LKO,Lucknow,Uttar Pradesh,5659,"Lalbagh, Lucknow - CPCB",12235522,2026-07-26 18:30:00+00:00,25.7,50.0,OpenAQ verified hourly measurement
LKO,Lucknow,Uttar Pradesh,5659,"Lalbagh, Lucknow - CPCB",12235522,2026-07-26 19:30:00+00:00,26.3,75.0,OpenAQ verified hourly measurement
LKO,Lucknow,Uttar Pradesh,5659,"Lalbagh, Lucknow - CPCB",12235522,2026-07-26 20:30:00+00:00,22.5,100.0,OpenAQ verified hourly measurement
LKO,Lucknow,Uttar Pradesh,5659,"Lalbagh, Lucknow - CPCB",12235522,2026-07-26 21:30:00+00:00,16.8,100.0,OpenAQ verified hourly measurement
LKO,Lucknow,Uttar Pradesh,5659,"Lalbagh, Lucknow - CPCB",12235522,2026-07-26 22:30:00+00:00,29.4,100.0,OpenAQ verified hourly measurement
LKO,Lucknow,Uttar Pradesh,5659,"Lalbagh, Lucknow - CPCB",12235522,2026-07-27 00:30:00+00:00,38.8,25.0,OpenAQ verified hourly measurement
LKO,Lucknow,Uttar Pradesh,5659,"Lalbagh, Lucknow - CPCB",12235522,2026-07-27 01:30:00+00:00,36.4,100.0,OpenAQ verified hourly measurement
LKO,Lucknow,Uttar Pradesh,5659,"Lalbagh, Lucknow - CPCB",12235522,2026-07-27 02:30:00+00:00,42.1,100.0,OpenAQ verified hourly measurement
LKO,Lucknow,Uttar Pradesh,5659,"Lalbagh, Lucknow - CPCB",12235522,2026-07-27 03:30:00+00:00,26.6,75.0,OpenAQ verified hourly measurement
LKO,Lucknow,Uttar Pradesh,5659,"Lalbagh, Lucknow - CPCB",12235522,2026-07-27 04:30:00+00:00,15.7,100.0,OpenAQ verified hourly measurement
LKO,Lucknow,Uttar Pradesh,5659,"Lalbagh, Lucknow - CPCB",12235522,2026-07-27 05:30:00+00:00,10.2,100.0,OpenAQ verified hourly measurement
LKO,Lucknow,Uttar Pradesh,5659,"Lalbagh, Lucknow - CPCB",12235522,2026-07-27 06:30:00+00:00,14.9,100.0,OpenAQ verified hourly measurement
LKO,Lucknow,Uttar Pradesh,5659,"Lalbagh, Lucknow - CPCB",12235522,2026-07-27 07:30:00+00:00,16.5,100.0,OpenAQ verified hourly measurement
LKO,Lucknow,Uttar Pradesh,5659,"Lalbagh, Lucknow - CPCB",12235522,2026-07-27 08:30:00+00:00,29.3,100.0,OpenAQ verified hourly measurement
LKO,Lucknow,Uttar Pradesh,5659,"Lalbagh, Lucknow - CPCB",12235522,2026-07-27 09:30:00+00:00,18.9,100.0,OpenAQ verified hourly measurement
LKO,Lucknow,Uttar Pradesh,5659,"Lalbagh, Lucknow - CPCB",12235522,2026-07-27 10:30:00+00:00,9.63,100.0,OpenAQ verified hourly measurement
LKO,Lucknow,Uttar Pradesh,5659,"Lalbagh, Lucknow - CPCB",12235522,2026-07-27 11:30:00+00:00,25.9,75.0,OpenAQ verified hourly measurement
LKO,Lucknow,Uttar Pradesh,5659,"Lalbagh, Lucknow - CPCB",12235522,2026-07-27 12:30:00+00:00,32.6,75.0,OpenAQ verified hourly measurement
LKO,Lucknow,Uttar Pradesh,5659,"Lalbagh, Lucknow - CPCB",12235522,2026-07-27 13:30:00+00:00,24.3,100.0,OpenAQ verified hourly measurement
LKO,Lucknow,Uttar Pradesh,5659,"Lalbagh, Lucknow - CPCB",12235522,2026-07-27 14:30:00+00:00,28.3,100.0,OpenAQ verified hourly measurement
LKO,Lucknow,Uttar Pradesh,5659,"Lalbagh, Lucknow - CPCB",12235522,2026-07-27 15:30:00+00:00,31.5,100.0,OpenAQ verified hourly measurement
LKO,Lucknow,Uttar Pradesh,5659,"Lalbagh, Lucknow - CPCB",12235522,2026-07-27 16:30:00+00:00,18.2,100.0,OpenAQ verified hourly measurement
LKO,Lucknow,Uttar Pradesh,5659,"Lalbagh, Lucknow - CPCB",12235522,2026-07-27 17:30:00+00:00,27.0,50.0,OpenAQ verified hourly measurement
LKO,Lucknow,Uttar Pradesh,5659,"Lalbagh, Lucknow - CPCB",12235522,2026-07-27 18:30:00+00:00,27.1,50.0,OpenAQ verified hourly measurement
LKO,Lucknow,Uttar Pradesh,5659,"Lalbagh, Lucknow - CPCB",12235522,2026-07-27 19:30:00+00:00,20.1,75.0,OpenAQ verified hourly measurement
LKO,Lucknow,Uttar Pradesh,5659,"Lalbagh, Lucknow - CPCB",12235522,2026-07-27 20:30:00+00:00,23.3,100.0,OpenAQ verified hourly measurement
LKO,Lucknow,Uttar Pradesh,5659,"Lalbagh, Lucknow - CPCB",12235522,2026-07-27 21:30:00+00:00,29.1,100.0,OpenAQ verified hourly measurement
LKO,Lucknow,Uttar Pradesh,5659,"Lalbagh, Lucknow - CPCB",12235522,2026-07-27 22:30:00+00:00,18.4,100.0,OpenAQ verified hourly measurement
LKO,Lucknow,Uttar Pradesh,5659,"Lalbagh, Lucknow - CPCB",12235522,2026-07-27 23:30:00+00:00,17.3,100.0,OpenAQ verified hourly measurement
LKO,Lucknow,Uttar Pradesh,5659,"Lalbagh, Lucknow - CPCB",12235522,2026-07-28 00:30:00+00:00,11.8,100.0,OpenAQ verified hourly measurement
LKO,Lucknow,Uttar Pradesh,5659,"Lalbagh, Lucknow - CPCB",12235522,2026-07-28 01:30:00+00:00,23.6,100.0,OpenAQ verified hourly measurement
LKO,Lucknow,Uttar Pradesh,5659,"Lalbagh, Lucknow - CPCB",12235522,2026-07-28 02:30:00+00:00,25.6,100.0,OpenAQ verified hourly measurement
LKO,Lucknow,Uttar Pradesh,5659,"Lalbagh, Lucknow - CPCB",12235522,2026-07-28 03:30:00+00:00,23.9,75.0,OpenAQ verified hourly measurement
LKO,Lucknow,Uttar Pradesh,5659,"Lalbagh, Lucknow - CPCB",12235522,2026-07-28 04:30:00+00:00,20.0,100.0,OpenAQ verified hourly measurement
LKO,Lucknow,Uttar Pradesh,5659,"Lalbagh, Lucknow - CPCB",12235522,2026-07-28 05:30:00+00:00,10.4,100.0,OpenAQ verified hourly measurement
LKO,Lucknow,Uttar Pradesh,5659,"Lalbagh, Lucknow - CPCB",12235522,2026-07-28 06:30:00+00:00,8.58,100.0,OpenAQ verified hourly measurement
LKO,Lucknow,Uttar Pradesh,5659,"Lalbagh, Lucknow - CPCB",12235522,2026-07-28 07:30:00+00:00,33.9,100.0,OpenAQ verified hourly measurement
LKO,Lucknow,Uttar Pradesh,5659,"Lalbagh, Lucknow - CPCB",12235522,2026-07-28 08:30:00+00:00,27.2,100.0,OpenAQ verified hourly measurement
LKO,Lucknow,Uttar Pradesh,5659,"Lalbagh, Lucknow - CPCB",12235522,2026-07-28 09:30:00+00:00,20.2,100.0,OpenAQ verified hourly measurement
LKO,Lucknow,Uttar Pradesh,5659,"Lalbagh, Lucknow - CPCB",12235522,2026-07-28 10:30:00+00:00,12.8,100.0,OpenAQ verified hourly measurement
LKO,Lucknow,Uttar Pradesh,5659,"Lalbagh, Lucknow - CPCB",12235522,2026-07-28 11:30:00+00:00,9.27,75.0,OpenAQ verified hourly measurement
LKO,Lucknow,Uttar Pradesh,5659,"Lalbagh, Lucknow - CPCB",12235522,2026-07-28 12:30:00+00:00,36.1,100.0,OpenAQ verified hourly measurement
LKO,Lucknow,Uttar Pradesh,5659,"Lalbagh, Lucknow - CPCB",12235522,2026-07-28 13:30:00+00:00,38.3,100.0,OpenAQ verified hourly measurement
LKO,Lucknow,Uttar Pradesh,5659,"Lalbagh, Lucknow - CPCB",12235522,2026-07-28 14:30:00+00:00,29.2,100.0,OpenAQ verified hourly measurement
LKO,Lucknow,Uttar Pradesh,5659,"Lalbagh, Lucknow - CPCB",12235522,2026-07-28 15:30:00+00:00,41.4,100.0,OpenAQ verified hourly measurement
LKO,Lucknow,Uttar Pradesh,5659,"Lalbagh, Lucknow - CPCB",12235522,2026-07-28 17:30:00+00:00,41.4,25.0,OpenAQ verified hourly measurement
LKO,Lucknow,Uttar Pradesh,5659,"Lalbagh, Lucknow - CPCB",12235522,2026-07-28 18:30:00+00:00,33.9,50.0,OpenAQ verified hourly measurement
LKO,Lucknow,Uttar Pradesh,5659,"Lalbagh, Lucknow - CPCB",12235522,2026-07-28 21:30:00+00:00,41.9,75.0,OpenAQ verified hourly measurement
LKO,Lucknow,Uttar Pradesh,5659,"Lalbagh, Lucknow - CPCB",12235522,2026-07-28 23:30:00+00:00,26.7,50.0,OpenAQ verified hourly measurement
LKO,Lucknow,Uttar Pradesh,5659,"Lalbagh, Lucknow - CPCB",12235522,2026-07-29 01:30:00+00:00,31.0,75.0,OpenAQ verified hourly measurement
LKO,Lucknow,Uttar Pradesh,5659,"Lalbagh, Lucknow - CPCB",12235522,2026-07-29 02:30:00+00:00,33.7,100.0,OpenAQ verified hourly measurement
LKO,Lucknow,Uttar Pradesh,5659,"Lalbagh, Lucknow - CPCB",12235522,2026-07-29 03:30:00+00:00,26.6,100.0,OpenAQ verified hourly measurement
LKO,Lucknow,Uttar Pradesh,5659,"Lalbagh, Lucknow - CPCB",12235522,2026-07-29 04:30:00+00:00,36.9,25.0,OpenAQ verified hourly measurement
LKO,Lucknow,Uttar Pradesh,5659,"Lalbagh, Lucknow - CPCB",12235522,2026-07-29 05:30:00+00:00,22.2,100.0,OpenAQ verified hourly measurement
LKO,Lucknow,Uttar Pradesh,5659,"Lalbagh, Lucknow - CPCB",12235522,2026-07-29 06:30:00+00:00,20.2,100.0,OpenAQ verified hourly measurement
LKO,Lucknow,Uttar Pradesh,5659,"Lalbagh, Lucknow - CPCB",12235522,2026-07-29 07:30:00+00:00,19.5,100.0,OpenAQ verified hourly measurement
LKO,Lucknow,Uttar Pradesh,5659,"Lalbagh, Lucknow - CPCB",12235522,2026-07-29 08:30:00+00:00,21.0,100.0,OpenAQ verified hourly measurement
LKO,Lucknow,Uttar Pradesh,5659,"Lalbagh, Lucknow - CPCB",12235522,2026-07-29 09:30:00+00:00,20.8,100.0,OpenAQ verified hourly measurement
LKO,Lucknow,Uttar Pradesh,5659,"Lalbagh, Lucknow - CPCB",12235522,2026-07-29 10:30:00+00:00,25.3,100.0,OpenAQ verified hourly measurement
LKO,Lucknow,Uttar Pradesh,5659,"Lalbagh, Lucknow - CPCB",12235522,2026-07-29 11:30:00+00:00,23.7,75.0,OpenAQ verified hourly measurement
LKO,Lucknow,Uttar Pradesh,5659,"Lalbagh, Lucknow - CPCB",12235522,2026-07-29 12:30:00+00:00,31.9,100.0,OpenAQ verified hourly measurement
LKO,Lucknow,Uttar Pradesh,5659,"Lalbagh, Lucknow - CPCB",12235522,2026-07-29 13:30:00+00:00,22.0,100.0,OpenAQ verified hourly measurement
LKO,Lucknow,Uttar Pradesh,5659,"Lalbagh, Lucknow - CPCB",12235522,2026-07-29 14:30:00+00:00,12.8,100.0,OpenAQ verified hourly measurement
LKO,Lucknow,Uttar Pradesh,5659,"Lalbagh, Lucknow - CPCB",12235522,2026-07-29 15:30:00+00:00,9.55,100.0,OpenAQ verified hourly measurement
LKO,Lucknow,Uttar Pradesh,5659,"Lalbagh, Lucknow - CPCB",12235522,2026-07-29 16:30:00+00:00,29.4,100.0,OpenAQ verified hourly measurement
LKO,Lucknow,Uttar Pradesh,5659,"Lalbagh, Lucknow - CPCB",12235522,2026-07-29 17:30:00+00:00,42.3,75.0,OpenAQ verified hourly measurement
LKO,Lucknow,Uttar Pradesh,5659,"Lalbagh, Lucknow - CPCB",12235522,2026-07-29 18:30:00+00:00,42.2,50.0,OpenAQ verified hourly measurement
LKO,Lucknow,Uttar Pradesh,5659,"Lalbagh, Lucknow - CPCB",12235522,2026-07-29 19:30:00+00:00,30.8,100.0,OpenAQ verified hourly measurement
LKO,Lucknow,Uttar Pradesh,5659,"Lalbagh, Lucknow - CPCB",12235522,2026-07-29 20:30:00+00:00,35.2,100.0,OpenAQ verified hourly measurement
LKO,Lucknow,Uttar Pradesh,5659,"Lalbagh, Lucknow - CPCB",12235522,2026-07-29 21:30:00+00:00,31.5,100.0,OpenAQ verified hourly measurement
LKO,Lucknow,Uttar Pradesh,5659,"Lalbagh, Lucknow - CPCB",12235522,2026-07-29 22:30:00+00:00,28.7,100.0,OpenAQ verified hourly measurement
LKO,Lucknow,Uttar Pradesh,5659,"Lalbagh, Lucknow - CPCB",12235522,2026-07-29 23:30:00+00:00,25.9,25.0,OpenAQ verified hourly measurement
LKO,Lucknow,Uttar Pradesh,5659,"Lalbagh, Lucknow - CPCB",12235522,2026-07-30 01:30:00+00:00,40.9,50.0,OpenAQ verified hourly measurement
LKO,Lucknow,Uttar Pradesh,5659,"Lalbagh, Lucknow - CPCB",12235522,2026-07-30 02:30:00+00:00,49.7,75.0,OpenAQ verified hourly measurement
LKO,Lucknow,Uttar Pradesh,5659,"Lalbagh, Lucknow - CPCB",12235522,2026-07-30 03:30:00+00:00,45.3,100.0,OpenAQ verified hourly measurement
LKO,Lucknow,Uttar Pradesh,5659,"Lalbagh, Lucknow - CPCB",12235522,2026-07-30 04:30:00+00:00,33.3,50.0,OpenAQ verified hourly measurement
LKO,Lucknow,Uttar Pradesh,5659,"Lalbagh, Lucknow - CPCB",12235522,2026-07-30 05:30:00+00:00,19.0,100.0,OpenAQ verified hourly measurement
LKO,Lucknow,Uttar Pradesh,5659,"Lalbagh, Lucknow - CPCB",12235522,2026-07-30 06:30:00+00:00,25.8,100.0,OpenAQ verified hourly measurement
LKO,Lucknow,Uttar Pradesh,5659,"Lalbagh, Lucknow - CPCB",12235522,2026-07-30 07:30:00+00:00,15.3,75.0,OpenAQ verified hourly measurement
LKO,Lucknow,Uttar Pradesh,5659,"Lalbagh, Lucknow - CPCB",12235522,2026-07-30 08:30:00+00:00,20.8,100.0,OpenAQ verified hourly measurement
LKO,Lucknow,Uttar Pradesh,5659,"Lalbagh, Lucknow - CPCB",12235522,2026-07-30 09:30:00+00:00,42.3,50.0,OpenAQ verified hourly measurement
LKO,Lucknow,Uttar Pradesh,5659,"Lalbagh, Lucknow - CPCB",12235522,2026-07-30 14:30:00+00:00,48.1,100.0,OpenAQ verified hourly measurement
LKO,Lucknow,Uttar Pradesh,5659,"Lalbagh, Lucknow - CPCB",12235522,2026-07-30 15:30:00+00:00,35.7,75.0,OpenAQ verified hourly measurement
LKO,Lucknow,Uttar Pradesh,5659,"Lalbagh, Lucknow - CPCB",12235522,2026-07-30 16:30:00+00:00,18.3,100.0,OpenAQ verified hourly measurement
LKO,Lucknow,Uttar Pradesh,5659,"Lalbagh, Lucknow - CPCB",12235522,2026-07-30 17:30:00+00:00,9.2,75.0,OpenAQ verified hourly measurement
LKO,Lucknow,Uttar Pradesh,5659,"Lalbagh, Lucknow - CPCB",12235522,2026-07-30 18:30:00+00:00,9.2,50.0,OpenAQ verified hourly measurement
LKO,Lucknow,Uttar Pradesh,5659,"Lalbagh, Lucknow - CPCB",12235522,2026-07-30 19:30:00+00:00,23.7,25.0,OpenAQ verified hourly measurement
LKO,Lucknow,Uttar Pradesh,5659,"Lalbagh, Lucknow - CPCB",12235522,2026-07-30 22:30:00+00:00,24.5,75.0,OpenAQ verified hourly measurement
LKO,Lucknow,Uttar Pradesh,5659,"Lalbagh, Lucknow - CPCB",12235522,2026-07-30 23:30:00+00:00,21.1,100.0,OpenAQ verified hourly measurement
LKO,Lucknow,Uttar Pradesh,5659,"Lalbagh, Lucknow - CPCB",12235522,2026-07-31 00:30:00+00:00,17.8,100.0,OpenAQ verified hourly measurement
LKO,Lucknow,Uttar Pradesh,5659,"Lalbagh, Lucknow - CPCB",12235522,2026-07-31 01:30:00+00:00,21.5,100.0,OpenAQ verified hourly measurement
LKO,Lucknow,Uttar Pradesh,5659,"Lalbagh, Lucknow - CPCB",12235522,2026-07-31 03:30:00+00:00,40.0,50.0,OpenAQ verified hourly measurement
LKO,Lucknow,Uttar Pradesh,5659,"Lalbagh, Lucknow - CPCB",12235522,2026-07-31 04:30:00+00:00,34.5,100.0,OpenAQ verified hourly measurement
LKO,Lucknow,Uttar Pradesh,5659,"Lalbagh, Lucknow - CPCB",12235522,2026-07-31 05:30:00+00:00,27.2,50.0,OpenAQ verified hourly measurement
LKO,Lucknow,Uttar Pradesh,5659,"Lalbagh, Lucknow - CPCB",12235522,2026-07-31 06:30:00+00:00,22.7,100.0,OpenAQ verified hourly measurement
LKO,Lucknow,Uttar Pradesh,5659,"Lalbagh, Lucknow - CPCB",12235522,2026-07-31 07:30:00+00:00,27.5,100.0,OpenAQ verified hourly measurement
LKO,Lucknow,Uttar Pradesh,5659,"Lalbagh, Lucknow - CPCB",12235522,2026-07-31 08:30:00+00:00,23.9,100.0,OpenAQ verified hourly measurement
LKO,Lucknow,Uttar Pradesh,5659,"Lalbagh, Lucknow - CPCB",12235522,2026-07-31 09:30:00+00:00,24.3,75.0,OpenAQ verified hourly measurement
LKO,Lucknow,Uttar Pradesh,5659,"Lalbagh, Lucknow - CPCB",12235522,2026-07-31 10:30:00+00:00,35.2,100.0,OpenAQ verified hourly measurement
LKO,Lucknow,Uttar Pradesh,5659,"Lalbagh, Lucknow - CPCB",12235522,2026-07-31 11:30:00+00:00,25.7,100.0,OpenAQ verified hourly measurement
LKO,Lucknow,Uttar Pradesh,5659,"Lalbagh, Lucknow - CPCB",12235522,2026-07-31 12:30:00+00:00,31.9,100.0,OpenAQ verified hourly measurement
LKO,Lucknow,Uttar Pradesh,5659,"Lalbagh, Lucknow - CPCB",12235522,2026-07-31 13:30:00+00:00,41.2,100.0,OpenAQ verified hourly measurement
LKO,Lucknow,Uttar Pradesh,5659,"Lalbagh, Lucknow - CPCB",12235522,2026-07-31 14:30:00+00:00,47.2,100.0,OpenAQ verified hourly measurement
LKO,Lucknow,Uttar Pradesh,5659,"Lalbagh, Lucknow - CPCB",12235522,2026-07-31 15:30:00+00:00,30.8,100.0,OpenAQ verified hourly measurement
LKO,Lucknow,Uttar Pradesh,5659,"Lalbagh, Lucknow - CPCB",12235522,2026-07-31 16:30:00+00:00,23.0,100.0,OpenAQ verified hourly measurement
LKO,Lucknow,Uttar Pradesh,5659,"Lalbagh, Lucknow - CPCB",12235522,2026-07-31 17:30:00+00:00,32.2,50.0,OpenAQ verified hourly measurement
LKO,Lucknow,Uttar Pradesh,5659,"Lalbagh, Lucknow - CPCB",12235522,2026-07-31 18:30:00+00:00,41.7,50.0,OpenAQ verified hourly measurement
LKO,Lucknow,Uttar Pradesh,5659,"Lalbagh, Lucknow - CPCB",12235522,2026-07-31 19:30:00+00:00,22.7,100.0,OpenAQ verified hourly measurement
LKO,Lucknow,Uttar Pradesh,5659,"Lalbagh, Lucknow - CPCB",12235522,2026-07-31 20:30:00+00:00,26.5,100.0,OpenAQ verified hourly measurement
LKO,Lucknow,Uttar Pradesh,5659,"Lalbagh, Lucknow - CPCB",12235522,2026-07-31 21:30:00+00:00,27.9,100.0,OpenAQ verified hourly measurement
LKO,Lucknow,Uttar Pradesh,5659,"Lalbagh, Lucknow - CPCB",12235522,2026-07-31 22:30:00+00:00,35.6,100.0,OpenAQ verified hourly measurement
LKO,Lucknow,Uttar Pradesh,5659,"Lalbagh, Lucknow - CPCB",12235522,2026-07-31 23:30:00+00:00,23.7,100.0,OpenAQ verified hourly measurement
LKO,Lucknow,Uttar Pradesh,5659,"Lalbagh, Lucknow - CPCB",12235522,2026-08-01 00:30:00+00:00,30.9,100.0,OpenAQ verified hourly measurement
LKO,Lucknow,Uttar Pradesh,5659,"Lalbagh, Lucknow - CPCB",12235522,2026-08-01 01:30:00+00:00,17.5,75.0,OpenAQ verified hourly measurement
LKO,Lucknow,Uttar Pradesh,5659,"Lalbagh, Lucknow - CPCB",12235522,2026-08-01 02:30:00+00:00,35.1,100.0,OpenAQ verified hourly measurement
LKO,Lucknow,Uttar Pradesh,5659,"Lalbagh, Lucknow - CPCB",12235522,2026-08-01 03:30:00+00:00,43.2,100.0,OpenAQ verified hourly measurement
LKO,Lucknow,Uttar Pradesh,5659,"Lalbagh, Lucknow - CPCB",12235522,2026-08-01 04:30:00+00:00,39.9,100.0,OpenAQ verified hourly measurement
LKO,Lucknow,Uttar Pradesh,5659,"Lalbagh, Lucknow - CPCB",12235522,2026-08-01 05:30:00+00:00,48.8,50.0,OpenAQ verified hourly measurement
LKO,Lucknow,Uttar Pradesh,5659,"Lalbagh, Lucknow - CPCB",12235522,2026-08-01 06:30:00+00:00,31.4,100.0,OpenAQ verified hourly measurement
LKO,Lucknow,Uttar Pradesh,5659,"Lalbagh, Lucknow - CPCB",12235522,2026-08-01 07:30:00+00:00,19.6,100.0,OpenAQ verified hourly measurement
LKO,Lucknow,Uttar Pradesh,5659,"Lalbagh, Lucknow - CPCB",12235522,2026-08-01 08:30:00+00:00,30.3,100.0,OpenAQ verified hourly measurement
LKO,Lucknow,Uttar Pradesh,5659,"Lalbagh, Lucknow - CPCB",12235522,2026-08-01 09:30:00+00:00,19.0,100.0,OpenAQ verified hourly measurement
LKO,Lucknow,Uttar Pradesh,5659,"Lalbagh, Lucknow - CPCB",12235522,2026-08-01 10:30:00+00:00,9.65,100.0,OpenAQ verified hourly measurement
LKO,Lucknow,Uttar Pradesh,5659,"Lalbagh, Lucknow - CPCB",12235522,2026-08-01 11:30:00+00:00,28.9,75.0,OpenAQ verified hourly measurement
LKO,Lucknow,Uttar Pradesh,5659,"Lalbagh, Lucknow - CPCB",12235522,2026-08-01 12:30:00+00:00,22.5,100.0,OpenAQ verified hourly measurement
LKO,Lucknow,Uttar Pradesh,5659,"Lalbagh, Lucknow - CPCB",12235522,2026-08-01 13:30:00+00:00,24.9,100.0,OpenAQ verified hourly measurement
LKO,Lucknow,Uttar Pradesh,5659,"Lalbagh, Lucknow - CPCB",12235522,2026-08-01 14:30:00+00:00,14.5,100.0,OpenAQ verified hourly measurement
LKO,Lucknow,Uttar Pradesh,5659,"Lalbagh, Lucknow - CPCB",12235522,2026-08-01 15:30:00+00:00,30.1,75.0,OpenAQ verified hourly measurement
LKO,Lucknow,Uttar Pradesh,5659,"Lalbagh, Lucknow - CPCB",12235522,2026-08-01 16:30:00+00:00,26.2,100.0,OpenAQ verified hourly measurement
LKO,Lucknow,Uttar Pradesh,5659,"Lalbagh, Lucknow - CPCB",12235522,2026-08-01 17:30:00+00:00,29.9,75.0,OpenAQ verified hourly measurement
LKO,Lucknow,Uttar Pradesh,5659,"Lalbagh, Lucknow - CPCB",12235522,2026-08-01 18:30:00+00:00,39.5,50.0,OpenAQ verified hourly measurement
LKO,Lucknow,Uttar Pradesh,5659,"Lalbagh, Lucknow - CPCB",12235522,2026-08-01 19:30:00+00:00,22.1,100.0,OpenAQ verified hourly measurement
LKO,Lucknow,Uttar Pradesh,5659,"Lalbagh, Lucknow - CPCB",12235522,2026-08-01 20:30:00+00:00,38.3,100.0,OpenAQ verified hourly measurement
LKO,Lucknow,Uttar Pradesh,5659,"Lalbagh, Lucknow - CPCB",12235522,2026-08-01 21:30:00+00:00,41.5,100.0,OpenAQ verified hourly measurement
LKO,Lucknow,Uttar Pradesh,5659,"Lalbagh, Lucknow - CPCB",12235522,2026-08-01 22:30:00+00:00,24.2,100.0,OpenAQ verified hourly measurement
LKO,Lucknow,Uttar Pradesh,5659,"Lalbagh, Lucknow - CPCB",12235522,2026-08-01 23:30:00+00:00,28.7,100.0,OpenAQ verified hourly measurement
LKO,Lucknow,Uttar Pradesh,5659,"Lalbagh, Lucknow - CPCB",12235522,2026-08-02 00:30:00+00:00,30.9,100.0,OpenAQ verified hourly measurement
LKO,Lucknow,Uttar Pradesh,5659,"Lalbagh, Lucknow - CPCB",12235522,2026-08-02 01:30:00+00:00,36.1,75.0,OpenAQ verified hourly measurement
LKO,Lucknow,Uttar Pradesh,5659,"Lalbagh, Lucknow - CPCB",12235522,2026-08-02 02:30:00+00:00,42.0,100.0,OpenAQ verified hourly measurement
LKO,Lucknow,Uttar Pradesh,5659,"Lalbagh, Lucknow - CPCB",12235522,2026-08-02 03:30:00+00:00,30.1,100.0,OpenAQ verified hourly measurement
LKO,Lucknow,Uttar Pradesh,5659,"Lalbagh, Lucknow - CPCB",12235522,2026-08-02 04:30:00+00:00,21.3,100.0,OpenAQ verified hourly measurement
LKO,Lucknow,Uttar Pradesh,5659,"Lalbagh, Lucknow - CPCB",12235522,2026-08-02 05:30:00+00:00,16.1,100.0,OpenAQ verified hourly measurement
LKO,Lucknow,Uttar Pradesh,5659,"Lalbagh, Lucknow - CPCB",12235522,2026-08-02 06:30:00+00:00,25.2,100.0,OpenAQ verified hourly measurement
LKO,Lucknow,Uttar Pradesh,5659,"Lalbagh, Lucknow - CPCB",12235522,2026-08-02 07:30:00+00:00,26.8,100.0,OpenAQ verified hourly measurement
LKO,Lucknow,Uttar Pradesh,5659,"Lalbagh, Lucknow - CPCB",12235522,2026-08-02 08:30:00+00:00,24.0,100.0,OpenAQ verified hourly measurement
LKO,Lucknow,Uttar Pradesh,5659,"Lalbagh, Lucknow - CPCB",12235522,2026-08-02 09:30:00+00:00,15.1,75.0,OpenAQ verified hourly measurement
LKO,Lucknow,Uttar Pradesh,5659,"Lalbagh, Lucknow - CPCB",12235522,2026-08-02 10:30:00+00:00,12.1,75.0,OpenAQ verified hourly measurement
LKO,Lucknow,Uttar Pradesh,5659,"Lalbagh, Lucknow - CPCB",12235522,2026-08-02 11:30:00+00:00,48.7,75.0,OpenAQ verified hourly measurement
LKO,Lucknow,Uttar Pradesh,5659,"Lalbagh, Lucknow - CPCB",12235522,2026-08-02 12:30:00+00:00,24.8,50.0,OpenAQ verified hourly measurement
LKO,Lucknow,Uttar Pradesh,5659,"Lalbagh, Lucknow - CPCB",12235522,2026-08-02 13:30:00+00:00,15.7,100.0,OpenAQ verified hourly measurement
LKO,Lucknow,Uttar Pradesh,5659,"Lalbagh, Lucknow - CPCB",12235522,2026-08-02 14:30:00+00:00,37.7,100.0,OpenAQ verified hourly measurement
LKO,Lucknow,Uttar Pradesh,5659,"Lalbagh, Lucknow - CPCB",12235522,2026-08-02 15:30:00+00:00,44.9,100.0,OpenAQ verified hourly measurement
LKO,Lucknow,Uttar Pradesh,5659,"Lalbagh, Lucknow - CPCB",12235522,2026-08-02 17:30:00+00:00,41.2,50.0,OpenAQ verified hourly measurement
LKO,Lucknow,Uttar Pradesh,5659,"Lalbagh, Lucknow - CPCB",12235522,2026-08-02 19:30:00+00:00,41.0,100.0,OpenAQ verified hourly measurement
LKO,Lucknow,Uttar Pradesh,5659,"Lalbagh, Lucknow - CPCB",12235522,2026-08-03 04:30:00+00:00,61.0,25.0,OpenAQ verified hourly measurement
LKO,Lucknow,Uttar Pradesh,5659,"Lalbagh, Lucknow - CPCB",12235522,2026-08-03 05:30:00+00:00,63.2,75.0,OpenAQ verified hourly measurement
LKO,Lucknow,Uttar Pradesh,5659,"Lalbagh, Lucknow - CPCB",12235522,2026-08-03 06:30:00+00:00,41.4,75.0,OpenAQ verified hourly measurement
LKO,Lucknow,Uttar Pradesh,5659,"Lalbagh, Lucknow - CPCB",12235522,2026-08-03 07:30:00+00:00,43.7,100.0,OpenAQ verified hourly measurement
LKO,Lucknow,Uttar Pradesh,5659,"Lalbagh, Lucknow - CPCB",12235522,2026-08-03 08:30:00+00:00,31.1,100.0,OpenAQ verified hourly measurement
LKO,Lucknow,Uttar Pradesh,5659,"Lalbagh, Lucknow - CPCB",12235522,2026-08-03 09:30:00+00:00,47.4,100.0,OpenAQ verified hourly measurement
LKO,Lucknow,Uttar Pradesh,5659,"Lalbagh, Lucknow - CPCB",12235522,2026-08-03 10:30:00+00:00,28.2,100.0,OpenAQ verified hourly measurement
LKO,Lucknow,Uttar Pradesh,5659,"Lalbagh, Lucknow - CPCB",12235522,2026-08-03 11:30:00+00:00,14.7,100.0,OpenAQ verified hourly measurement
LKO,Lucknow,Uttar Pradesh,5659,"Lalbagh, Lucknow - CPCB",12235522,2026-08-03 12:30:00+00:00,35.8,100.0,OpenAQ verified hourly measurement
LKO,Lucknow,Uttar Pradesh,5659,"Lalbagh, Lucknow - CPCB",12235522,2026-08-03 13:30:00+00:00,21.8,100.0,OpenAQ verified hourly measurement
LKO,Lucknow,Uttar Pradesh,5659,"Lalbagh, Lucknow - CPCB",12235522,2026-08-03 14:30:00+00:00,44.8,100.0,OpenAQ verified hourly measurement
LKO,Lucknow,Uttar Pradesh,5659,"Lalbagh, Lucknow - CPCB",12235522,2026-08-03 15:30:00+00:00,26.3,100.0,OpenAQ verified hourly measurement
LKO,Lucknow,Uttar Pradesh,5659,"Lalbagh, Lucknow - CPCB",12235522,2026-08-03 16:30:00+00:00,16.1,100.0,OpenAQ verified hourly measurement
LKO,Lucknow,Uttar Pradesh,5659,"Lalbagh, Lucknow - CPCB",12235522,2026-08-03 17:30:00+00:00,41.7,50.0,OpenAQ verified hourly measurement
LKO,Lucknow,Uttar Pradesh,5659,"Lalbagh, Lucknow - CPCB",12235522,2026-08-04 00:30:00+00:00,22.1,75.0,OpenAQ verified hourly measurement
LKO,Lucknow,Uttar Pradesh,5659,"Lalbagh, Lucknow - CPCB",12235522,2026-08-04 05:30:00+00:00,17.8,50.0,OpenAQ verified hourly measurement
LKO,Lucknow,Uttar Pradesh,5659,"Lalbagh, Lucknow - CPCB",12235522,2026-08-04 06:30:00+00:00,16.8,50.0,OpenAQ verified hourly measurement
LKO,Lucknow,Uttar Pradesh,5659,"Lalbagh, Lucknow - CPCB",12235522,2026-08-04 09:30:00+00:00,16.9,50.0,OpenAQ verified hourly measurement
LKO,Lucknow,Uttar Pradesh,5659,"Lalbagh, Lucknow - CPCB",12235522,2026-08-04 10:30:00+00:00,12.2,100.0,OpenAQ verified hourly measurement
LKO,Lucknow,Uttar Pradesh,5659,"Lalbagh, Lucknow - CPCB",12235522,2026-08-04 11:30:00+00:00,10.4,25.0,OpenAQ verified hourly measurement
LKO,Lucknow,Uttar Pradesh,5659,"Lalbagh, Lucknow - CPCB",12235522,2026-08-04 12:30:00+00:00,22.0,75.0,OpenAQ verified hourly measurement
LKO,Lucknow,Uttar Pradesh,5659,"Lalbagh, Lucknow - CPCB",12235522,2026-08-04 13:30:00+00:00,25.2,50.0,OpenAQ verified hourly measurement
LKO,Lucknow,Uttar Pradesh,5659,"Lalbagh, Lucknow - CPCB",12235522,2026-08-04 14:30:00+00:00,26.2,100.0,OpenAQ verified hourly measurement
LKO,Lucknow,Uttar Pradesh,5659,"Lalbagh, Lucknow - CPCB",12235522,2026-08-04 15:30:00+00:00,22.0,100.0,OpenAQ verified hourly measurement
LKO,Lucknow,Uttar Pradesh,5659,"Lalbagh, Lucknow - CPCB",12235522,2026-08-04 16:30:00+00:00,14.5,100.0,OpenAQ verified hourly measurement
LKO,Lucknow,Uttar Pradesh,5659,"Lalbagh, Lucknow - CPCB",12235522,2026-08-04 17:30:00+00:00,25.0,75.0,OpenAQ verified hourly measurement
LKO,Lucknow,Uttar Pradesh,5659,"Lalbagh, Lucknow - CPCB",12235522,2026-08-04 18:30:00+00:00,27.0,50.0,OpenAQ verified hourly measurement
LKO,Lucknow,Uttar Pradesh,5659,"Lalbagh, Lucknow - CPCB",12235522,2026-08-04 19:30:00+00:00,32.2,100.0,OpenAQ verified hourly measurement
LKO,Lucknow,Uttar Pradesh,5659,"Lalbagh, Lucknow - CPCB",12235522,2026-08-04 20:30:00+00:00,33.2,100.0,OpenAQ verified hourly measurement
LKO,Lucknow,Uttar Pradesh,5659,"Lalbagh, Lucknow - CPCB",12235522,2026-08-04 21:30:00+00:00,37.5,25.0,OpenAQ verified hourly measurement
LKO,Lucknow,Uttar Pradesh,5659,"Lalbagh, Lucknow - CPCB",12235522,2026-08-04 22:30:00+00:00,37.9,25.0,OpenAQ verified hourly measurement
LKO,Lucknow,Uttar Pradesh,5659,"Lalbagh, Lucknow - CPCB",12235522,2026-08-04 23:30:00+00:00,22.7,100.0,OpenAQ verified hourly measurement
LKO,Lucknow,Uttar Pradesh,5659,"Lalbagh, Lucknow - CPCB",12235522,2026-08-05 00:30:00+00:00,23.2,100.0,OpenAQ verified hourly measurement
LKO,Lucknow,Uttar Pradesh,5659,"Lalbagh, Lucknow - CPCB",12235522,2026-08-05 01:30:00+00:00,16.9,100.0,OpenAQ verified hourly measurement
LKO,Lucknow,Uttar Pradesh,5659,"Lalbagh, Lucknow - CPCB",12235522,2026-08-05 02:30:00+00:00,15.6,100.0,OpenAQ verified hourly measurement
LKO,Lucknow,Uttar Pradesh,5659,"Lalbagh, Lucknow - CPCB",12235522,2026-08-05 03:30:00+00:00,17.9,100.0,OpenAQ verified hourly measurement
LKO,Lucknow,Uttar Pradesh,5659,"Lalbagh, Lucknow - CPCB",12235522,2026-08-05 04:30:00+00:00,28.7,100.0,OpenAQ verified hourly measurement
LKO,Lucknow,Uttar Pradesh,5659,"Lalbagh, Lucknow - CPCB",12235522,2026-08-05 05:30:00+00:00,21.3,75.0,OpenAQ verified hourly measurement
LKO,Lucknow,Uttar Pradesh,5659,"Lalbagh, Lucknow - CPCB",12235522,2026-08-05 06:30:00+00:00,29.5,100.0,OpenAQ verified hourly measurement
LKO,Lucknow,Uttar Pradesh,5659,"Lalbagh, Lucknow - CPCB",12235522,2026-08-05 07:30:00+00:00,18.7,75.0,OpenAQ verified hourly measurement
LKO,Lucknow,Uttar Pradesh,5659,"Lalbagh, Lucknow - CPCB",12235522,2026-08-05 08:30:00+00:00,20.4,100.0,OpenAQ verified hourly measurement
LKO,Lucknow,Uttar Pradesh,5659,"Lalbagh, Lucknow - CPCB",12235522,2026-08-05 09:30:00+00:00,19.7,75.0,OpenAQ verified hourly measurement
LKO,Lucknow,Uttar Pradesh,5659,"Lalbagh, Lucknow - CPCB",12235522,2026-08-05 10:30:00+00:00,27.8,100.0,OpenAQ verified hourly measurement
LKO,Lucknow,Uttar Pradesh,5659,"Lalbagh, Lucknow - CPCB",12235522,2026-08-05 11:30:00+00:00,26.1,75.0,OpenAQ verified hourly measurement
LKO,Lucknow,Uttar Pradesh,5659,"Lalbagh, Lucknow - CPCB",12235522,2026-08-05 12:30:00+00:00,30.2,100.0,OpenAQ verified hourly measurement
LKO,Lucknow,Uttar Pradesh,5659,"Lalbagh, Lucknow - CPCB",12235522,2026-08-05 15:30:00+00:00,22.8,50.0,OpenAQ verified hourly measurement
LKO,Lucknow,Uttar Pradesh,5659,"Lalbagh, Lucknow - CPCB",12235522,2026-08-05 16:30:00+00:00,19.3,100.0,OpenAQ verified hourly measurement
LKO,Lucknow,Uttar Pradesh,5659,"Lalbagh, Lucknow - CPCB",12235522,2026-08-05 17:30:00+00:00,24.3,25.0,OpenAQ verified hourly measurement
LKO,Lucknow,Uttar Pradesh,5659,"Lalbagh, Lucknow - CPCB",12235522,2026-08-05 18:30:00+00:00,17.5,50.0,OpenAQ verified hourly measurement
LKO,Lucknow,Uttar Pradesh,5659,"Lalbagh, Lucknow - CPCB",12235522,2026-08-05 20:30:00+00:00,14.8,50.0,OpenAQ verified hourly measurement
LKO,Lucknow,Uttar Pradesh,5659,"Lalbagh, Lucknow - CPCB",12235522,2026-08-05 21:30:00+00:00,12.2,50.0,OpenAQ verified hourly measurement
LKO,Lucknow,Uttar Pradesh,5659,"Lalbagh, Lucknow - CPCB",12235522,2026-08-05 22:30:00+00:00,15.7,75.0,OpenAQ verified hourly measurement
LKO,Lucknow,Uttar Pradesh,5659,"Lalbagh, Lucknow - CPCB",12235522,2026-08-05 23:30:00+00:00,18.9,50.0,OpenAQ verified hourly measurement
LKO,Lucknow,Uttar Pradesh,5659,"Lalbagh, Lucknow - CPCB",12235522,2026-08-06 00:30:00+00:00,12.3,100.0,OpenAQ verified hourly measurement
LKO,Lucknow,Uttar Pradesh,5659,"Lalbagh, Lucknow - CPCB",12235522,2026-08-06 01:30:00+00:00,23.0,100.0,OpenAQ verified hourly measurement
LKO,Lucknow,Uttar Pradesh,5659,"Lalbagh, Lucknow - CPCB",12235522,2026-08-06 03:30:00+00:00,25.9,25.0,OpenAQ verified hourly measurement
LKO,Lucknow,Uttar Pradesh,5659,"Lalbagh, Lucknow - CPCB",12235522,2026-08-06 04:30:00+00:00,19.5,100.0,OpenAQ verified hourly measurement
LKO,Lucknow,Uttar Pradesh,5659,"Lalbagh, Lucknow - CPCB",12235522,2026-08-06 05:30:00+00:00,15.7,75.0,OpenAQ verified hourly measurement
LKO,Lucknow,Uttar Pradesh,5659,"Lalbagh, Lucknow - CPCB",12235522,2026-08-06 06:30:00+00:00,18.5,100.0,OpenAQ verified hourly measurement
LKO,Lucknow,Uttar Pradesh,5659,"Lalbagh, Lucknow - CPCB",12235522,2026-08-06 07:30:00+00:00,27.0,100.0,OpenAQ verified hourly measurement
LKO,Lucknow,Uttar Pradesh,5659,"Lalbagh, Lucknow - CPCB",12235522,2026-08-06 08:30:00+00:00,26.6,100.0,OpenAQ verified hourly measurement
LKO,Lucknow,Uttar Pradesh,5659,"Lalbagh, Lucknow - CPCB",12235522,2026-08-06 09:30:00+00:00,27.1,100.0,OpenAQ verified hourly measurement
LKO,Lucknow,Uttar Pradesh,5659,"Lalbagh, Lucknow - CPCB",12235522,2026-08-06 10:30:00+00:00,14.3,100.0,OpenAQ verified hourly measurement
LKO,Lucknow,Uttar Pradesh,5659,"Lalbagh, Lucknow - CPCB",12235522,2026-08-06 11:30:00+00:00,7.18,100.0,OpenAQ verified hourly measurement
LKO,Lucknow,Uttar Pradesh,5659,"Lalbagh, Lucknow - CPCB",12235522,2026-08-06 12:30:00+00:00,7.4,50.0,OpenAQ verified hourly measurement
LKO,Lucknow,Uttar Pradesh,5659,"Lalbagh, Lucknow - CPCB",12235522,2026-08-06 13:30:00+00:00,20.3,50.0,OpenAQ verified hourly measurement
LKO,Lucknow,Uttar Pradesh,5659,"Lalbagh, Lucknow - CPCB",12235522,2026-08-06 14:30:00+00:00,16.0,25.0,OpenAQ verified hourly measurement
LKO,Lucknow,Uttar Pradesh,5659,"Lalbagh, Lucknow - CPCB",12235522,2026-08-06 15:30:00+00:00,24.9,50.0,OpenAQ verified hourly measurement
LKO,Lucknow,Uttar Pradesh,5659,"Lalbagh, Lucknow - CPCB",12235522,2026-08-06 16:30:00+00:00,28.7,100.0,OpenAQ verified hourly measurement
LKO,Lucknow,Uttar Pradesh,5659,"Lalbagh, Lucknow - CPCB",12235522,2026-08-06 17:30:00+00:00,27.3,50.0,OpenAQ verified hourly measurement
LKO,Lucknow,Uttar Pradesh,5659,"Lalbagh, Lucknow - CPCB",12235522,2026-08-06 18:30:00+00:00,25.5,50.0,OpenAQ verified hourly measurement
LKO,Lucknow,Uttar Pradesh,5659,"Lalbagh, Lucknow - CPCB",12235522,2026-08-06 19:30:00+00:00,28.0,75.0,OpenAQ verified hourly measurement
LKO,Lucknow,Uttar Pradesh,5659,"Lalbagh, Lucknow - CPCB",12235522,2026-08-06 20:30:00+00:00,23.3,100.0,OpenAQ verified hourly measurement
LKO,Lucknow,Uttar Pradesh,5659,"Lalbagh, Lucknow - CPCB",12235522,2026-08-06 21:30:00+00:00,30.4,75.0,OpenAQ verified hourly measurement
LKO,Lucknow,Uttar Pradesh,5659,"Lalbagh, Lucknow - CPCB",12235522,2026-08-07 01:30:00+00:00,29.2,50.0,OpenAQ verified hourly measurement
LKO,Lucknow,Uttar Pradesh,5659,"Lalbagh, Lucknow - CPCB",12235522,2026-08-07 03:30:00+00:00,29.0,50.0,OpenAQ verified hourly measurement
LKO,Lucknow,Uttar Pradesh,5659,"Lalbagh, Lucknow - CPCB",12235522,2026-08-07 04:30:00+00:00,26.4,100.0,OpenAQ verified hourly measurement
LKO,Lucknow,Uttar Pradesh,5659,"Lalbagh, Lucknow - CPCB",12235522,2026-08-07 05:30:00+00:00,34.0,50.0,OpenAQ verified hourly measurement
LKO,Lucknow,Uttar Pradesh,5659,"Lalbagh, Lucknow - CPCB",12235522,2026-08-07 06:30:00+00:00,22.6,100.0,OpenAQ verified hourly measurement
LKO,Lucknow,Uttar Pradesh,5659,"Lalbagh, Lucknow - CPCB",12235522,2026-08-07 07:30:00+00:00,28.4,50.0,OpenAQ verified hourly measurement
LKO,Lucknow,Uttar Pradesh,5659,"Lalbagh, Lucknow - CPCB",12235522,2026-08-07 08:30:00+00:00,15.2,75.0,OpenAQ verified hourly measurement
LKO,Lucknow,Uttar Pradesh,5659,"Lalbagh, Lucknow - CPCB",12235522,2026-08-07 09:30:00+00:00,11.5,50.0,OpenAQ verified hourly measurement
LKO,Lucknow,Uttar Pradesh,5659,"Lalbagh, Lucknow - CPCB",12235522,2026-08-07 10:30:00+00:00,18.1,75.0,OpenAQ verified hourly measurement
LKO,Lucknow,Uttar Pradesh,5659,"Lalbagh, Lucknow - CPCB",12235522,2026-08-07 11:30:00+00:00,35.5,100.0,OpenAQ verified hourly measurement
LKO,Lucknow,Uttar Pradesh,5659,"Lalbagh, Lucknow - CPCB",12235522,2026-08-07 12:30:00+00:00,28.4,100.0,OpenAQ verified hourly measurement
LKO,Lucknow,Uttar Pradesh,5659,"Lalbagh, Lucknow - CPCB",12235522,2026-08-07 13:30:00+00:00,24.1,100.0,OpenAQ verified hourly measurement
LKO,Lucknow,Uttar Pradesh,5659,"Lalbagh, Lucknow - CPCB",12235522,2026-08-07 14:30:00+00:00,32.2,100.0,OpenAQ verified hourly measurement
LKO,Lucknow,Uttar Pradesh,5659,"Lalbagh, Lucknow - CPCB",12235522,2026-08-07 15:30:00+00:00,33.0,100.0,OpenAQ verified hourly measurement
LKO,Lucknow,Uttar Pradesh,5659,"Lalbagh, Lucknow - CPCB",12235522,2026-08-07 16:30:00+00:00,35.4,100.0,OpenAQ verified hourly measurement
LKO,Lucknow,Uttar Pradesh,5659,"Lalbagh, Lucknow - CPCB",12235522,2026-08-07 17:30:00+00:00,36.0,75.0,OpenAQ verified hourly measurement
LKO,Lucknow,Uttar Pradesh,5659,"Lalbagh, Lucknow - CPCB",12235522,2026-08-07 18:30:00+00:00,39.3,50.0,OpenAQ verified hourly measurement
LKO,Lucknow,Uttar Pradesh,5659,"Lalbagh, Lucknow - CPCB",12235522,2026-08-07 19:30:00+00:00,28.9,100.0,OpenAQ verified hourly measurement
LKO,Lucknow,Uttar Pradesh,5659,"Lalbagh, Lucknow - CPCB",12235522,2026-08-07 20:30:00+00:00,25.4,100.0,OpenAQ verified hourly measurement
LKO,Lucknow,Uttar Pradesh,5659,"Lalbagh, Lucknow - CPCB",12235522,2026-08-07 21:30:00+00:00,26.3,100.0,OpenAQ verified hourly measurement
LKO,Lucknow,Uttar Pradesh,5659,"Lalbagh, Lucknow - CPCB",12235522,2026-08-07 22:30:00+00:00,27.8,100.0,OpenAQ verified hourly measurement
LKO,Lucknow,Uttar Pradesh,5659,"Lalbagh, Lucknow - CPCB",12235522,2026-08-07 23:30:00+00:00,40.8,100.0,OpenAQ verified hourly measurement
LKO,Lucknow,Uttar Pradesh,5659,"Lalbagh, Lucknow - CPCB",12235522,2026-08-08 00:30:00+00:00,24.7,100.0,OpenAQ verified hourly measurement
LKO,Lucknow,Uttar Pradesh,5659,"Lalbagh, Lucknow - CPCB",12235522,2026-08-08 01:30:00+00:00,28.6,75.0,OpenAQ verified hourly measurement
LKO,Lucknow,Uttar Pradesh,5659,"Lalbagh, Lucknow - CPCB",12235522,2026-08-08 02:30:00+00:00,34.7,100.0,OpenAQ verified hourly measurement
LKO,Lucknow,Uttar Pradesh,5659,"Lalbagh, Lucknow - CPCB",12235522,2026-08-08 03:30:00+00:00,30.1,75.0,OpenAQ verified hourly measurement
LKO,Lucknow,Uttar Pradesh,5659,"Lalbagh, Lucknow - CPCB",12235522,2026-08-08 04:30:00+00:00,19.9,100.0,OpenAQ verified hourly measurement
LKO,Lucknow,Uttar Pradesh,5659,"Lalbagh, Lucknow - CPCB",12235522,2026-08-08 05:30:00+00:00,12.8,75.0,OpenAQ verified hourly measurement
LKO,Lucknow,Uttar Pradesh,5659,"Lalbagh, Lucknow - CPCB",12235522,2026-08-08 06:30:00+00:00,9.93,100.0,OpenAQ verified hourly measurement
LKO,Lucknow,Uttar Pradesh,5659,"Lalbagh, Lucknow - CPCB",12235522,2026-08-08 07:30:00+00:00,20.6,75.0,OpenAQ verified hourly measurement
LKO,Lucknow,Uttar Pradesh,5659,"Lalbagh, Lucknow - CPCB",12235522,2026-08-08 08:30:00+00:00,15.3,100.0,OpenAQ verified hourly measurement
LKO,Lucknow,Uttar Pradesh,5659,"Lalbagh, Lucknow - CPCB",12235522,2026-08-08 09:30:00+00:00,35.1,25.0,OpenAQ verified hourly measurement
LKO,Lucknow,Uttar Pradesh,5659,"Lalbagh, Lucknow - CPCB",12235522,2026-08-08 10:30:00+00:00,36.1,100.0,OpenAQ verified hourly measurement
LKO,Lucknow,Uttar Pradesh,5659,"Lalbagh, Lucknow - CPCB",12235522,2026-08-08 11:30:00+00:00,32.4,100.0,OpenAQ verified hourly measurement
LKO,Lucknow,Uttar Pradesh,5659,"Lalbagh, Lucknow - CPCB",12235522,2026-08-08 12:30:00+00:00,41.7,100.0,OpenAQ verified hourly measurement
LKO,Lucknow,Uttar Pradesh,5659,"Lalbagh, Lucknow - CPCB",12235522,2026-08-08 13:30:00+00:00,33.6,100.0,OpenAQ verified hourly measurement
LKO,Lucknow,Uttar Pradesh,5659,"Lalbagh, Lucknow - CPCB",12235522,2026-08-08 14:30:00+00:00,35.6,100.0,OpenAQ verified hourly measurement
LKO,Lucknow,Uttar Pradesh,5659,"Lalbagh, Lucknow - CPCB",12235522,2026-08-08 15:30:00+00:00,28.7,100.0,OpenAQ verified hourly measurement
LKO,Lucknow,Uttar Pradesh,5659,"Lalbagh, Lucknow - CPCB",12235522,2026-08-08 16:30:00+00:00,42.1,100.0,OpenAQ verified hourly measurement
LKO,Lucknow,Uttar Pradesh,5659,"Lalbagh, Lucknow - CPCB",12235522,2026-08-08 17:30:00+00:00,46.0,75.0,OpenAQ verified hourly measurement
LKO,Lucknow,Uttar Pradesh,5659,"Lalbagh, Lucknow - CPCB",12235522,2026-08-08 19:30:00+00:00,50.1,50.0,OpenAQ verified hourly measurement
LKO,Lucknow,Uttar Pradesh,5659,"Lalbagh, Lucknow - CPCB",12235522,2026-08-08 20:30:00+00:00,47.7,100.0,OpenAQ verified hourly measurement
LKO,Lucknow,Uttar Pradesh,5659,"Lalbagh, Lucknow - CPCB",12235522,2026-08-08 21:30:00+00:00,26.2,75.0,OpenAQ verified hourly measurement
LKO,Lucknow,Uttar Pradesh,5659,"Lalbagh, Lucknow - CPCB",12235522,2026-08-08 22:30:00+00:00,15.4,100.0,OpenAQ verified hourly measurement
LKO,Lucknow,Uttar Pradesh,5659,"Lalbagh, Lucknow - CPCB",12235522,2026-08-08 23:30:00+00:00,15.2,75.0,OpenAQ verified hourly measurement
LKO,Lucknow,Uttar Pradesh,5659,"Lalbagh, Lucknow - CPCB",12235522,2026-08-09 00:30:00+00:00,12.0,100.0,OpenAQ verified hourly measurement
LKO,Lucknow,Uttar Pradesh,5659,"Lalbagh, Lucknow - CPCB",12235522,2026-08-09 01:30:00+00:00,29.9,75.0,OpenAQ verified hourly measurement
LKO,Lucknow,Uttar Pradesh,5659,"Lalbagh, Lucknow - CPCB",12235522,2026-08-09 02:30:00+00:00,21.5,100.0,OpenAQ verified hourly measurement
LKO,Lucknow,Uttar Pradesh,5659,"Lalbagh, Lucknow - CPCB",12235522,2026-08-09 03:30:00+00:00,34.7,50.0,OpenAQ verified hourly measurement
LKO,Lucknow,Uttar Pradesh,5659,"Lalbagh, Lucknow - CPCB",12235522,2026-08-09 04:30:00+00:00,42.6,100.0,OpenAQ verified hourly measurement
LKO,Lucknow,Uttar Pradesh,5659,"Lalbagh, Lucknow - CPCB",12235522,2026-08-09 05:30:00+00:00,46.4,50.0,OpenAQ verified hourly measurement
LKO,Lucknow,Uttar Pradesh,5659,"Lalbagh, Lucknow - CPCB",12235522,2026-08-09 06:30:00+00:00,26.0,100.0,OpenAQ verified hourly measurement
LKO,Lucknow,Uttar Pradesh,5659,"Lalbagh, Lucknow - CPCB",12235522,2026-08-09 07:30:00+00:00,38.6,50.0,OpenAQ verified hourly measurement
LKO,Lucknow,Uttar Pradesh,5659,"Lalbagh, Lucknow - CPCB",12235522,2026-08-09 08:30:00+00:00,28.9,100.0,OpenAQ verified hourly measurement
LKO,Lucknow,Uttar Pradesh,5659,"Lalbagh, Lucknow - CPCB",12235522,2026-08-09 09:30:00+00:00,16.5,50.0,OpenAQ verified hourly measurement
LKO,Lucknow,Uttar Pradesh,5659,"Lalbagh, Lucknow - CPCB",12235522,2026-08-09 10:30:00+00:00,9.8,75.0,OpenAQ verified hourly measurement
LKO,Lucknow,Uttar Pradesh,5659,"Lalbagh, Lucknow - CPCB",12235522,2026-08-09 11:30:00+00:00,4.7,50.0,OpenAQ verified hourly measurement
LKO,Lucknow,Uttar Pradesh,5659,"Lalbagh, Lucknow - CPCB",12235522,2026-08-09 12:30:00+00:00,20.8,75.0,OpenAQ verified hourly measurement
LKO,Lucknow,Uttar Pradesh,5659,"Lalbagh, Lucknow - CPCB",12235522,2026-08-09 13:30:00+00:00,21.9,50.0,OpenAQ verified hourly measurement
LKO,Lucknow,Uttar Pradesh,5659,"Lalbagh, Lucknow - CPCB",12235522,2026-08-09 14:30:00+00:00,28.5,100.0,OpenAQ verified hourly measurement
LKO,Lucknow,Uttar Pradesh,5659,"Lalbagh, Lucknow - CPCB",12235522,2026-08-09 15:30:00+00:00,15.1,100.0,OpenAQ verified hourly measurement
LKO,Lucknow,Uttar Pradesh,5659,"Lalbagh, Lucknow - CPCB",12235522,2026-08-09 16:30:00+00:00,13.0,100.0,OpenAQ verified hourly measurement
LKO,Lucknow,Uttar Pradesh,5659,"Lalbagh, Lucknow - CPCB",12235522,2026-08-09 17:30:00+00:00,32.6,75.0,OpenAQ verified hourly measurement
LKO,Lucknow,Uttar Pradesh,5659,"Lalbagh, Lucknow - CPCB",12235522,2026-08-09 18:30:00+00:00,29.0,50.0,OpenAQ verified hourly measurement
LKO,Lucknow,Uttar Pradesh,5659,"Lalbagh, Lucknow - CPCB",12235522,2026-08-09 19:30:00+00:00,28.8,100.0,OpenAQ verified hourly measurement
LKO,Lucknow,Uttar Pradesh,5659,"Lalbagh, Lucknow - CPCB",12235522,2026-08-09 20:30:00+00:00,38.5,100.0,OpenAQ verified hourly measurement
LKO,Lucknow,Uttar Pradesh,5659,"Lalbagh, Lucknow - CPCB",12235522,2026-08-09 21:30:00+00:00,24.4,100.0,OpenAQ verified hourly measurement
LKO,Lucknow,Uttar Pradesh,5659,"Lalbagh, Lucknow - CPCB",12235522,2026-08-09 22:30:00+00:00,18.7,100.0,OpenAQ verified hourly measurement
LKO,Lucknow,Uttar Pradesh,5659,"Lalbagh, Lucknow - CPCB",12235522,2026-08-09 23:30:00+00:00,18.1,100.0,OpenAQ verified hourly measurement
LKO,Lucknow,Uttar Pradesh,5659,"Lalbagh, Lucknow - CPCB",12235522,2026-08-10 00:30:00+00:00,15.2,100.0,OpenAQ verified hourly measurement
LKO,Lucknow,Uttar Pradesh,5659,"Lalbagh, Lucknow - CPCB",12235522,2026-08-10 01:30:00+00:00,11.0,100.0,OpenAQ verified hourly measurement
LKO,Lucknow,Uttar Pradesh,5659,"Lalbagh, Lucknow - CPCB",12235522,2026-08-10 02:30:00+00:00,33.7,100.0,OpenAQ verified hourly measurement
LKO,Lucknow,Uttar Pradesh,5659,"Lalbagh, Lucknow - CPCB",12235522,2026-08-10 03:30:00+00:00,46.3,100.0,OpenAQ verified hourly measurement
LKO,Lucknow,Uttar Pradesh,5659,"Lalbagh, Lucknow - CPCB",12235522,2026-08-10 04:30:00+00:00,58.8,100.0,OpenAQ verified hourly measurement
LKO,Lucknow,Uttar Pradesh,5659,"Lalbagh, Lucknow - CPCB",12235522,2026-08-10 05:30:00+00:00,54.8,100.0,OpenAQ verified hourly measurement
LKO,Lucknow,Uttar Pradesh,5659,"Lalbagh, Lucknow - CPCB",12235522,2026-08-10 06:30:00+00:00,38.1,100.0,OpenAQ verified hourly measurement
LKO,Lucknow,Uttar Pradesh,5659,"Lalbagh, Lucknow - CPCB",12235522,2026-08-10 07:30:00+00:00,28.4,100.0,OpenAQ verified hourly measurement
LKO,Lucknow,Uttar Pradesh,5659,"Lalbagh, Lucknow - CPCB",12235522,2026-08-10 08:30:00+00:00,47.2,100.0,OpenAQ verified hourly measurement
LKO,Lucknow,Uttar Pradesh,5659,"Lalbagh, Lucknow - CPCB",12235522,2026-08-10 09:30:00+00:00,32.8,75.0,OpenAQ verified hourly measurement
LKO,Lucknow,Uttar Pradesh,5659,"Lalbagh, Lucknow - CPCB",12235522,2026-08-10 10:30:00+00:00,44.4,100.0,OpenAQ verified hourly measurement
LKO,Lucknow,Uttar Pradesh,5659,"Lalbagh, Lucknow - CPCB",12235522,2026-08-10 11:30:00+00:00,38.3,50.0,OpenAQ verified hourly measurement
LKO,Lucknow,Uttar Pradesh,5659,"Lalbagh, Lucknow - CPCB",12235522,2026-08-10 12:30:00+00:00,30.6,100.0,OpenAQ verified hourly measurement
LKO,Lucknow,Uttar Pradesh,5659,"Lalbagh, Lucknow - CPCB",12235522,2026-08-10 13:30:00+00:00,36.4,75.0,OpenAQ verified hourly measurement
LKO,Lucknow,Uttar Pradesh,5659,"Lalbagh, Lucknow - CPCB",12235522,2026-08-10 14:30:00+00:00,38.1,100.0,OpenAQ verified hourly measurement
LKO,Lucknow,Uttar Pradesh,5659,"Lalbagh, Lucknow - CPCB",12235522,2026-08-10 15:30:00+00:00,31.5,75.0,OpenAQ verified hourly measurement
LKO,Lucknow,Uttar Pradesh,5659,"Lalbagh, Lucknow - CPCB",12235522,2026-08-10 16:30:00+00:00,25.5,100.0,OpenAQ verified hourly measurement
LKO,Lucknow,Uttar Pradesh,5659,"Lalbagh, Lucknow - CPCB",12235522,2026-08-10 17:30:00+00:00,36.5,50.0,OpenAQ verified hourly measurement
LKO,Lucknow,Uttar Pradesh,5659,"Lalbagh, Lucknow - CPCB",12235522,2026-08-10 18:30:00+00:00,47.0,50.0,OpenAQ verified hourly measurement
LKO,Lucknow,Uttar Pradesh,5659,"Lalbagh, Lucknow - CPCB",12235522,2026-08-10 19:30:00+00:00,46.9,50.0,OpenAQ verified hourly measurement
LKO,Lucknow,Uttar Pradesh,5659,"Lalbagh, Lucknow - CPCB",12235522,2026-08-10 20:30:00+00:00,42.2,100.0,OpenAQ verified hourly measurement
LKO,Lucknow,Uttar Pradesh,5659,"Lalbagh, Lucknow - CPCB",12235522,2026-08-10 21:30:00+00:00,58.1,50.0,OpenAQ verified hourly measurement
LKO,Lucknow,Uttar Pradesh,5659,"Lalbagh, Lucknow - CPCB",12235522,2026-08-10 22:30:00+00:00,52.5,100.0,OpenAQ verified hourly measurement
LKO,Lucknow,Uttar Pradesh,5659,"Lalbagh, Lucknow - CPCB",12235522,2026-08-10 23:30:00+00:00,50.4,25.0,OpenAQ verified hourly measurement
LKO,Lucknow,Uttar Pradesh,5659,"Lalbagh, Lucknow - CPCB",12235522,2026-08-11 00:30:00+00:00,44.2,75.0,OpenAQ verified hourly measurement
LKO,Lucknow,Uttar Pradesh,5659,"Lalbagh, Lucknow - CPCB",12235522,2026-08-11 03:30:00+00:00,33.3,25.0,OpenAQ verified hourly measurement
LKO,Lucknow,Uttar Pradesh,5659,"Lalbagh, Lucknow - CPCB",12235522,2026-08-11 05:30:00+00:00,39.8,25.0,OpenAQ verified hourly measurement
LKO,Lucknow,Uttar Pradesh,5659,"Lalbagh, Lucknow - CPCB",12235522,2026-08-11 07:30:00+00:00,39.4,25.0,OpenAQ verified hourly measurement
LKO,Lucknow,Uttar Pradesh,5659,"Lalbagh, Lucknow - CPCB",12235522,2026-08-11 08:30:00+00:00,40.2,100.0,OpenAQ verified hourly measurement
LKO,Lucknow,Uttar Pradesh,5659,"Lalbagh, Lucknow - CPCB",12235522,2026-08-11 09:30:00+00:00,35.3,100.0,OpenAQ verified hourly measurement
LKO,Lucknow,Uttar Pradesh,5659,"Lalbagh, Lucknow - CPCB",12235522,2026-08-11 10:30:00+00:00,32.6,100.0,OpenAQ verified hourly measurement
LKO,Lucknow,Uttar Pradesh,5659,"Lalbagh, Lucknow - CPCB",12235522,2026-08-11 11:30:00+00:00,43.0,100.0,OpenAQ verified hourly measurement
LKO,Lucknow,Uttar Pradesh,5659,"Lalbagh, Lucknow - CPCB",12235522,2026-08-11 12:30:00+00:00,51.3,100.0,OpenAQ verified hourly measurement
LKO,Lucknow,Uttar Pradesh,5659,"Lalbagh, Lucknow - CPCB",12235522,2026-08-11 13:30:00+00:00,50.1,100.0,OpenAQ verified hourly measurement
LKO,Lucknow,Uttar Pradesh,5659,"Lalbagh, Lucknow - CPCB",12235522,2026-08-11 14:30:00+00:00,46.2,100.0,OpenAQ verified hourly measurement
LKO,Lucknow,Uttar Pradesh,5659,"Lalbagh, Lucknow - CPCB",12235522,2026-08-11 15:30:00+00:00,52.4,100.0,OpenAQ verified hourly measurement
LKO,Lucknow,Uttar Pradesh,5659,"Lalbagh, Lucknow - CPCB",12235522,2026-08-11 16:30:00+00:00,55.4,100.0,OpenAQ verified hourly measurement
LKO,Lucknow,Uttar Pradesh,5659,"Lalbagh, Lucknow - CPCB",12235522,2026-08-11 17:30:00+00:00,48.8,75.0,OpenAQ verified hourly measurement
LKO,Lucknow,Uttar Pradesh,5659,"Lalbagh, Lucknow - CPCB",12235522,2026-08-11 19:30:00+00:00,36.4,50.0,OpenAQ verified hourly measurement
LKO,Lucknow,Uttar Pradesh,5659,"Lalbagh, Lucknow - CPCB",12235522,2026-08-11 20:30:00+00:00,32.9,100.0,OpenAQ verified hourly measurement
LKO,Lucknow,Uttar Pradesh,5659,"Lalbagh, Lucknow - CPCB",12235522,2026-08-11 21:30:00+00:00,37.0,75.0,OpenAQ verified hourly measurement
LKO,Lucknow,Uttar Pradesh,5659,"Lalbagh, Lucknow - CPCB",12235522,2026-08-11 22:30:00+00:00,43.2,50.0,OpenAQ verified hourly measurement
LKO,Lucknow,Uttar Pradesh,5659,"Lalbagh, Lucknow - CPCB",12235522,2026-08-12 00:30:00+00:00,42.5,50.0,OpenAQ verified hourly measurement
LKO,Lucknow,Uttar Pradesh,5659,"Lalbagh, Lucknow - CPCB",12235522,2026-08-12 01:30:00+00:00,45.4,75.0,OpenAQ verified hourly measurement
LKO,Lucknow,Uttar Pradesh,5659,"Lalbagh, Lucknow - CPCB",12235522,2026-08-12 02:30:00+00:00,45.4,100.0,OpenAQ verified hourly measurement
LKO,Lucknow,Uttar Pradesh,5659,"Lalbagh, Lucknow - CPCB",12235522,2026-08-12 03:30:00+00:00,46.1,75.0,OpenAQ verified hourly measurement
LKO,Lucknow,Uttar Pradesh,5659,"Lalbagh, Lucknow - CPCB",12235522,2026-08-12 04:30:00+00:00,43.1,100.0,OpenAQ verified hourly measurement
LKO,Lucknow,Uttar Pradesh,5659,"Lalbagh, Lucknow - CPCB",12235522,2026-08-12 05:30:00+00:00,43.5,50.0,OpenAQ verified hourly measurement
LKO,Lucknow,Uttar Pradesh,5659,"Lalbagh, Lucknow - CPCB",12235522,2026-08-12 06:30:00+00:00,46.9,75.0,OpenAQ verified hourly measurement
LKO,Lucknow,Uttar Pradesh,5659,"Lalbagh, Lucknow - CPCB",12235522,2026-08-12 07:30:00+00:00,37.3,50.0,OpenAQ verified hourly measurement
LKO,Lucknow,Uttar Pradesh,5659,"Lalbagh, Lucknow - CPCB",12235522,2026-08-12 08:30:00+00:00,42.4,100.0,OpenAQ verified hourly measurement
LKO,Lucknow,Uttar Pradesh,5659,"Lalbagh, Lucknow - CPCB",12235522,2026-08-12 09:30:00+00:00,53.3,75.0,OpenAQ verified hourly measurement
LKO,Lucknow,Uttar Pradesh,5659,"Lalbagh, Lucknow - CPCB",12235522,2026-08-12 10:30:00+00:00,53.5,50.0,OpenAQ verified hourly measurement
LKO,Lucknow,Uttar Pradesh,5659,"Lalbagh, Lucknow - CPCB",12235522,2026-08-12 11:30:00+00:00,52.7,50.0,OpenAQ verified hourly measurement
LKO,Lucknow,Uttar Pradesh,5659,"Lalbagh, Lucknow - CPCB",12235522,2026-08-12 12:30:00+00:00,33.7,50.0,OpenAQ verified hourly measurement
LKO,Lucknow,Uttar Pradesh,5659,"Lalbagh, Lucknow - CPCB",12235522,2026-08-12 13:30:00+00:00,30.9,100.0,OpenAQ verified hourly measurement
LKO,Lucknow,Uttar Pradesh,5659,"Lalbagh, Lucknow - CPCB",12235522,2026-08-12 14:30:00+00:00,34.3,100.0,OpenAQ verified hourly measurement
LKO,Lucknow,Uttar Pradesh,5659,"Lalbagh, Lucknow - CPCB",12235522,2026-08-12 15:30:00+00:00,45.3,100.0,OpenAQ verified hourly measurement
LKO,Lucknow,Uttar Pradesh,5659,"Lalbagh, Lucknow - CPCB",12235522,2026-08-12 16:30:00+00:00,48.0,100.0,OpenAQ verified hourly measurement
LKO,Lucknow,Uttar Pradesh,5659,"Lalbagh, Lucknow - CPCB",12235522,2026-08-12 17:30:00+00:00,41.2,50.0,OpenAQ verified hourly measurement
LKO,Lucknow,Uttar Pradesh,5659,"Lalbagh, Lucknow - CPCB",12235522,2026-08-12 18:30:00+00:00,49.4,50.0,OpenAQ verified hourly measurement
LKO,Lucknow,Uttar Pradesh,5659,"Lalbagh, Lucknow - CPCB",12235522,2026-08-12 19:30:00+00:00,45.0,75.0,OpenAQ verified hourly measurement
LKO,Lucknow,Uttar Pradesh,5659,"Lalbagh, Lucknow - CPCB",12235522,2026-08-12 20:30:00+00:00,39.0,100.0,OpenAQ verified hourly measurement
LKO,Lucknow,Uttar Pradesh,5659,"Lalbagh, Lucknow - CPCB",12235522,2026-08-12 21:30:00+00:00,36.9,25.0,OpenAQ verified hourly measurement
LKO,Lucknow,Uttar Pradesh,5659,"Lalbagh, Lucknow - CPCB",12235522,2026-08-12 23:30:00+00:00,53.4,50.0,OpenAQ verified hourly measurement
LKO,Lucknow,Uttar Pradesh,5659,"Lalbagh, Lucknow - CPCB",12235522,2026-08-13 00:30:00+00:00,47.8,100.0,OpenAQ verified hourly measurement
LKO,Lucknow,Uttar Pradesh,5659,"Lalbagh, Lucknow - CPCB",12235522,2026-08-13 02:30:00+00:00,53.6,50.0,OpenAQ verified hourly measurement
LKO,Lucknow,Uttar Pradesh,5659,"Lalbagh, Lucknow - CPCB",12235522,2026-08-13 03:30:00+00:00,61.1,50.0,OpenAQ verified hourly measurement
LKO,Lucknow,Uttar Pradesh,5659,"Lalbagh, Lucknow - CPCB",12235522,2026-08-13 04:30:00+00:00,52.3,100.0,OpenAQ verified hourly measurement
LKO,Lucknow,Uttar Pradesh,5659,"Lalbagh, Lucknow - CPCB",12235522,2026-08-13 05:30:00+00:00,36.7,50.0,OpenAQ verified hourly measurement
LKO,Lucknow,Uttar Pradesh,5659,"Lalbagh, Lucknow - CPCB",12235522,2026-08-13 06:30:00+00:00,42.0,100.0,OpenAQ verified hourly measurement
LKO,Lucknow,Uttar Pradesh,5659,"Lalbagh, Lucknow - CPCB",12235522,2026-08-13 07:30:00+00:00,49.1,50.0,OpenAQ verified hourly measurement
LKO,Lucknow,Uttar Pradesh,5659,"Lalbagh, Lucknow - CPCB",12235522,2026-08-13 08:30:00+00:00,50.3,75.0,OpenAQ verified hourly measurement
LKO,Lucknow,Uttar Pradesh,5659,"Lalbagh, Lucknow - CPCB",12235522,2026-08-13 09:30:00+00:00,41.3,50.0,OpenAQ verified hourly measurement
LKO,Lucknow,Uttar Pradesh,5659,"Lalbagh, Lucknow - CPCB",12235522,2026-08-13 10:30:00+00:00,37.8,75.0,OpenAQ verified hourly measurement
LKO,Lucknow,Uttar Pradesh,5659,"Lalbagh, Lucknow - CPCB",12235522,2026-08-13 11:30:00+00:00,29.4,25.0,OpenAQ verified hourly measurement
LKO,Lucknow,Uttar Pradesh,5659,"Lalbagh, Lucknow - CPCB",12235522,2026-08-13 12:30:00+00:00,35.5,50.0,OpenAQ verified hourly measurement
LKO,Lucknow,Uttar Pradesh,5659,"Lalbagh, Lucknow - CPCB",12235522,2026-08-13 13:30:00+00:00,48.8,50.0,OpenAQ verified hourly measurement
LKO,Lucknow,Uttar Pradesh,5659,"Lalbagh, Lucknow - CPCB",12235522,2026-08-13 14:30:00+00:00,47.4,100.0,OpenAQ verified hourly measurement
LKO,Lucknow,Uttar Pradesh,5659,"Lalbagh, Lucknow - CPCB",12235522,2026-08-13 15:30:00+00:00,50.5,100.0,OpenAQ verified hourly measurement
LKO,Lucknow,Uttar Pradesh,5659,"Lalbagh, Lucknow - CPCB",12235522,2026-08-13 16:30:00+00:00,56.3,100.0,OpenAQ verified hourly measurement
LKO,Lucknow,Uttar Pradesh,5659,"Lalbagh, Lucknow - CPCB",12235522,2026-08-13 17:30:00+00:00,52.1,75.0,OpenAQ verified hourly measurement
LKO,Lucknow,Uttar Pradesh,5659,"Lalbagh, Lucknow - CPCB",12235522,2026-08-13 18:30:00+00:00,55.0,50.0,OpenAQ verified hourly measurement
LKO,Lucknow,Uttar Pradesh,5659,"Lalbagh, Lucknow - CPCB",12235522,2026-08-13 19:30:00+00:00,53.2,100.0,OpenAQ verified hourly measurement
LKO,Lucknow,Uttar Pradesh,5659,"Lalbagh, Lucknow - CPCB",12235522,2026-08-13 20:30:00+00:00,41.3,100.0,OpenAQ verified hourly measurement
LKO,Lucknow,Uttar Pradesh,5659,"Lalbagh, Lucknow - CPCB",12235522,2026-08-13 21:30:00+00:00,30.1,100.0,OpenAQ verified hourly measurement
LKO,Lucknow,Uttar Pradesh,5659,"Lalbagh, Lucknow - CPCB",12235522,2026-08-13 22:30:00+00:00,32.9,75.0,OpenAQ verified hourly measurement
LKO,Lucknow,Uttar Pradesh,5659,"Lalbagh, Lucknow - CPCB",12235522,2026-08-14 01:30:00+00:00,22.6,75.0,OpenAQ verified hourly measurement
LKO,Lucknow,Uttar Pradesh,5659,"Lalbagh, Lucknow - CPCB",12235522,2026-08-14 02:30:00+00:00,16.3,100.0,OpenAQ verified hourly measurement
LKO,Lucknow,Uttar Pradesh,5659,"Lalbagh, Lucknow - CPCB",12235522,2026-08-14 03:30:00+00:00,14.4,75.0,OpenAQ verified hourly measurement
LKO,Lucknow,Uttar Pradesh,5659,"Lalbagh, Lucknow - CPCB",12235522,2026-08-14 04:30:00+00:00,14.6,100.0,OpenAQ verified hourly measurement
LKO,Lucknow,Uttar Pradesh,5659,"Lalbagh, Lucknow - CPCB",12235522,2026-08-14 05:30:00+00:00,17.9,75.0,OpenAQ verified hourly measurement
LKO,Lucknow,Uttar Pradesh,5659,"Lalbagh, Lucknow - CPCB",12235522,2026-08-14 06:30:00+00:00,22.1,100.0,OpenAQ verified hourly measurement
LKO,Lucknow,Uttar Pradesh,5659,"Lalbagh, Lucknow - CPCB",12235522,2026-08-14 07:30:00+00:00,24.3,75.0,OpenAQ verified hourly measurement
LKO,Lucknow,Uttar Pradesh,5659,"Lalbagh, Lucknow - CPCB",12235522,2026-08-14 08:30:00+00:00,22.3,100.0,OpenAQ verified hourly measurement
LKO,Lucknow,Uttar Pradesh,5659,"Lalbagh, Lucknow - CPCB",12235522,2026-08-14 09:30:00+00:00,14.2,75.0,OpenAQ verified hourly measurement
LKO,Lucknow,Uttar Pradesh,5659,"Lalbagh, Lucknow - CPCB",12235522,2026-08-14 10:30:00+00:00,12.6,100.0,OpenAQ verified hourly measurement
LKO,Lucknow,Uttar Pradesh,5659,"Lalbagh, Lucknow - CPCB",12235522,2026-08-14 11:30:00+00:00,18.5,50.0,OpenAQ verified hourly measurement
LKO,Lucknow,Uttar Pradesh,5659,"Lalbagh, Lucknow - CPCB",12235522,2026-08-14 12:30:00+00:00,18.6,100.0,OpenAQ verified hourly measurement
LKO,Lucknow,Uttar Pradesh,5659,"Lalbagh, Lucknow - CPCB",12235522,2026-08-14 13:30:00+00:00,15.5,50.0,OpenAQ verified hourly measurement
LKO,Lucknow,Uttar Pradesh,5659,"Lalbagh, Lucknow - CPCB",12235522,2026-08-14 14:30:00+00:00,14.5,100.0,OpenAQ verified hourly measurement
LKO,Lucknow,Uttar Pradesh,5659,"Lalbagh, Lucknow - CPCB",12235522,2026-08-14 15:30:00+00:00,10.1,50.0,OpenAQ verified hourly measurement
LKO,Lucknow,Uttar Pradesh,5659,"Lalbagh, Lucknow - CPCB",12235522,2026-08-14 16:30:00+00:00,8.38,100.0,OpenAQ verified hourly measurement
LKO,Lucknow,Uttar Pradesh,5659,"Lalbagh, Lucknow - CPCB",12235522,2026-08-14 17:30:00+00:00,5.2,25.0,OpenAQ verified hourly measurement
LKO,Lucknow,Uttar Pradesh,5659,"Lalbagh, Lucknow - CPCB",12235522,2026-08-14 18:30:00+00:00,13.2,50.0,OpenAQ verified hourly measurement
LKO,Lucknow,Uttar Pradesh,5659,"Lalbagh, Lucknow - CPCB",12235522,2026-08-14 19:30:00+00:00,24.2,50.0,OpenAQ verified hourly measurement
LKO,Lucknow,Uttar Pradesh,5659,"Lalbagh, Lucknow - CPCB",12235522,2026-08-14 20:30:00+00:00,23.3,75.0,OpenAQ verified hourly measurement
LKO,Lucknow,Uttar Pradesh,5659,"Lalbagh, Lucknow - CPCB",12235522,2026-08-14 22:30:00+00:00,20.6,50.0,OpenAQ verified hourly measurement
LKO,Lucknow,Uttar Pradesh,5659,"Lalbagh, Lucknow - CPCB",12235522,2026-08-14 23:30:00+00:00,16.7,100.0,OpenAQ verified hourly measurement
LKO,Lucknow,Uttar Pradesh,5659,"Lalbagh, Lucknow - CPCB",12235522,2026-08-15 00:30:00+00:00,9.73,100.0,OpenAQ verified hourly measurement
LKO,Lucknow,Uttar Pradesh,5659,"Lalbagh, Lucknow - CPCB",12235522,2026-08-15 01:30:00+00:00,11.3,100.0,OpenAQ verified hourly measurement
LKO,Lucknow,Uttar Pradesh,5659,"Lalbagh, Lucknow - CPCB",12235522,2026-08-15 02:30:00+00:00,18.4,100.0,OpenAQ verified hourly measurement
LKO,Lucknow,Uttar Pradesh,5659,"Lalbagh, Lucknow - CPCB",12235522,2026-08-15 03:30:00+00:00,16.3,100.0,OpenAQ verified hourly measurement
LKO,Lucknow,Uttar Pradesh,5659,"Lalbagh, Lucknow - CPCB",12235522,2026-08-15 04:30:00+00:00,15.6,100.0,OpenAQ verified hourly measurement
LKO,Lucknow,Uttar Pradesh,5659,"Lalbagh, Lucknow - CPCB",12235522,2026-08-15 05:30:00+00:00,16.1,100.0,OpenAQ verified hourly measurement
LKO,Lucknow,Uttar Pradesh,5659,"Lalbagh, Lucknow - CPCB",12235522,2026-08-15 06:30:00+00:00,8.95,100.0,OpenAQ verified hourly measurement
LKO,Lucknow,Uttar Pradesh,5659,"Lalbagh, Lucknow - CPCB",12235522,2026-08-15 07:30:00+00:00,12.2,100.0,OpenAQ verified hourly measurement
LKO,Lucknow,Uttar Pradesh,5659,"Lalbagh, Lucknow - CPCB",12235522,2026-08-15 08:30:00+00:00,16.3,100.0,OpenAQ verified hourly measurement
LKO,Lucknow,Uttar Pradesh,5659,"Lalbagh, Lucknow - CPCB",12235522,2026-08-15 09:30:00+00:00,14.5,100.0,OpenAQ verified hourly measurement
LKO,Lucknow,Uttar Pradesh,5659,"Lalbagh, Lucknow - CPCB",12235522,2026-08-15 10:30:00+00:00,14.9,100.0,OpenAQ verified hourly measurement
LKO,Lucknow,Uttar Pradesh,5659,"Lalbagh, Lucknow - CPCB",12235522,2026-08-15 11:30:00+00:00,15.4,75.0,OpenAQ verified hourly measurement
LKO,Lucknow,Uttar Pradesh,5659,"Lalbagh, Lucknow - CPCB",12235522,2026-08-15 12:30:00+00:00,16.0,100.0,OpenAQ verified hourly measurement
LKO,Lucknow,Uttar Pradesh,5659,"Lalbagh, Lucknow - CPCB",12235522,2026-08-15 13:30:00+00:00,11.4,75.0,OpenAQ verified hourly measurement
LKO,Lucknow,Uttar Pradesh,5659,"Lalbagh, Lucknow - CPCB",12235522,2026-08-15 14:30:00+00:00,15.7,100.0,OpenAQ verified hourly measurement
LKO,Lucknow,Uttar Pradesh,5659,"Lalbagh, Lucknow - CPCB",12235522,2026-08-15 15:30:00+00:00,23.4,75.0,OpenAQ verified hourly measurement
LKO,Lucknow,Uttar Pradesh,5659,"Lalbagh, Lucknow - CPCB",12235522,2026-08-15 16:30:00+00:00,25.5,100.0,OpenAQ verified hourly measurement
LKO,Lucknow,Uttar Pradesh,5659,"Lalbagh, Lucknow - CPCB",12235522,2026-08-15 17:30:00+00:00,23.1,50.0,OpenAQ verified hourly measurement
LKO,Lucknow,Uttar Pradesh,5659,"Lalbagh, Lucknow - CPCB",12235522,2026-08-15 21:30:00+00:00,8.6,50.0,OpenAQ verified hourly measurement
LKO,Lucknow,Uttar Pradesh,5659,"Lalbagh, Lucknow - CPCB",12235522,2026-08-15 22:30:00+00:00,13.2,100.0,OpenAQ verified hourly measurement
LKO,Lucknow,Uttar Pradesh,5659,"Lalbagh, Lucknow - CPCB",12235522,2026-08-15 23:30:00+00:00,18.3,50.0,OpenAQ verified hourly measurement
LKO,Lucknow,Uttar Pradesh,5659,"Lalbagh, Lucknow - CPCB",12235522,2026-08-16 00:30:00+00:00,17.7,100.0,OpenAQ verified hourly measurement
LKO,Lucknow,Uttar Pradesh,5659,"Lalbagh, Lucknow - CPCB",12235522,2026-08-16 01:30:00+00:00,21.0,50.0,OpenAQ verified hourly measurement
LKO,Lucknow,Uttar Pradesh,5659,"Lalbagh, Lucknow - CPCB",12235522,2026-08-16 02:30:00+00:00,17.9,100.0,OpenAQ verified hourly measurement
LKO,Lucknow,Uttar Pradesh,5659,"Lalbagh, Lucknow - CPCB",12235522,2026-08-16 03:30:00+00:00,9.25,50.0,OpenAQ verified hourly measurement
LKO,Lucknow,Uttar Pradesh,5659,"Lalbagh, Lucknow - CPCB",12235522,2026-08-16 04:30:00+00:00,9.15,100.0,OpenAQ verified hourly measurement
LKO,Lucknow,Uttar Pradesh,5659,"Lalbagh, Lucknow - CPCB",12235522,2026-08-16 05:30:00+00:00,13.3,50.0,OpenAQ verified hourly measurement
LKO,Lucknow,Uttar Pradesh,5659,"Lalbagh, Lucknow - CPCB",12235522,2026-08-16 06:30:00+00:00,14.6,75.0,OpenAQ verified hourly measurement
LKO,Lucknow,Uttar Pradesh,5659,"Lalbagh, Lucknow - CPCB",12235522,2026-08-16 07:30:00+00:00,13.4,50.0,OpenAQ verified hourly measurement
LKO,Lucknow,Uttar Pradesh,5659,"Lalbagh, Lucknow - CPCB",12235522,2026-08-16 08:30:00+00:00,16.4,100.0,OpenAQ verified hourly measurement
LKO,Lucknow,Uttar Pradesh,5659,"Lalbagh, Lucknow - CPCB",12235522,2026-08-16 09:30:00+00:00,22.8,100.0,OpenAQ verified hourly measurement
LKO,Lucknow,Uttar Pradesh,5659,"Lalbagh, Lucknow - CPCB",12235522,2026-08-16 10:30:00+00:00,27.2,100.0,OpenAQ verified hourly measurement
LKO,Lucknow,Uttar Pradesh,5659,"Lalbagh, Lucknow - CPCB",12235522,2026-08-16 11:30:00+00:00,27.4,75.0,OpenAQ verified hourly measurement
LKO,Lucknow,Uttar Pradesh,5659,"Lalbagh, Lucknow - CPCB",12235522,2026-08-16 12:30:00+00:00,21.2,100.0,OpenAQ verified hourly measurement
LKO,Lucknow,Uttar Pradesh,5659,"Lalbagh, Lucknow - CPCB",12235522,2026-08-16 13:30:00+00:00,25.3,100.0,OpenAQ verified hourly measurement
LKO,Lucknow,Uttar Pradesh,5659,"Lalbagh, Lucknow - CPCB",12235522,2026-08-16 14:30:00+00:00,22.8,100.0,OpenAQ verified hourly measurement
LKO,Lucknow,Uttar Pradesh,5659,"Lalbagh, Lucknow - CPCB",12235522,2026-08-16 15:30:00+00:00,13.4,100.0,OpenAQ verified hourly measurement
LKO,Lucknow,Uttar Pradesh,5659,"Lalbagh, Lucknow - CPCB",12235522,2026-08-16 16:30:00+00:00,14.1,100.0,OpenAQ verified hourly measurement
LKO,Lucknow,Uttar Pradesh,5659,"Lalbagh, Lucknow - CPCB",12235522,2026-08-16 17:30:00+00:00,17.8,75.0,OpenAQ verified hourly measurement
LKO,Lucknow,Uttar Pradesh,5659,"Lalbagh, Lucknow - CPCB",12235522,2026-08-16 18:30:00+00:00,9.7,50.0,OpenAQ verified hourly measurement
LKO,Lucknow,Uttar Pradesh,5659,"Lalbagh, Lucknow - CPCB",12235522,2026-08-16 19:30:00+00:00,9.1,50.0,OpenAQ verified hourly measurement
LKO,Lucknow,Uttar Pradesh,5659,"Lalbagh, Lucknow - CPCB",12235522,2026-08-16 22:30:00+00:00,21.2,50.0,OpenAQ verified hourly measurement
LKO,Lucknow,Uttar Pradesh,5659,"Lalbagh, Lucknow - CPCB",12235522,2026-08-16 23:30:00+00:00,15.5,75.0,OpenAQ verified hourly measurement
LKO,Lucknow,Uttar Pradesh,5659,"Lalbagh, Lucknow - CPCB",12235522,2026-08-17 00:30:00+00:00,9.68,100.0,OpenAQ verified hourly measurement
LKO,Lucknow,Uttar Pradesh,5659,"Lalbagh, Lucknow - CPCB",12235522,2026-08-17 01:30:00+00:00,13.8,75.0,OpenAQ verified hourly measurement
LKO,Lucknow,Uttar Pradesh,5659,"Lalbagh, Lucknow - CPCB",12235522,2026-08-17 02:30:00+00:00,13.9,100.0,OpenAQ verified hourly measurement
LKO,Lucknow,Uttar Pradesh,5659,"Lalbagh, Lucknow - CPCB",12235522,2026-08-17 03:30:00+00:00,10.1,75.0,OpenAQ verified hourly measurement
LKO,Lucknow,Uttar Pradesh,5659,"Lalbagh, Lucknow - CPCB",12235522,2026-08-17 04:30:00+00:00,16.2,75.0,OpenAQ verified hourly measurement
LKO,Lucknow,Uttar Pradesh,5659,"Lalbagh, Lucknow - CPCB",12235522,2026-08-17 05:30:00+00:00,19.3,75.0,OpenAQ verified hourly measurement
LKO,Lucknow,Uttar Pradesh,5659,"Lalbagh, Lucknow - CPCB",12235522,2026-08-17 06:30:00+00:00,20.4,100.0,OpenAQ verified hourly measurement
LKO,Lucknow,Uttar Pradesh,5659,"Lalbagh, Lucknow - CPCB",12235522,2026-08-17 07:30:00+00:00,19.8,75.0,OpenAQ verified hourly measurement
LKO,Lucknow,Uttar Pradesh,5659,"Lalbagh, Lucknow - CPCB",12235522,2026-08-17 08:30:00+00:00,21.1,100.0,OpenAQ verified hourly measurement
LKO,Lucknow,Uttar Pradesh,5659,"Lalbagh, Lucknow - CPCB",12235522,2026-08-17 11:30:00+00:00,24.9,50.0,OpenAQ verified hourly measurement
LKO,Lucknow,Uttar Pradesh,5659,"Lalbagh, Lucknow - CPCB",12235522,2026-08-17 12:30:00+00:00,19.4,100.0,OpenAQ verified hourly measurement
LKO,Lucknow,Uttar Pradesh,5659,"Lalbagh, Lucknow - CPCB",12235522,2026-08-17 13:30:00+00:00,15.6,50.0,OpenAQ verified hourly measurement
LKO,Lucknow,Uttar Pradesh,5659,"Lalbagh, Lucknow - CPCB",12235522,2026-08-17 14:30:00+00:00,13.8,100.0,OpenAQ verified hourly measurement
LKO,Lucknow,Uttar Pradesh,5659,"Lalbagh, Lucknow - CPCB",12235522,2026-08-17 15:30:00+00:00,15.3,100.0,OpenAQ verified hourly measurement
LKO,Lucknow,Uttar Pradesh,5659,"Lalbagh, Lucknow - CPCB",12235522,2026-08-17 16:30:00+00:00,23.2,100.0,OpenAQ verified hourly measurement
LKO,Lucknow,Uttar Pradesh,5659,"Lalbagh, Lucknow - CPCB",12235522,2026-08-17 17:30:00+00:00,23.1,75.0,OpenAQ verified hourly measurement
LKO,Lucknow,Uttar Pradesh,5659,"Lalbagh, Lucknow - CPCB",12235522,2026-08-17 18:30:00+00:00,21.1,50.0,OpenAQ verified hourly measurement
LKO,Lucknow,Uttar Pradesh,5659,"Lalbagh, Lucknow - CPCB",12235522,2026-08-17 19:30:00+00:00,17.2,75.0,OpenAQ verified hourly measurement
LKO,Lucknow,Uttar Pradesh,5659,"Lalbagh, Lucknow - CPCB",12235522,2026-08-17 20:30:00+00:00,14.2,100.0,OpenAQ verified hourly measurement
LKO,Lucknow,Uttar Pradesh,5659,"Lalbagh, Lucknow - CPCB",12235522,2026-08-17 21:30:00+00:00,15.9,75.0,OpenAQ verified hourly measurement
LKO,Lucknow,Uttar Pradesh,5659,"Lalbagh, Lucknow - CPCB",12235522,2026-08-17 22:30:00+00:00,18.3,100.0,OpenAQ verified hourly measurement
LKO,Lucknow,Uttar Pradesh,5659,"Lalbagh, Lucknow - CPCB",12235522,2026-08-17 23:30:00+00:00,23.2,75.0,OpenAQ verified hourly measurement
LKO,Lucknow,Uttar Pradesh,5659,"Lalbagh, Lucknow - CPCB",12235522,2026-08-18 00:30:00+00:00,26.8,100.0,OpenAQ verified hourly measurement
LKO,Lucknow,Uttar Pradesh,5659,"Lalbagh, Lucknow - CPCB",12235522,2026-08-18 01:30:00+00:00,26.8,75.0,OpenAQ verified hourly measurement
LKO,Lucknow,Uttar Pradesh,5659,"Lalbagh, Lucknow - CPCB",12235522,2026-08-18 02:30:00+00:00,20.0,100.0,OpenAQ verified hourly measurement
LKO,Lucknow,Uttar Pradesh,5659,"Lalbagh, Lucknow - CPCB",12235522,2026-08-18 03:30:00+00:00,14.2,75.0,OpenAQ verified hourly measurement
LKO,Lucknow,Uttar Pradesh,5659,"Lalbagh, Lucknow - CPCB",12235522,2026-08-18 04:30:00+00:00,12.8,100.0,OpenAQ verified hourly measurement
LKO,Lucknow,Uttar Pradesh,5659,"Lalbagh, Lucknow - CPCB",12235522,2026-08-18 05:30:00+00:00,9.15,50.0,OpenAQ verified hourly measurement
LKO,Lucknow,Uttar Pradesh,5659,"Lalbagh, Lucknow - CPCB",12235522,2026-08-18 06:30:00+00:00,15.9,100.0,OpenAQ verified hourly measurement
LKO,Lucknow,Uttar Pradesh,5659,"Lalbagh, Lucknow - CPCB",12235522,2026-08-18 07:30:00+00:00,35.5,25.0,OpenAQ verified hourly measurement
LKO,Lucknow,Uttar Pradesh,5659,"Lalbagh, Lucknow - CPCB",12235522,2026-08-18 08:30:00+00:00,27.1,50.0,OpenAQ verified hourly measurement
LKO,Lucknow,Uttar Pradesh,5659,"Lalbagh, Lucknow - CPCB",12235522,2026-08-18 09:30:00+00:00,22.8,50.0,OpenAQ verified hourly measurement
LKO,Lucknow,Uttar Pradesh,5659,"Lalbagh, Lucknow - CPCB",12235522,2026-08-18 10:30:00+00:00,22.5,50.0,OpenAQ verified hourly measurement
LKO,Lucknow,Uttar Pradesh,5659,"Lalbagh, Lucknow - CPCB",12235522,2026-08-18 11:30:00+00:00,26.4,50.0,OpenAQ verified hourly measurement
LKO,Lucknow,Uttar Pradesh,5659,"Lalbagh, Lucknow - CPCB",12235522,2026-08-18 12:30:00+00:00,25.3,100.0,OpenAQ verified hourly measurement
LKO,Lucknow,Uttar Pradesh,5659,"Lalbagh, Lucknow - CPCB",12235522,2026-08-18 13:30:00+00:00,23.3,50.0,OpenAQ verified hourly measurement
LKO,Lucknow,Uttar Pradesh,5659,"Lalbagh, Lucknow - CPCB",12235522,2026-08-18 14:30:00+00:00,23.9,75.0,OpenAQ verified hourly measurement
LKO,Lucknow,Uttar Pradesh,5659,"Lalbagh, Lucknow - CPCB",12235522,2026-08-18 15:30:00+00:00,30.4,50.0,OpenAQ verified hourly measurement
LKO,Lucknow,Uttar Pradesh,5659,"Lalbagh, Lucknow - CPCB",12235522,2026-08-18 16:30:00+00:00,34.6,75.0,OpenAQ verified hourly measurement
LKO,Lucknow,Uttar Pradesh,5659,"Lalbagh, Lucknow - CPCB",12235522,2026-08-18 17:30:00+00:00,29.0,25.0,OpenAQ verified hourly measurement
LKO,Lucknow,Uttar Pradesh,5659,"Lalbagh, Lucknow - CPCB",12235522,2026-08-18 18:30:00+00:00,20.9,50.0,OpenAQ verified hourly measurement
LKO,Lucknow,Uttar Pradesh,5659,"Lalbagh, Lucknow - CPCB",12235522,2026-08-18 19:30:00+00:00,22.9,100.0,OpenAQ verified hourly measurement
LKO,Lucknow,Uttar Pradesh,5659,"Lalbagh, Lucknow - CPCB",12235522,2026-08-18 20:30:00+00:00,20.1,100.0,OpenAQ verified hourly measurement
LKO,Lucknow,Uttar Pradesh,5659,"Lalbagh, Lucknow - CPCB",12235522,2026-08-18 21:30:00+00:00,13.4,100.0,OpenAQ verified hourly measurement
LKO,Lucknow,Uttar Pradesh,5659,"Lalbagh, Lucknow - CPCB",12235522,2026-08-18 22:30:00+00:00,15.4,100.0,OpenAQ verified hourly measurement
LKO,Lucknow,Uttar Pradesh,5659,"Lalbagh, Lucknow - CPCB",12235522,2026-08-18 23:30:00+00:00,13.3,100.0,OpenAQ verified hourly measurement
LKO,Lucknow,Uttar Pradesh,5659,"Lalbagh, Lucknow - CPCB",12235522,2026-08-19 00:30:00+00:00,17.7,100.0,OpenAQ verified hourly measurement
LKO,Lucknow,Uttar Pradesh,5659,"Lalbagh, Lucknow - CPCB",12235522,2026-08-19 01:30:00+00:00,33.1,100.0,OpenAQ verified hourly measurement
LKO,Lucknow,Uttar Pradesh,5659,"Lalbagh, Lucknow - CPCB",12235522,2026-08-19 02:30:00+00:00,38.0,50.0,OpenAQ verified hourly measurement
LKO,Lucknow,Uttar Pradesh,5659,"Lalbagh, Lucknow - CPCB",12235522,2026-08-19 03:30:00+00:00,32.1,75.0,OpenAQ verified hourly measurement
LKO,Lucknow,Uttar Pradesh,5659,"Lalbagh, Lucknow - CPCB",12235522,2026-08-19 04:30:00+00:00,26.6,100.0,OpenAQ verified hourly measurement
LKO,Lucknow,Uttar Pradesh,5659,"Lalbagh, Lucknow - CPCB",12235522,2026-08-19 05:30:00+00:00,17.4,100.0,OpenAQ verified hourly measurement
LKO,Lucknow,Uttar Pradesh,5659,"Lalbagh, Lucknow - CPCB",12235522,2026-08-19 06:30:00+00:00,18.0,100.0,OpenAQ verified hourly measurement
LKO,Lucknow,Uttar Pradesh,5659,"Lalbagh, Lucknow - CPCB",12235522,2026-08-19 07:30:00+00:00,29.5,75.0,OpenAQ verified hourly measurement
LKO,Lucknow,Uttar Pradesh,5659,"Lalbagh, Lucknow - CPCB",12235522,2026-08-19 08:30:00+00:00,32.6,75.0,OpenAQ verified hourly measurement
LKO,Lucknow,Uttar Pradesh,5659,"Lalbagh, Lucknow - CPCB",12235522,2026-08-19 09:30:00+00:00,32.3,50.0,OpenAQ verified hourly measurement
LKO,Lucknow,Uttar Pradesh,5659,"Lalbagh, Lucknow - CPCB",12235522,2026-08-19 10:30:00+00:00,25.8,100.0,OpenAQ verified hourly measurement
LKO,Lucknow,Uttar Pradesh,5659,"Lalbagh, Lucknow - CPCB",12235522,2026-08-19 11:30:00+00:00,17.0,75.0,OpenAQ verified hourly measurement
LKO,Lucknow,Uttar Pradesh,5659,"Lalbagh, Lucknow - CPCB",12235522,2026-08-19 12:30:00+00:00,18.8,100.0,OpenAQ verified hourly measurement
LKO,Lucknow,Uttar Pradesh,5659,"Lalbagh, Lucknow - CPCB",12235522,2026-08-19 13:30:00+00:00,18.3,100.0,OpenAQ verified hourly measurement
LKO,Lucknow,Uttar Pradesh,5659,"Lalbagh, Lucknow - CPCB",12235522,2026-08-19 14:30:00+00:00,17.4,100.0,OpenAQ verified hourly measurement
LKO,Lucknow,Uttar Pradesh,5659,"Lalbagh, Lucknow - CPCB",12235522,2026-08-19 15:30:00+00:00,23.3,100.0,OpenAQ verified hourly measurement
LKO,Lucknow,Uttar Pradesh,5659,"Lalbagh, Lucknow - CPCB",12235522,2026-08-19 16:30:00+00:00,25.1,100.0,OpenAQ verified hourly measurement
LKO,Lucknow,Uttar Pradesh,5659,"Lalbagh, Lucknow - CPCB",12235522,2026-08-19 17:30:00+00:00,25.1,75.0,OpenAQ verified hourly measurement
LKO,Lucknow,Uttar Pradesh,5659,"Lalbagh, Lucknow - CPCB",12235522,2026-08-19 18:30:00+00:00,30.9,50.0,OpenAQ verified hourly measurement
LKO,Lucknow,Uttar Pradesh,5659,"Lalbagh, Lucknow - CPCB",12235522,2026-08-19 19:30:00+00:00,33.3,100.0,OpenAQ verified hourly measurement
LKO,Lucknow,Uttar Pradesh,5659,"Lalbagh, Lucknow - CPCB",12235522,2026-08-19 20:30:00+00:00,29.0,100.0,OpenAQ verified hourly measurement
LKO,Lucknow,Uttar Pradesh,5659,"Lalbagh, Lucknow - CPCB",12235522,2026-08-19 21:30:00+00:00,22.9,50.0,OpenAQ verified hourly measurement
LKO,Lucknow,Uttar Pradesh,5659,"Lalbagh, Lucknow - CPCB",12235522,2026-08-19 23:30:00+00:00,23.9,50.0,OpenAQ verified hourly measurement
LKO,Lucknow,Uttar Pradesh,5659,"Lalbagh, Lucknow - CPCB",12235522,2026-08-20 00:30:00+00:00,22.1,50.0,OpenAQ verified hourly measurement
LKO,Lucknow,Uttar Pradesh,5659,"Lalbagh, Lucknow - CPCB",12235522,2026-08-20 01:30:00+00:00,30.2,50.0,OpenAQ verified hourly measurement
LKO,Lucknow,Uttar Pradesh,5659,"Lalbagh, Lucknow - CPCB",12235522,2026-08-20 02:30:00+00:00,30.7,50.0,OpenAQ verified hourly measurement
LKO,Lucknow,Uttar Pradesh,5659,"Lalbagh, Lucknow - CPCB",12235522,2026-08-20 03:30:00+00:00,25.5,50.0,OpenAQ verified hourly measurement
LKO,Lucknow,Uttar Pradesh,5659,"Lalbagh, Lucknow - CPCB",12235522,2026-08-20 04:30:00+00:00,26.4,75.0,OpenAQ verified hourly measurement
LKO,Lucknow,Uttar Pradesh,5659,"Lalbagh, Lucknow - CPCB",12235522,2026-08-20 08:30:00+00:00,21.2,25.0,OpenAQ verified hourly measurement
LKO,Lucknow,Uttar Pradesh,5659,"Lalbagh, Lucknow - CPCB",12235522,2026-08-20 09:30:00+00:00,26.0,50.0,OpenAQ verified hourly measurement
LKO,Lucknow,Uttar Pradesh,5659,"Lalbagh, Lucknow - CPCB",12235522,2026-08-20 10:30:00+00:00,24.0,100.0,OpenAQ verified hourly measurement
LKO,Lucknow,Uttar Pradesh,5659,"Lalbagh, Lucknow - CPCB",12235522,2026-08-20 11:30:00+00:00,22.2,50.0,OpenAQ verified hourly measurement
LKO,Lucknow,Uttar Pradesh,5659,"Lalbagh, Lucknow - CPCB",12235522,2026-08-20 12:30:00+00:00,21.5,100.0,OpenAQ verified hourly measurement
LKO,Lucknow,Uttar Pradesh,5659,"Lalbagh, Lucknow - CPCB",12235522,2026-08-20 13:30:00+00:00,19.2,50.0,OpenAQ verified hourly measurement
LKO,Lucknow,Uttar Pradesh,5659,"Lalbagh, Lucknow - CPCB",12235522,2026-08-20 14:30:00+00:00,21.6,100.0,OpenAQ verified hourly measurement
LKO,Lucknow,Uttar Pradesh,5659,"Lalbagh, Lucknow - CPCB",12235522,2026-08-20 15:30:00+00:00,16.0,50.0,OpenAQ verified hourly measurement
LKO,Lucknow,Uttar Pradesh,5659,"Lalbagh, Lucknow - CPCB",12235522,2026-08-20 16:30:00+00:00,15.6,75.0,OpenAQ verified hourly measurement
LKO,Lucknow,Uttar Pradesh,5659,"Lalbagh, Lucknow - CPCB",12235522,2026-08-20 17:30:00+00:00,25.1,25.0,OpenAQ verified hourly measurement
LKO,Lucknow,Uttar Pradesh,5659,"Lalbagh, Lucknow - CPCB",12235522,2026-08-20 18:30:00+00:00,30.3,25.0,OpenAQ verified hourly measurement
LKO,Lucknow,Uttar Pradesh,5659,"Lalbagh, Lucknow - CPCB",12235522,2026-08-20 19:30:00+00:00,20.3,50.0,OpenAQ verified hourly measurement
LKO,Lucknow,Uttar Pradesh,5659,"Lalbagh, Lucknow - CPCB",12235522,2026-08-20 20:30:00+00:00,18.2,100.0,OpenAQ verified hourly measurement
LKO,Lucknow,Uttar Pradesh,5659,"Lalbagh, Lucknow - CPCB",12235522,2026-08-20 21:30:00+00:00,19.2,100.0,OpenAQ verified hourly measurement
LKO,Lucknow,Uttar Pradesh,5659,"Lalbagh, Lucknow - CPCB",12235522,2026-08-20 22:30:00+00:00,20.0,100.0,OpenAQ verified hourly measurement
LKO,Lucknow,Uttar Pradesh,5659,"Lalbagh, Lucknow - CPCB",12235522,2026-08-20 23:30:00+00:00,17.3,100.0,OpenAQ verified hourly measurement
LKO,Lucknow,Uttar Pradesh,5659,"Lalbagh, Lucknow - CPCB",12235522,2026-08-21 00:30:00+00:00,17.6,100.0,OpenAQ verified hourly measurement
LKO,Lucknow,Uttar Pradesh,5659,"Lalbagh, Lucknow - CPCB",12235522,2026-08-21 01:30:00+00:00,15.1,100.0,OpenAQ verified hourly measurement
LKO,Lucknow,Uttar Pradesh,5659,"Lalbagh, Lucknow - CPCB",12235522,2026-08-21 02:30:00+00:00,10.8,100.0,OpenAQ verified hourly measurement
LKO,Lucknow,Uttar Pradesh,5659,"Lalbagh, Lucknow - CPCB",12235522,2026-08-21 03:30:00+00:00,10.3,100.0,OpenAQ verified hourly measurement
LKO,Lucknow,Uttar Pradesh,5659,"Lalbagh, Lucknow - CPCB",12235522,2026-08-21 04:30:00+00:00,15.0,100.0,OpenAQ verified hourly measurement
LKO,Lucknow,Uttar Pradesh,5659,"Lalbagh, Lucknow - CPCB",12235522,2026-08-21 05:30:00+00:00,15.3,100.0,OpenAQ verified hourly measurement
LKO,Lucknow,Uttar Pradesh,5659,"Lalbagh, Lucknow - CPCB",12235522,2026-08-21 06:30:00+00:00,15.5,100.0,OpenAQ verified hourly measurement
LKO,Lucknow,Uttar Pradesh,5659,"Lalbagh, Lucknow - CPCB",12235522,2026-08-21 07:30:00+00:00,23.4,100.0,OpenAQ verified hourly measurement
LKO,Lucknow,Uttar Pradesh,5659,"Lalbagh, Lucknow - CPCB",12235522,2026-08-21 08:30:00+00:00,21.0,100.0,OpenAQ verified hourly measurement
LKO,Lucknow,Uttar Pradesh,5659,"Lalbagh, Lucknow - CPCB",12235522,2026-08-21 09:30:00+00:00,16.4,75.0,OpenAQ verified hourly measurement
LKO,Lucknow,Uttar Pradesh,5659,"Lalbagh, Lucknow - CPCB",12235522,2026-08-21 10:30:00+00:00,20.0,100.0,OpenAQ verified hourly measurement
LKO,Lucknow,Uttar Pradesh,5659,"Lalbagh, Lucknow - CPCB",12235522,2026-08-21 11:30:00+00:00,22.4,75.0,OpenAQ verified hourly measurement
LKO,Lucknow,Uttar Pradesh,5659,"Lalbagh, Lucknow - CPCB",12235522,2026-08-21 12:30:00+00:00,16.8,100.0,OpenAQ verified hourly measurement
LKO,Lucknow,Uttar Pradesh,5659,"Lalbagh, Lucknow - CPCB",12235522,2026-08-21 13:30:00+00:00,15.3,75.0,OpenAQ verified hourly measurement
LKO,Lucknow,Uttar Pradesh,5659,"Lalbagh, Lucknow - CPCB",12235522,2026-08-21 14:30:00+00:00,19.0,100.0,OpenAQ verified hourly measurement
LKO,Lucknow,Uttar Pradesh,5659,"Lalbagh, Lucknow - CPCB",12235522,2026-08-21 15:30:00+00:00,16.3,75.0,OpenAQ verified hourly measurement
LKO,Lucknow,Uttar Pradesh,5659,"Lalbagh, Lucknow - CPCB",12235522,2026-08-21 16:30:00+00:00,14.8,100.0,OpenAQ verified hourly measurement
LKO,Lucknow,Uttar Pradesh,5659,"Lalbagh, Lucknow - CPCB",12235522,2026-08-21 17:30:00+00:00,17.8,50.0,OpenAQ verified hourly measurement
LKO,Lucknow,Uttar Pradesh,5659,"Lalbagh, Lucknow - CPCB",12235522,2026-08-21 18:30:00+00:00,28.0,50.0,OpenAQ verified hourly measurement
LKO,Lucknow,Uttar Pradesh,5659,"Lalbagh, Lucknow - CPCB",12235522,2026-08-21 19:30:00+00:00,15.8,50.0,OpenAQ verified hourly measurement
LKO,Lucknow,Uttar Pradesh,5659,"Lalbagh, Lucknow - CPCB",12235522,2026-08-21 20:30:00+00:00,18.9,100.0,OpenAQ verified hourly measurement
LKO,Lucknow,Uttar Pradesh,5659,"Lalbagh, Lucknow - CPCB",12235522,2026-08-21 21:30:00+00:00,14.0,50.0,OpenAQ verified hourly measurement
LKO,Lucknow,Uttar Pradesh,5659,"Lalbagh, Lucknow - CPCB",12235522,2026-08-21 22:30:00+00:00,18.2,100.0,OpenAQ verified hourly measurement
LKO,Lucknow,Uttar Pradesh,5659,"Lalbagh, Lucknow - CPCB",12235522,2026-08-21 23:30:00+00:00,24.5,50.0,OpenAQ verified hourly measurement
LKO,Lucknow,Uttar Pradesh,5659,"Lalbagh, Lucknow - CPCB",12235522,2026-08-22 00:30:00+00:00,19.2,100.0,OpenAQ verified hourly measurement
LKO,Lucknow,Uttar Pradesh,5659,"Lalbagh, Lucknow - CPCB",12235522,2026-08-22 01:30:00+00:00,8.15,50.0,OpenAQ verified hourly measurement
LKO,Lucknow,Uttar Pradesh,5659,"Lalbagh, Lucknow - CPCB",12235522,2026-08-22 02:30:00+00:00,6.88,100.0,OpenAQ verified hourly measurement
LKO,Lucknow,Uttar Pradesh,5659,"Lalbagh, Lucknow - CPCB",12235522,2026-08-22 03:30:00+00:00,17.8,50.0,OpenAQ verified hourly measurement
LKO,Lucknow,Uttar Pradesh,5659,"Lalbagh, Lucknow - CPCB",12235522,2026-08-22 04:30:00+00:00,18.4,50.0,OpenAQ verified hourly measurement
LKO,Lucknow,Uttar Pradesh,5659,"Lalbagh, Lucknow - CPCB",12235522,2026-08-22 05:30:00+00:00,9.55,50.0,OpenAQ verified hourly measurement
LKO,Lucknow,Uttar Pradesh,5659,"Lalbagh, Lucknow - CPCB",12235522,2026-08-22 06:30:00+00:00,8.63,100.0,OpenAQ verified hourly measurement
LKO,Lucknow,Uttar Pradesh,5659,"Lalbagh, Lucknow - CPCB",12235522,2026-08-22 07:30:00+00:00,7.6,100.0,OpenAQ verified hourly measurement
LKO,Lucknow,Uttar Pradesh,5659,"Lalbagh, Lucknow - CPCB",12235522,2026-08-22 08:30:00+00:00,8.08,100.0,OpenAQ verified hourly measurement
LKO,Lucknow,Uttar Pradesh,5659,"Lalbagh, Lucknow - CPCB",12235522,2026-08-22 09:30:00+00:00,8.83,100.0,OpenAQ verified hourly measurement
LKO,Lucknow,Uttar Pradesh,5659,"Lalbagh, Lucknow - CPCB",12235522,2026-08-22 10:30:00+00:00,9.7,100.0,OpenAQ verified hourly measurement
LKO,Lucknow,Uttar Pradesh,5659,"Lalbagh, Lucknow - CPCB",12235522,2026-08-22 11:30:00+00:00,9.53,75.0,OpenAQ verified hourly measurement
LKO,Lucknow,Uttar Pradesh,5659,"Lalbagh, Lucknow - CPCB",12235522,2026-08-22 12:30:00+00:00,4.73,100.0,OpenAQ verified hourly measurement
LKO,Lucknow,Uttar Pradesh,5659,"Lalbagh, Lucknow - CPCB",12235522,2026-08-22 13:30:00+00:00,3.0,100.0,OpenAQ verified hourly measurement
LKO,Lucknow,Uttar Pradesh,5659,"Lalbagh, Lucknow - CPCB",12235522,2026-08-22 14:30:00+00:00,5.13,100.0,OpenAQ verified hourly measurement
LKO,Lucknow,Uttar Pradesh,5659,"Lalbagh, Lucknow - CPCB",12235522,2026-08-22 15:30:00+00:00,12.8,100.0,OpenAQ verified hourly measurement
LKO,Lucknow,Uttar Pradesh,5659,"Lalbagh, Lucknow - CPCB",12235522,2026-08-22 16:30:00+00:00,23.5,100.0,OpenAQ verified hourly measurement
LKO,Lucknow,Uttar Pradesh,5659,"Lalbagh, Lucknow - CPCB",12235522,2026-08-22 17:30:00+00:00,28.5,75.0,OpenAQ verified hourly measurement
LKO,Lucknow,Uttar Pradesh,5659,"Lalbagh, Lucknow - CPCB",12235522,2026-08-22 18:30:00+00:00,24.7,50.0,OpenAQ verified hourly measurement
LKO,Lucknow,Uttar Pradesh,5659,"Lalbagh, Lucknow - CPCB",12235522,2026-08-22 19:30:00+00:00,24.7,50.0,OpenAQ verified hourly measurement
LKO,Lucknow,Uttar Pradesh,5659,"Lalbagh, Lucknow - CPCB",12235522,2026-08-22 21:30:00+00:00,34.3,50.0,OpenAQ verified hourly measurement
LKO,Lucknow,Uttar Pradesh,5659,"Lalbagh, Lucknow - CPCB",12235522,2026-08-22 22:30:00+00:00,26.1,100.0,OpenAQ verified hourly measurement
LKO,Lucknow,Uttar Pradesh,5659,"Lalbagh, Lucknow - CPCB",12235522,2026-08-22 23:30:00+00:00,15.9,100.0,OpenAQ verified hourly measurement
LKO,Lucknow,Uttar Pradesh,5659,"Lalbagh, Lucknow - CPCB",12235522,2026-08-23 00:30:00+00:00,22.4,100.0,OpenAQ verified hourly measurement
LKO,Lucknow,Uttar Pradesh,5659,"Lalbagh, Lucknow - CPCB",12235522,2026-08-23 01:30:00+00:00,24.8,75.0,OpenAQ verified hourly measurement
LKO,Lucknow,Uttar Pradesh,5659,"Lalbagh, Lucknow - CPCB",12235522,2026-08-23 02:30:00+00:00,17.1,100.0,OpenAQ verified hourly measurement
LKO,Lucknow,Uttar Pradesh,5659,"Lalbagh, Lucknow - CPCB",12235522,2026-08-23 03:30:00+00:00,15.7,75.0,OpenAQ verified hourly measurement
LKO,Lucknow,Uttar Pradesh,5659,"Lalbagh, Lucknow - CPCB",12235522,2026-08-23 04:30:00+00:00,15.3,100.0,OpenAQ verified hourly measurement
LKO,Lucknow,Uttar Pradesh,5659,"Lalbagh, Lucknow - CPCB",12235522,2026-08-23 05:30:00+00:00,20.5,75.0,OpenAQ verified hourly measurement
LKO,Lucknow,Uttar Pradesh,5659,"Lalbagh, Lucknow - CPCB",12235522,2026-08-23 06:30:00+00:00,30.3,100.0,OpenAQ verified hourly measurement
LKO,Lucknow,Uttar Pradesh,5659,"Lalbagh, Lucknow - CPCB",12235522,2026-08-23 07:30:00+00:00,36.2,25.0,OpenAQ verified hourly measurement
LKO,Lucknow,Uttar Pradesh,5659,"Lalbagh, Lucknow - CPCB",12235522,2026-08-23 08:30:00+00:00,21.9,50.0,OpenAQ verified hourly measurement
LKO,Lucknow,Uttar Pradesh,5659,"Lalbagh, Lucknow - CPCB",12235522,2026-08-23 09:30:00+00:00,12.3,50.0,OpenAQ verified hourly measurement
LKO,Lucknow,Uttar Pradesh,5659,"Lalbagh, Lucknow - CPCB",12235522,2026-08-23 10:30:00+00:00,17.1,100.0,OpenAQ verified hourly measurement
LKO,Lucknow,Uttar Pradesh,5659,"Lalbagh, Lucknow - CPCB",12235522,2026-08-23 11:30:00+00:00,25.6,50.0,OpenAQ verified hourly measurement
LKO,Lucknow,Uttar Pradesh,5659,"Lalbagh, Lucknow - CPCB",12235522,2026-08-23 12:30:00+00:00,25.9,100.0,OpenAQ verified hourly measurement
LKO,Lucknow,Uttar Pradesh,5659,"Lalbagh, Lucknow - CPCB",12235522,2026-08-23 16:30:00+00:00,21.7,50.0,OpenAQ verified hourly measurement
LKO,Lucknow,Uttar Pradesh,5659,"Lalbagh, Lucknow - CPCB",12235522,2026-08-23 17:30:00+00:00,13.8,25.0,OpenAQ verified hourly measurement
LKO,Lucknow,Uttar Pradesh,5659,"Lalbagh, Lucknow - CPCB",12235522,2026-08-23 18:30:00+00:00,23.8,25.0,OpenAQ verified hourly measurement
LKO,Lucknow,Uttar Pradesh,5659,"Lalbagh, Lucknow - CPCB",12235522,2026-08-23 21:30:00+00:00,21.4,25.0,OpenAQ verified hourly measurement
LKO,Lucknow,Uttar Pradesh,5659,"Lalbagh, Lucknow - CPCB",12235522,2026-08-23 22:30:00+00:00,21.4,50.0,OpenAQ verified hourly measurement
LKO,Lucknow,Uttar Pradesh,5659,"Lalbagh, Lucknow - CPCB",12235522,2026-08-24 02:30:00+00:00,18.9,50.0,OpenAQ verified hourly measurement
LKO,Lucknow,Uttar Pradesh,5659,"Lalbagh, Lucknow - CPCB",12235522,2026-08-24 03:30:00+00:00,18.5,50.0,OpenAQ verified hourly measurement
LKO,Lucknow,Uttar Pradesh,5659,"Lalbagh, Lucknow - CPCB",12235522,2026-08-24 04:30:00+00:00,32.6,50.0,OpenAQ verified hourly measurement
LKO,Lucknow,Uttar Pradesh,5659,"Lalbagh, Lucknow - CPCB",12235522,2026-08-24 05:30:00+00:00,34.5,100.0,OpenAQ verified hourly measurement
LKO,Lucknow,Uttar Pradesh,5659,"Lalbagh, Lucknow - CPCB",12235522,2026-08-24 06:30:00+00:00,32.5,100.0,OpenAQ verified hourly measurement
LKO,Lucknow,Uttar Pradesh,5659,"Lalbagh, Lucknow - CPCB",12235522,2026-08-24 07:30:00+00:00,26.8,100.0,OpenAQ verified hourly measurement
LKO,Lucknow,Uttar Pradesh,5659,"Lalbagh, Lucknow - CPCB",12235522,2026-08-24 08:30:00+00:00,20.7,100.0,OpenAQ verified hourly measurement
LKO,Lucknow,Uttar Pradesh,5659,"Lalbagh, Lucknow - CPCB",12235522,2026-08-24 09:30:00+00:00,17.3,100.0,OpenAQ verified hourly measurement
LKO,Lucknow,Uttar Pradesh,5659,"Lalbagh, Lucknow - CPCB",12235522,2026-08-24 10:30:00+00:00,24.6,100.0,OpenAQ verified hourly measurement
LKO,Lucknow,Uttar Pradesh,5659,"Lalbagh, Lucknow - CPCB",12235522,2026-08-24 11:30:00+00:00,35.3,75.0,OpenAQ verified hourly measurement
LKO,Lucknow,Uttar Pradesh,5659,"Lalbagh, Lucknow - CPCB",12235522,2026-08-24 12:30:00+00:00,40.6,100.0,OpenAQ verified hourly measurement
LKO,Lucknow,Uttar Pradesh,5659,"Lalbagh, Lucknow - CPCB",12235522,2026-08-24 13:30:00+00:00,45.7,75.0,OpenAQ verified hourly measurement
LKO,Lucknow,Uttar Pradesh,5659,"Lalbagh, Lucknow - CPCB",12235522,2026-08-24 14:30:00+00:00,39.2,100.0,OpenAQ verified hourly measurement
LKO,Lucknow,Uttar Pradesh,5659,"Lalbagh, Lucknow - CPCB",12235522,2026-08-24 15:30:00+00:00,28.9,75.0,OpenAQ verified hourly measurement
LKO,Lucknow,Uttar Pradesh,5659,"Lalbagh, Lucknow - CPCB",12235522,2026-08-24 16:30:00+00:00,26.8,100.0,OpenAQ verified hourly measurement
LKO,Lucknow,Uttar Pradesh,5659,"Lalbagh, Lucknow - CPCB",12235522,2026-08-24 17:30:00+00:00,21.7,50.0,OpenAQ verified hourly measurement
LKO,Lucknow,Uttar Pradesh,5659,"Lalbagh, Lucknow - CPCB",12235522,2026-08-24 18:30:00+00:00,19.2,50.0,OpenAQ verified hourly measurement
LKO,Lucknow,Uttar Pradesh,5659,"Lalbagh, Lucknow - CPCB",12235522,2026-08-24 19:30:00+00:00,27.4,75.0,OpenAQ verified hourly measurement
LKO,Lucknow,Uttar Pradesh,5659,"Lalbagh, Lucknow - CPCB",12235522,2026-08-24 20:30:00+00:00,33.7,100.0,OpenAQ verified hourly measurement
LKO,Lucknow,Uttar Pradesh,5659,"Lalbagh, Lucknow - CPCB",12235522,2026-08-24 22:30:00+00:00,18.7,50.0,OpenAQ verified hourly measurement
LKO,Lucknow,Uttar Pradesh,5659,"Lalbagh, Lucknow - CPCB",12235522,2026-08-24 23:30:00+00:00,36.7,50.0,OpenAQ verified hourly measurement
LKO,Lucknow,Uttar Pradesh,5659,"Lalbagh, Lucknow - CPCB",12235522,2026-08-25 00:30:00+00:00,37.1,50.0,OpenAQ verified hourly measurement
LKO,Lucknow,Uttar Pradesh,5659,"Lalbagh, Lucknow - CPCB",12235522,2026-08-25 01:30:00+00:00,25.0,50.0,OpenAQ verified hourly measurement
LKO,Lucknow,Uttar Pradesh,5659,"Lalbagh, Lucknow - CPCB",12235522,2026-08-25 02:30:00+00:00,21.8,100.0,OpenAQ verified hourly measurement
MUM,Mumbai,Maharashtra,8039,Mumbai,23320,2026-08-17 20:30:00+00:00,15.0,100.0,OpenAQ verified hourly measurement
MUM,Mumbai,Maharashtra,8039,Mumbai,23320,2026-08-19 04:30:00+00:00,13.0,100.0,OpenAQ verified hourly measurement
MUM,Mumbai,Maharashtra,8039,Mumbai,23320,2026-08-19 05:30:00+00:00,17.0,100.0,OpenAQ verified hourly measurement
MUM,Mumbai,Maharashtra,8039,Mumbai,23320,2026-08-19 06:30:00+00:00,18.0,100.0,OpenAQ verified hourly measurement
MUM,Mumbai,Maharashtra,8039,Mumbai,23320,2026-08-19 07:30:00+00:00,18.0,100.0,OpenAQ verified hourly measurement
MUM,Mumbai,Maharashtra,8039,Mumbai,23320,2026-08-19 08:30:00+00:00,16.0,100.0,OpenAQ verified hourly measurement
MUM,Mumbai,Maharashtra,8039,Mumbai,23320,2026-08-19 09:30:00+00:00,12.0,100.0,OpenAQ verified hourly measurement
MUM,Mumbai,Maharashtra,8039,Mumbai,23320,2026-08-19 10:30:00+00:00,10.0,100.0,OpenAQ verified hourly measurement
MUM,Mumbai,Maharashtra,8039,Mumbai,23320,2026-08-19 11:30:00+00:00,17.0,100.0,OpenAQ verified hourly measurement
MUM,Mumbai,Maharashtra,8039,Mumbai,23320,2026-08-19 12:30:00+00:00,14.0,100.0,OpenAQ verified hourly measurement
MUM,Mumbai,Maharashtra,8039,Mumbai,23320,2026-08-19 13:30:00+00:00,19.0,100.0,OpenAQ verified hourly measurement
MUM,Mumbai,Maharashtra,8039,Mumbai,23320,2026-08-19 14:30:00+00:00,14.0,100.0,OpenAQ verified hourly measurement
MUM,Mumbai,Maharashtra,8039,Mumbai,23320,2026-08-19 15:30:00+00:00,16.0,100.0,OpenAQ verified hourly measurement
MUM,Mumbai,Maharashtra,8039,Mumbai,23320,2026-08-19 16:30:00+00:00,18.0,100.0,OpenAQ verified hourly measurement
MUM,Mumbai,Maharashtra,8039,Mumbai,23320,2026-08-19 17:30:00+00:00,14.0,100.0,OpenAQ verified hourly measurement
MUM,Mumbai,Maharashtra,8039,Mumbai,23320,2026-08-19 18:30:00+00:00,9.0,100.0,OpenAQ verified hourly measurement
MUM,Mumbai,Maharashtra,8039,Mumbai,23320,2026-08-19 19:30:00+00:00,9.0,100.0,OpenAQ verified hourly measurement
MUM,Mumbai,Maharashtra,8039,Mumbai,23320,2026-08-20 06:30:00+00:00,13.0,100.0,OpenAQ verified hourly measurement
MUM,Mumbai,Maharashtra,8039,Mumbai,23320,2026-08-20 07:30:00+00:00,11.0,100.0,OpenAQ verified hourly measurement
MUM,Mumbai,Maharashtra,8039,Mumbai,23320,2026-08-20 08:30:00+00:00,12.0,100.0,OpenAQ verified hourly measurement
MUM,Mumbai,Maharashtra,8039,Mumbai,23320,2026-08-20 09:30:00+00:00,14.0,100.0,OpenAQ verified hourly measurement
MUM,Mumbai,Maharashtra,8039,Mumbai,23320,2026-08-20 10:30:00+00:00,14.0,100.0,OpenAQ verified hourly measurement
MUM,Mumbai,Maharashtra,8039,Mumbai,23320,2026-08-20 11:30:00+00:00,14.0,100.0,OpenAQ verified hourly measurement
MUM,Mumbai,Maharashtra,8039,Mumbai,23320,2026-08-20 12:30:00+00:00,14.0,100.0,OpenAQ verified hourly measurement
MUM,Mumbai,Maharashtra,8039,Mumbai,23320,2026-08-20 13:30:00+00:00,16.0,100.0,OpenAQ verified hourly measurement
MUM,Mumbai,Maharashtra,8039,Mumbai,23320,2026-08-20 14:30:00+00:00,16.0,100.0,OpenAQ verified hourly measurement
MUM,Mumbai,Maharashtra,8039,Mumbai,23320,2026-08-20 15:30:00+00:00,15.0,100.0,OpenAQ verified hourly measurement
MUM,Mumbai,Maharashtra,8039,Mumbai,23320,2026-08-20 16:30:00+00:00,14.0,100.0,OpenAQ verified hourly measurement
MUM,Mumbai,Maharashtra,8039,Mumbai,23320,2026-08-20 17:30:00+00:00,12.0,100.0,OpenAQ verified hourly measurement
MUM,Mumbai,Maharashtra,8039,Mumbai,23320,2026-08-20 18:30:00+00:00,13.0,100.0,OpenAQ verified hourly measurement
MUM,Mumbai,Maharashtra,8039,Mumbai,23320,2026-08-20 19:30:00+00:00,12.0,100.0,OpenAQ verified hourly measurement
MUM,Mumbai,Maharashtra,8039,Mumbai,23320,2026-08-20 20:30:00+00:00,12.0,100.0,OpenAQ verified hourly measurement
MUM,Mumbai,Maharashtra,8039,Mumbai,23320,2026-08-20 21:30:00+00:00,9.0,100.0,OpenAQ verified hourly measurement
MUM,Mumbai,Maharashtra,8039,Mumbai,23320,2026-08-20 22:30:00+00:00,11.0,100.0,OpenAQ verified hourly measurement
MUM,Mumbai,Maharashtra,8039,Mumbai,23320,2026-08-20 23:30:00+00:00,8.0,100.0,OpenAQ verified hourly measurement
MUM,Mumbai,Maharashtra,8039,Mumbai,23320,2026-08-21 00:30:00+00:00,11.0,100.0,OpenAQ verified hourly measurement
MUM,Mumbai,Maharashtra,8039,Mumbai,23320,2026-08-21 01:30:00+00:00,12.0,100.0,OpenAQ verified hourly measurement
MUM,Mumbai,Maharashtra,8039,Mumbai,23320,2026-08-21 02:30:00+00:00,17.0,100.0,OpenAQ verified hourly measurement
MUM,Mumbai,Maharashtra,8039,Mumbai,23320,2026-08-21 03:30:00+00:00,15.0,100.0,OpenAQ verified hourly measurement
MUM,Mumbai,Maharashtra,8039,Mumbai,23320,2026-08-21 04:30:00+00:00,12.0,100.0,OpenAQ verified hourly measurement
MUM,Mumbai,Maharashtra,8039,Mumbai,23320,2026-08-21 05:30:00+00:00,10.0,100.0,OpenAQ verified hourly measurement
MUM,Mumbai,Maharashtra,8039,Mumbai,23320,2026-08-21 06:30:00+00:00,12.0,100.0,OpenAQ verified hourly measurement
MUM,Mumbai,Maharashtra,8039,Mumbai,23320,2026-08-21 07:30:00+00:00,10.0,100.0,OpenAQ verified hourly measurement
MUM,Mumbai,Maharashtra,8039,Mumbai,23320,2026-08-21 08:30:00+00:00,11.0,100.0,OpenAQ verified hourly measurement
MUM,Mumbai,Maharashtra,8039,Mumbai,23320,2026-08-21 09:30:00+00:00,17.0,100.0,OpenAQ verified hourly measurement
MUM,Mumbai,Maharashtra,8039,Mumbai,23320,2026-08-21 10:30:00+00:00,14.0,100.0,OpenAQ verified hourly measurement
MUM,Mumbai,Maharashtra,8039,Mumbai,23320,2026-08-21 11:30:00+00:00,17.0,100.0,OpenAQ verified hourly measurement
MUM,Mumbai,Maharashtra,8039,Mumbai,23320,2026-08-21 12:30:00+00:00,14.0,100.0,OpenAQ verified hourly measurement
MUM,Mumbai,Maharashtra,8039,Mumbai,23320,2026-08-21 13:30:00+00:00,13.0,100.0,OpenAQ verified hourly measurement
MUM,Mumbai,Maharashtra,8039,Mumbai,23320,2026-08-21 14:30:00+00:00,16.0,100.0,OpenAQ verified hourly measurement
MUM,Mumbai,Maharashtra,8039,Mumbai,23320,2026-08-21 15:30:00+00:00,11.0,100.0,OpenAQ verified hourly measurement
MUM,Mumbai,Maharashtra,8039,Mumbai,23320,2026-08-21 16:30:00+00:00,17.0,100.0,OpenAQ verified hourly measurement
MUM,Mumbai,Maharashtra,8039,Mumbai,23320,2026-08-21 17:30:00+00:00,12.0,100.0,OpenAQ verified hourly measurement
MUM,Mumbai,Maharashtra,8039,Mumbai,23320,2026-08-21 18:30:00+00:00,9.0,100.0,OpenAQ verified hourly measurement
MUM,Mumbai,Maharashtra,8039,Mumbai,23320,2026-08-21 19:30:00+00:00,14.0,100.0,OpenAQ verified hourly measurement
MUM,Mumbai,Maharashtra,8039,Mumbai,23320,2026-08-21 20:30:00+00:00,10.0,100.0,OpenAQ verified hourly measurement
MUM,Mumbai,Maharashtra,8039,Mumbai,23320,2026-08-21 21:30:00+00:00,11.0,100.0,OpenAQ verified hourly measurement
MUM,Mumbai,Maharashtra,8039,Mumbai,23320,2026-08-21 22:30:00+00:00,9.0,100.0,OpenAQ verified hourly measurement
MUM,Mumbai,Maharashtra,8039,Mumbai,23320,2026-08-21 23:30:00+00:00,9.0,100.0,OpenAQ verified hourly measurement
MUM,Mumbai,Maharashtra,8039,Mumbai,23320,2026-08-22 00:30:00+00:00,11.0,100.0,OpenAQ verified hourly measurement
MUM,Mumbai,Maharashtra,8039,Mumbai,23320,2026-08-22 01:30:00+00:00,14.0,100.0,OpenAQ verified hourly measurement
MUM,Mumbai,Maharashtra,8039,Mumbai,23320,2026-08-22 02:30:00+00:00,13.0,100.0,OpenAQ verified hourly measurement
MUM,Mumbai,Maharashtra,8039,Mumbai,23320,2026-08-22 03:30:00+00:00,15.0,100.0,OpenAQ verified hourly measurement
MUM,Mumbai,Maharashtra,8039,Mumbai,23320,2026-08-22 04:30:00+00:00,17.0,100.0,OpenAQ verified hourly measurement
MUM,Mumbai,Maharashtra,8039,Mumbai,23320,2026-08-22 05:30:00+00:00,17.0,100.0,OpenAQ verified hourly measurement
MUM,Mumbai,Maharashtra,8039,Mumbai,23320,2026-08-22 06:30:00+00:00,14.0,100.0,OpenAQ verified hourly measurement
MUM,Mumbai,Maharashtra,8039,Mumbai,23320,2026-08-22 07:30:00+00:00,13.0,100.0,OpenAQ verified hourly measurement
MUM,Mumbai,Maharashtra,8039,Mumbai,23320,2026-08-22 08:30:00+00:00,15.0,100.0,OpenAQ verified hourly measurement
MUM,Mumbai,Maharashtra,8039,Mumbai,23320,2026-08-22 09:30:00+00:00,12.0,100.0,OpenAQ verified hourly measurement
MUM,Mumbai,Maharashtra,8039,Mumbai,23320,2026-08-22 10:30:00+00:00,16.0,100.0,OpenAQ verified hourly measurement
MUM,Mumbai,Maharashtra,8039,Mumbai,23320,2026-08-22 11:30:00+00:00,16.0,100.0,OpenAQ verified hourly measurement
MUM,Mumbai,Maharashtra,8039,Mumbai,23320,2026-08-22 12:30:00+00:00,16.0,100.0,OpenAQ verified hourly measurement
MUM,Mumbai,Maharashtra,8039,Mumbai,23320,2026-08-22 13:30:00+00:00,18.0,100.0,OpenAQ verified hourly measurement
MUM,Mumbai,Maharashtra,8039,Mumbai,23320,2026-08-22 14:30:00+00:00,20.0,100.0,OpenAQ verified hourly measurement
MUM,Mumbai,Maharashtra,8039,Mumbai,23320,2026-08-22 15:30:00+00:00,12.0,100.0,OpenAQ verified hourly measurement
MUM,Mumbai,Maharashtra,8039,Mumbai,23320,2026-08-22 16:30:00+00:00,15.0,100.0,OpenAQ verified hourly measurement
MUM,Mumbai,Maharashtra,8039,Mumbai,23320,2026-08-22 17:30:00+00:00,20.0,100.0,OpenAQ verified hourly measurement
MUM,Mumbai,Maharashtra,8039,Mumbai,23320,2026-08-22 18:30:00+00:00,19.0,100.0,OpenAQ verified hourly measurement
MUM,Mumbai,Maharashtra,8039,Mumbai,23320,2026-08-22 19:30:00+00:00,13.0,100.0,OpenAQ verified hourly measurement
MUM,Mumbai,Maharashtra,8039,Mumbai,23320,2026-08-22 20:30:00+00:00,13.0,100.0,OpenAQ verified hourly measurement
MUM,Mumbai,Maharashtra,8039,Mumbai,23320,2026-08-22 21:30:00+00:00,15.0,100.0,OpenAQ verified hourly measurement
MUM,Mumbai,Maharashtra,8039,Mumbai,23320,2026-08-22 22:30:00+00:00,15.0,100.0,OpenAQ verified hourly measurement
MUM,Mumbai,Maharashtra,8039,Mumbai,23320,2026-08-22 23:30:00+00:00,10.0,100.0,OpenAQ verified hourly measurement
MUM,Mumbai,Maharashtra,8039,Mumbai,23320,2026-08-23 00:30:00+00:00,11.0,100.0,OpenAQ verified hourly measurement
MUM,Mumbai,Maharashtra,8039,Mumbai,23320,2026-08-23 01:30:00+00:00,15.0,100.0,OpenAQ verified hourly measurement
MUM,Mumbai,Maharashtra,8039,Mumbai,23320,2026-08-23 02:30:00+00:00,18.0,100.0,OpenAQ verified hourly measurement
MUM,Mumbai,Maharashtra,8039,Mumbai,23320,2026-08-23 03:30:00+00:00,17.0,100.0,OpenAQ verified hourly measurement
MUM,Mumbai,Maharashtra,8039,Mumbai,23320,2026-08-23 04:30:00+00:00,16.0,100.0,OpenAQ verified hourly measurement
MUM,Mumbai,Maharashtra,8039,Mumbai,23320,2026-08-23 05:30:00+00:00,16.0,100.0,OpenAQ verified hourly measurement
MUM,Mumbai,Maharashtra,8039,Mumbai,23320,2026-08-23 06:30:00+00:00,22.0,100.0,OpenAQ verified hourly measurement
MUM,Mumbai,Maharashtra,8039,Mumbai,23320,2026-08-23 07:30:00+00:00,16.0,100.0,OpenAQ verified hourly measurement
MUM,Mumbai,Maharashtra,8039,Mumbai,23320,2026-08-23 08:30:00+00:00,16.0,100.0,OpenAQ verified hourly measurement
MUM,Mumbai,Maharashtra,8039,Mumbai,23320,2026-08-23 09:30:00+00:00,22.0,100.0,OpenAQ verified hourly measurement
MUM,Mumbai,Maharashtra,8039,Mumbai,23320,2026-08-23 10:30:00+00:00,14.0,100.0,OpenAQ verified hourly measurement
MUM,Mumbai,Maharashtra,8039,Mumbai,23320,2026-08-23 11:30:00+00:00,15.0,100.0,OpenAQ verified hourly measurement
MUM,Mumbai,Maharashtra,8039,Mumbai,23320,2026-08-23 12:30:00+00:00,18.0,100.0,OpenAQ verified hourly measurement
MUM,Mumbai,Maharashtra,8039,Mumbai,23320,2026-08-23 13:30:00+00:00,15.0,100.0,OpenAQ verified hourly measurement
MUM,Mumbai,Maharashtra,8039,Mumbai,23320,2026-08-23 14:30:00+00:00,17.0,100.0,OpenAQ verified hourly measurement
MUM,Mumbai,Maharashtra,8039,Mumbai,23320,2026-08-23 15:30:00+00:00,14.0,100.0,OpenAQ verified hourly measurement
MUM,Mumbai,Maharashtra,8039,Mumbai,23320,2026-08-23 16:30:00+00:00,14.0,100.0,OpenAQ verified hourly measurement
MUM,Mumbai,Maharashtra,8039,Mumbai,23320,2026-08-23 17:30:00+00:00,13.0,100.0,OpenAQ verified hourly measurement
MUM,Mumbai,Maharashtra,8039,Mumbai,23320,2026-08-23 18:30:00+00:00,8.0,100.0,OpenAQ verified hourly measurement
MUM,Mumbai,Maharashtra,8039,Mumbai,23320,2026-08-23 19:30:00+00:00,16.0,100.0,OpenAQ verified hourly measurement
MUM,Mumbai,Maharashtra,8039,Mumbai,23320,2026-08-23 20:30:00+00:00,17.0,100.0,OpenAQ verified hourly measurement
MUM,Mumbai,Maharashtra,8039,Mumbai,23320,2026-08-23 21:30:00+00:00,12.0,100.0,OpenAQ verified hourly measurement
MUM,Mumbai,Maharashtra,8039,Mumbai,23320,2026-08-23 22:30:00+00:00,9.0,100.0,OpenAQ verified hourly measurement
MUM,Mumbai,Maharashtra,8039,Mumbai,23320,2026-08-23 23:30:00+00:00,15.0,100.0,OpenAQ verified hourly measurement
MUM,Mumbai,Maharashtra,8039,Mumbai,23320,2026-08-24 00:30:00+00:00,16.0,100.0,OpenAQ verified hourly measurement
MUM,Mumbai,Maharashtra,8039,Mumbai,23320,2026-08-24 01:30:00+00:00,14.0,100.0,OpenAQ verified hourly measurement
MUM,Mumbai,Maharashtra,8039,Mumbai,23320,2026-08-24 02:30:00+00:00,16.0,100.0,OpenAQ verified hourly measurement
MUM,Mumbai,Maharashtra,8039,Mumbai,23320,2026-08-24 03:30:00+00:00,19.0,100.0,OpenAQ verified hourly measurement
MUM,Mumbai,Maharashtra,8039,Mumbai,23320,2026-08-24 04:30:00+00:00,23.0,100.0,OpenAQ verified hourly measurement
MUM,Mumbai,Maharashtra,8039,Mumbai,23320,2026-08-24 05:30:00+00:00,25.0,100.0,OpenAQ verified hourly measurement
MUM,Mumbai,Maharashtra,8039,Mumbai,23320,2026-08-24 06:30:00+00:00,17.0,100.0,OpenAQ verified hourly measurement
MUM,Mumbai,Maharashtra,8039,Mumbai,23320,2026-08-24 07:30:00+00:00,19.0,100.0,OpenAQ verified hourly measurement
MUM,Mumbai,Maharashtra,8039,Mumbai,23320,2026-08-24 08:30:00+00:00,18.0,100.0,OpenAQ verified hourly measurement
MUM,Mumbai,Maharashtra,8039,Mumbai,23320,2026-08-24 09:30:00+00:00,12.0,100.0,OpenAQ verified hourly measurement
MUM,Mumbai,Maharashtra,8039,Mumbai,23320,2026-08-24 10:30:00+00:00,19.0,100.0,OpenAQ verified hourly measurement
MUM,Mumbai,Maharashtra,8039,Mumbai,23320,2026-08-24 11:30:00+00:00,19.0,100.0,OpenAQ verified hourly measurement
MUM,Mumbai,Maharashtra,8039,Mumbai,23320,2026-08-24 12:30:00+00:00,17.0,100.0,OpenAQ verified hourly measurement
MUM,Mumbai,Maharashtra,8039,Mumbai,23320,2026-08-24 13:30:00+00:00,23.0,100.0,OpenAQ verified hourly measurement
MUM,Mumbai,Maharashtra,8039,Mumbai,23320,2026-08-24 14:30:00+00:00,24.0,100.0,OpenAQ verified hourly measurement
MUM,Mumbai,Maharashtra,8039,Mumbai,23320,2026-08-24 15:30:00+00:00,21.0,100.0,OpenAQ verified hourly measurement
MUM,Mumbai,Maharashtra,8039,Mumbai,23320,2026-08-24 16:30:00+00:00,19.0,100.0,OpenAQ verified hourly measurement
MUM,Mumbai,Maharashtra,8039,Mumbai,23320,2026-08-24 19:30:00+00:00,21.0,100.0,OpenAQ verified hourly measurement
MUM,Mumbai,Maharashtra,8039,Mumbai,23320,2026-08-24 21:30:00+00:00,14.0,100.0,OpenAQ verified hourly measurement
MUM,Mumbai,Maharashtra,8039,Mumbai,23320,2026-08-24 22:30:00+00:00,13.0,100.0,OpenAQ verified hourly measurement
MUM,Mumbai,Maharashtra,8039,Mumbai,23320,2026-08-24 23:30:00+00:00,19.0,100.0,OpenAQ verified hourly measurement
MUM,Mumbai,Maharashtra,8039,Mumbai,23320,2026-08-25 00:30:00+00:00,25.0,100.0,OpenAQ verified hourly measurement
MUM,Mumbai,Maharashtra,8039,Mumbai,23320,2026-08-25 01:30:00+00:00,24.0,100.0,OpenAQ verified hourly measurement
MUM,Mumbai,Maharashtra,8039,Mumbai,23320,2026-08-25 02:30:00+00:00,40.0,100.0,OpenAQ verified hourly measurement
MUM,Mumbai,Maharashtra,8039,Mumbai,23320,2026-08-25 03:30:00+00:00,21.0,100.0,OpenAQ verified hourly measurement
MUM,Mumbai,Maharashtra,8039,Mumbai,23320,2026-08-25 04:30:00+00:00,19.0,100.0,OpenAQ verified hourly measurement
PUN,Pune,Maharashtra,11613,"Revenue Colony-Shivajinagar, Pune - IITM",12236463,2026-07-26 06:30:00+00:00,16.0,75.0,OpenAQ verified hourly measurement
PUN,Pune,Maharashtra,11613,"Revenue Colony-Shivajinagar, Pune - IITM",12236463,2026-07-26 07:30:00+00:00,11.9,50.0,OpenAQ verified hourly measurement
PUN,Pune,Maharashtra,11613,"Revenue Colony-Shivajinagar, Pune - IITM",12236463,2026-07-26 08:30:00+00:00,15.5,100.0,OpenAQ verified hourly measurement
PUN,Pune,Maharashtra,11613,"Revenue Colony-Shivajinagar, Pune - IITM",12236463,2026-07-26 09:30:00+00:00,11.5,50.0,OpenAQ verified hourly measurement
PUN,Pune,Maharashtra,11613,"Revenue Colony-Shivajinagar, Pune - IITM",12236463,2026-07-26 10:30:00+00:00,8.43,100.0,OpenAQ verified hourly measurement
PUN,Pune,Maharashtra,11613,"Revenue Colony-Shivajinagar, Pune - IITM",12236463,2026-07-26 11:30:00+00:00,7.83,100.0,OpenAQ verified hourly measurement
PUN,Pune,Maharashtra,11613,"Revenue Colony-Shivajinagar, Pune - IITM",12236463,2026-07-26 12:30:00+00:00,14.4,100.0,OpenAQ verified hourly measurement
PUN,Pune,Maharashtra,11613,"Revenue Colony-Shivajinagar, Pune - IITM",12236463,2026-07-26 13:30:00+00:00,10.8,100.0,OpenAQ verified hourly measurement
PUN,Pune,Maharashtra,11613,"Revenue Colony-Shivajinagar, Pune - IITM",12236463,2026-07-26 14:30:00+00:00,17.4,25.0,OpenAQ verified hourly measurement
PUN,Pune,Maharashtra,11613,"Revenue Colony-Shivajinagar, Pune - IITM",12236463,2026-07-26 15:30:00+00:00,15.6,100.0,OpenAQ verified hourly measurement
PUN,Pune,Maharashtra,11613,"Revenue Colony-Shivajinagar, Pune - IITM",12236463,2026-07-26 16:30:00+00:00,11.7,50.0,OpenAQ verified hourly measurement
PUN,Pune,Maharashtra,11613,"Revenue Colony-Shivajinagar, Pune - IITM",12236463,2026-07-26 18:30:00+00:00,17.5,50.0,OpenAQ verified hourly measurement
PUN,Pune,Maharashtra,11613,"Revenue Colony-Shivajinagar, Pune - IITM",12236463,2026-07-26 19:30:00+00:00,13.8,50.0,OpenAQ verified hourly measurement
PUN,Pune,Maharashtra,11613,"Revenue Colony-Shivajinagar, Pune - IITM",12236463,2026-07-26 20:30:00+00:00,18.0,100.0,OpenAQ verified hourly measurement
PUN,Pune,Maharashtra,11613,"Revenue Colony-Shivajinagar, Pune - IITM",12236463,2026-07-26 21:30:00+00:00,15.2,100.0,OpenAQ verified hourly measurement
PUN,Pune,Maharashtra,11613,"Revenue Colony-Shivajinagar, Pune - IITM",12236463,2026-07-26 22:30:00+00:00,10.1,75.0,OpenAQ verified hourly measurement
PUN,Pune,Maharashtra,11613,"Revenue Colony-Shivajinagar, Pune - IITM",12236463,2026-07-26 23:30:00+00:00,7.98,50.0,OpenAQ verified hourly measurement
PUN,Pune,Maharashtra,11613,"Revenue Colony-Shivajinagar, Pune - IITM",12236463,2026-07-27 00:30:00+00:00,11.8,100.0,OpenAQ verified hourly measurement
PUN,Pune,Maharashtra,11613,"Revenue Colony-Shivajinagar, Pune - IITM",12236463,2026-07-27 01:30:00+00:00,14.2,50.0,OpenAQ verified hourly measurement
PUN,Pune,Maharashtra,11613,"Revenue Colony-Shivajinagar, Pune - IITM",12236463,2026-07-27 02:30:00+00:00,11.9,100.0,OpenAQ verified hourly measurement
PUN,Pune,Maharashtra,11613,"Revenue Colony-Shivajinagar, Pune - IITM",12236463,2026-07-27 03:30:00+00:00,15.8,100.0,OpenAQ verified hourly measurement
PUN,Pune,Maharashtra,11613,"Revenue Colony-Shivajinagar, Pune - IITM",12236463,2026-07-27 04:30:00+00:00,10.8,75.0,OpenAQ verified hourly measurement
PUN,Pune,Maharashtra,11613,"Revenue Colony-Shivajinagar, Pune - IITM",12236463,2026-07-27 05:30:00+00:00,14.4,50.0,OpenAQ verified hourly measurement
PUN,Pune,Maharashtra,11613,"Revenue Colony-Shivajinagar, Pune - IITM",12236463,2026-07-27 06:30:00+00:00,9.88,100.0,OpenAQ verified hourly measurement
PUN,Pune,Maharashtra,11613,"Revenue Colony-Shivajinagar, Pune - IITM",12236463,2026-07-27 07:30:00+00:00,30.3,100.0,OpenAQ verified hourly measurement
PUN,Pune,Maharashtra,11613,"Revenue Colony-Shivajinagar, Pune - IITM",12236463,2026-07-27 08:30:00+00:00,22.8,100.0,OpenAQ verified hourly measurement
PUN,Pune,Maharashtra,11613,"Revenue Colony-Shivajinagar, Pune - IITM",12236463,2026-07-27 09:30:00+00:00,15.5,75.0,OpenAQ verified hourly measurement
PUN,Pune,Maharashtra,11613,"Revenue Colony-Shivajinagar, Pune - IITM",12236463,2026-07-27 10:30:00+00:00,15.8,100.0,OpenAQ verified hourly measurement
PUN,Pune,Maharashtra,11613,"Revenue Colony-Shivajinagar, Pune - IITM",12236463,2026-07-27 11:30:00+00:00,10.7,100.0,OpenAQ verified hourly measurement
PUN,Pune,Maharashtra,11613,"Revenue Colony-Shivajinagar, Pune - IITM",12236463,2026-07-27 12:30:00+00:00,12.0,100.0,OpenAQ verified hourly measurement
PUN,Pune,Maharashtra,11613,"Revenue Colony-Shivajinagar, Pune - IITM",12236463,2026-07-27 13:30:00+00:00,11.5,75.0,OpenAQ verified hourly measurement
PUN,Pune,Maharashtra,11613,"Revenue Colony-Shivajinagar, Pune - IITM",12236463,2026-07-27 15:30:00+00:00,15.6,50.0,OpenAQ verified hourly measurement
PUN,Pune,Maharashtra,11613,"Revenue Colony-Shivajinagar, Pune - IITM",12236463,2026-07-27 19:30:00+00:00,9.58,50.0,OpenAQ verified hourly measurement
PUN,Pune,Maharashtra,11613,"Revenue Colony-Shivajinagar, Pune - IITM",12236463,2026-07-27 20:30:00+00:00,17.4,100.0,OpenAQ verified hourly measurement
PUN,Pune,Maharashtra,11613,"Revenue Colony-Shivajinagar, Pune - IITM",12236463,2026-07-27 21:30:00+00:00,14.6,75.0,OpenAQ verified hourly measurement
PUN,Pune,Maharashtra,11613,"Revenue Colony-Shivajinagar, Pune - IITM",12236463,2026-07-27 22:30:00+00:00,13.1,100.0,OpenAQ verified hourly measurement
PUN,Pune,Maharashtra,11613,"Revenue Colony-Shivajinagar, Pune - IITM",12236463,2026-07-27 23:30:00+00:00,14.7,75.0,OpenAQ verified hourly measurement
PUN,Pune,Maharashtra,11613,"Revenue Colony-Shivajinagar, Pune - IITM",12236463,2026-07-28 00:30:00+00:00,13.2,100.0,OpenAQ verified hourly measurement
PUN,Pune,Maharashtra,11613,"Revenue Colony-Shivajinagar, Pune - IITM",12236463,2026-07-28 02:30:00+00:00,16.6,75.0,OpenAQ verified hourly measurement
PUN,Pune,Maharashtra,11613,"Revenue Colony-Shivajinagar, Pune - IITM",12236463,2026-07-28 03:30:00+00:00,11.4,50.0,OpenAQ verified hourly measurement
PUN,Pune,Maharashtra,11613,"Revenue Colony-Shivajinagar, Pune - IITM",12236463,2026-07-28 04:30:00+00:00,18.0,100.0,OpenAQ verified hourly measurement
PUN,Pune,Maharashtra,11613,"Revenue Colony-Shivajinagar, Pune - IITM",12236463,2026-07-28 05:30:00+00:00,15.0,75.0,OpenAQ verified hourly measurement
PUN,Pune,Maharashtra,11613,"Revenue Colony-Shivajinagar, Pune - IITM",12236463,2026-07-28 06:30:00+00:00,13.5,100.0,OpenAQ verified hourly measurement
PUN,Pune,Maharashtra,11613,"Revenue Colony-Shivajinagar, Pune - IITM",12236463,2026-07-28 07:30:00+00:00,13.4,75.0,OpenAQ verified hourly measurement
PUN,Pune,Maharashtra,11613,"Revenue Colony-Shivajinagar, Pune - IITM",12236463,2026-07-28 08:30:00+00:00,12.1,100.0,OpenAQ verified hourly measurement
PUN,Pune,Maharashtra,11613,"Revenue Colony-Shivajinagar, Pune - IITM",12236463,2026-07-28 09:30:00+00:00,15.3,75.0,OpenAQ verified hourly measurement
PUN,Pune,Maharashtra,11613,"Revenue Colony-Shivajinagar, Pune - IITM",12236463,2026-07-28 10:30:00+00:00,11.1,50.0,OpenAQ verified hourly measurement
PUN,Pune,Maharashtra,11613,"Revenue Colony-Shivajinagar, Pune - IITM",12236463,2026-07-28 11:30:00+00:00,9.82,25.0,OpenAQ verified hourly measurement
PUN,Pune,Maharashtra,11613,"Revenue Colony-Shivajinagar, Pune - IITM",12236463,2026-07-28 12:30:00+00:00,22.9,100.0,OpenAQ verified hourly measurement
PUN,Pune,Maharashtra,11613,"Revenue Colony-Shivajinagar, Pune - IITM",12236463,2026-07-28 13:30:00+00:00,17.4,50.0,OpenAQ verified hourly measurement
PUN,Pune,Maharashtra,11613,"Revenue Colony-Shivajinagar, Pune - IITM",12236463,2026-07-28 18:30:00+00:00,14.2,50.0,OpenAQ verified hourly measurement
PUN,Pune,Maharashtra,11613,"Revenue Colony-Shivajinagar, Pune - IITM",12236463,2026-07-28 19:30:00+00:00,15.9,100.0,OpenAQ verified hourly measurement
PUN,Pune,Maharashtra,11613,"Revenue Colony-Shivajinagar, Pune - IITM",12236463,2026-07-28 20:30:00+00:00,20.1,100.0,OpenAQ verified hourly measurement
PUN,Pune,Maharashtra,11613,"Revenue Colony-Shivajinagar, Pune - IITM",12236463,2026-07-28 21:30:00+00:00,17.6,75.0,OpenAQ verified hourly measurement
PUN,Pune,Maharashtra,11613,"Revenue Colony-Shivajinagar, Pune - IITM",12236463,2026-07-28 22:30:00+00:00,13.4,25.0,OpenAQ verified hourly measurement
PUN,Pune,Maharashtra,11613,"Revenue Colony-Shivajinagar, Pune - IITM",12236463,2026-07-28 23:30:00+00:00,11.0,50.0,OpenAQ verified hourly measurement
PUN,Pune,Maharashtra,11613,"Revenue Colony-Shivajinagar, Pune - IITM",12236463,2026-07-29 00:30:00+00:00,16.1,100.0,OpenAQ verified hourly measurement
PUN,Pune,Maharashtra,11613,"Revenue Colony-Shivajinagar, Pune - IITM",12236463,2026-07-29 03:30:00+00:00,18.2,50.0,OpenAQ verified hourly measurement
PUN,Pune,Maharashtra,11613,"Revenue Colony-Shivajinagar, Pune - IITM",12236463,2026-07-29 05:30:00+00:00,13.9,50.0,OpenAQ verified hourly measurement
PUN,Pune,Maharashtra,11613,"Revenue Colony-Shivajinagar, Pune - IITM",12236463,2026-07-29 06:30:00+00:00,17.3,100.0,OpenAQ verified hourly measurement
PUN,Pune,Maharashtra,11613,"Revenue Colony-Shivajinagar, Pune - IITM",12236463,2026-07-29 07:30:00+00:00,13.6,75.0,OpenAQ verified hourly measurement
PUN,Pune,Maharashtra,11613,"Revenue Colony-Shivajinagar, Pune - IITM",12236463,2026-07-29 08:30:00+00:00,16.2,100.0,OpenAQ verified hourly measurement
PUN,Pune,Maharashtra,11613,"Revenue Colony-Shivajinagar, Pune - IITM",12236463,2026-07-29 09:30:00+00:00,13.3,50.0,OpenAQ verified hourly measurement
PUN,Pune,Maharashtra,11613,"Revenue Colony-Shivajinagar, Pune - IITM",12236463,2026-07-29 10:30:00+00:00,9.65,100.0,OpenAQ verified hourly measurement
PUN,Pune,Maharashtra,11613,"Revenue Colony-Shivajinagar, Pune - IITM",12236463,2026-07-29 11:30:00+00:00,17.6,100.0,OpenAQ verified hourly measurement
PUN,Pune,Maharashtra,11613,"Revenue Colony-Shivajinagar, Pune - IITM",12236463,2026-07-29 12:30:00+00:00,23.1,75.0,OpenAQ verified hourly measurement
PUN,Pune,Maharashtra,11613,"Revenue Colony-Shivajinagar, Pune - IITM",12236463,2026-07-29 13:30:00+00:00,22.3,50.0,OpenAQ verified hourly measurement
PUN,Pune,Maharashtra,11613,"Revenue Colony-Shivajinagar, Pune - IITM",12236463,2026-07-29 14:30:00+00:00,23.9,100.0,OpenAQ verified hourly measurement
PUN,Pune,Maharashtra,11613,"Revenue Colony-Shivajinagar, Pune - IITM",12236463,2026-07-29 15:30:00+00:00,17.0,75.0,OpenAQ verified hourly measurement
PUN,Pune,Maharashtra,11613,"Revenue Colony-Shivajinagar, Pune - IITM",12236463,2026-07-29 19:30:00+00:00,14.6,50.0,OpenAQ verified hourly measurement
PUN,Pune,Maharashtra,11613,"Revenue Colony-Shivajinagar, Pune - IITM",12236463,2026-07-29 21:30:00+00:00,17.2,50.0,OpenAQ verified hourly measurement
PUN,Pune,Maharashtra,11613,"Revenue Colony-Shivajinagar, Pune - IITM",12236463,2026-07-30 11:30:00+00:00,24.1,50.0,OpenAQ verified hourly measurement
PUN,Pune,Maharashtra,11613,"Revenue Colony-Shivajinagar, Pune - IITM",12236463,2026-07-30 12:30:00+00:00,29.9,50.0,OpenAQ verified hourly measurement
PUN,Pune,Maharashtra,11613,"Revenue Colony-Shivajinagar, Pune - IITM",12236463,2026-07-30 13:30:00+00:00,18.7,50.0,OpenAQ verified hourly measurement
PUN,Pune,Maharashtra,11613,"Revenue Colony-Shivajinagar, Pune - IITM",12236463,2026-07-30 14:30:00+00:00,17.7,100.0,OpenAQ verified hourly measurement
PUN,Pune,Maharashtra,11613,"Revenue Colony-Shivajinagar, Pune - IITM",12236463,2026-07-30 15:30:00+00:00,20.7,100.0,OpenAQ verified hourly measurement
PUN,Pune,Maharashtra,11613,"Revenue Colony-Shivajinagar, Pune - IITM",12236463,2026-07-30 16:30:00+00:00,15.1,75.0,OpenAQ verified hourly measurement
PUN,Pune,Maharashtra,11613,"Revenue Colony-Shivajinagar, Pune - IITM",12236463,2026-07-30 19:30:00+00:00,9.34,50.0,OpenAQ verified hourly measurement
PUN,Pune,Maharashtra,11613,"Revenue Colony-Shivajinagar, Pune - IITM",12236463,2026-07-30 20:30:00+00:00,14.1,100.0,OpenAQ verified hourly measurement
PUN,Pune,Maharashtra,11613,"Revenue Colony-Shivajinagar, Pune - IITM",12236463,2026-07-30 21:30:00+00:00,15.9,50.0,OpenAQ verified hourly measurement
PUN,Pune,Maharashtra,11613,"Revenue Colony-Shivajinagar, Pune - IITM",12236463,2026-07-30 22:30:00+00:00,20.1,100.0,OpenAQ verified hourly measurement
PUN,Pune,Maharashtra,11613,"Revenue Colony-Shivajinagar, Pune - IITM",12236463,2026-07-31 02:30:00+00:00,17.9,100.0,OpenAQ verified hourly measurement
PUN,Pune,Maharashtra,11613,"Revenue Colony-Shivajinagar, Pune - IITM",12236463,2026-07-31 03:30:00+00:00,15.3,75.0,OpenAQ verified hourly measurement
PUN,Pune,Maharashtra,11613,"Revenue Colony-Shivajinagar, Pune - IITM",12236463,2026-07-31 04:30:00+00:00,10.4,100.0,OpenAQ verified hourly measurement
PUN,Pune,Maharashtra,11613,"Revenue Colony-Shivajinagar, Pune - IITM",12236463,2026-07-31 05:30:00+00:00,24.3,50.0,OpenAQ verified hourly measurement
PUN,Pune,Maharashtra,11613,"Revenue Colony-Shivajinagar, Pune - IITM",12236463,2026-07-31 06:30:00+00:00,15.4,100.0,OpenAQ verified hourly measurement
PUN,Pune,Maharashtra,11613,"Revenue Colony-Shivajinagar, Pune - IITM",12236463,2026-07-31 07:30:00+00:00,12.3,100.0,OpenAQ verified hourly measurement
PUN,Pune,Maharashtra,11613,"Revenue Colony-Shivajinagar, Pune - IITM",12236463,2026-07-31 08:30:00+00:00,14.8,100.0,OpenAQ verified hourly measurement
PUN,Pune,Maharashtra,11613,"Revenue Colony-Shivajinagar, Pune - IITM",12236463,2026-07-31 09:30:00+00:00,15.8,75.0,OpenAQ verified hourly measurement
PUN,Pune,Maharashtra,11613,"Revenue Colony-Shivajinagar, Pune - IITM",12236463,2026-07-31 10:30:00+00:00,11.9,100.0,OpenAQ verified hourly measurement
PUN,Pune,Maharashtra,11613,"Revenue Colony-Shivajinagar, Pune - IITM",12236463,2026-07-31 11:30:00+00:00,9.8,100.0,OpenAQ verified hourly measurement
PUN,Pune,Maharashtra,11613,"Revenue Colony-Shivajinagar, Pune - IITM",12236463,2026-07-31 12:30:00+00:00,13.4,100.0,OpenAQ verified hourly measurement
PUN,Pune,Maharashtra,11613,"Revenue Colony-Shivajinagar, Pune - IITM",12236463,2026-07-31 13:30:00+00:00,21.0,100.0,OpenAQ verified hourly measurement
PUN,Pune,Maharashtra,11613,"Revenue Colony-Shivajinagar, Pune - IITM",12236463,2026-07-31 14:30:00+00:00,14.7,100.0,OpenAQ verified hourly measurement
PUN,Pune,Maharashtra,11613,"Revenue Colony-Shivajinagar, Pune - IITM",12236463,2026-07-31 15:30:00+00:00,23.6,25.0,OpenAQ verified hourly measurement
PUN,Pune,Maharashtra,11613,"Revenue Colony-Shivajinagar, Pune - IITM",12236463,2026-07-31 19:30:00+00:00,16.3,50.0,OpenAQ verified hourly measurement
PUN,Pune,Maharashtra,11613,"Revenue Colony-Shivajinagar, Pune - IITM",12236463,2026-07-31 20:30:00+00:00,22.6,100.0,OpenAQ verified hourly measurement
PUN,Pune,Maharashtra,11613,"Revenue Colony-Shivajinagar, Pune - IITM",12236463,2026-07-31 21:30:00+00:00,15.5,100.0,OpenAQ verified hourly measurement
PUN,Pune,Maharashtra,11613,"Revenue Colony-Shivajinagar, Pune - IITM",12236463,2026-07-31 22:30:00+00:00,12.0,100.0,OpenAQ verified hourly measurement
PUN,Pune,Maharashtra,11613,"Revenue Colony-Shivajinagar, Pune - IITM",12236463,2026-07-31 23:30:00+00:00,16.2,100.0,OpenAQ verified hourly measurement
PUN,Pune,Maharashtra,11613,"Revenue Colony-Shivajinagar, Pune - IITM",12236463,2026-08-01 00:30:00+00:00,11.4,100.0,OpenAQ verified hourly measurement
PUN,Pune,Maharashtra,11613,"Revenue Colony-Shivajinagar, Pune - IITM",12236463,2026-08-01 01:30:00+00:00,14.0,75.0,OpenAQ verified hourly measurement
PUN,Pune,Maharashtra,11613,"Revenue Colony-Shivajinagar, Pune - IITM",12236463,2026-08-01 02:30:00+00:00,23.5,100.0,OpenAQ verified hourly measurement
PUN,Pune,Maharashtra,11613,"Revenue Colony-Shivajinagar, Pune - IITM",12236463,2026-08-01 03:30:00+00:00,16.9,100.0,OpenAQ verified hourly measurement
PUN,Pune,Maharashtra,11613,"Revenue Colony-Shivajinagar, Pune - IITM",12236463,2026-08-01 04:30:00+00:00,18.4,50.0,OpenAQ verified hourly measurement
PUN,Pune,Maharashtra,11613,"Revenue Colony-Shivajinagar, Pune - IITM",12236463,2026-08-01 05:30:00+00:00,20.5,50.0,OpenAQ verified hourly measurement
PUN,Pune,Maharashtra,11613,"Revenue Colony-Shivajinagar, Pune - IITM",12236463,2026-08-01 06:30:00+00:00,37.0,100.0,OpenAQ verified hourly measurement
PUN,Pune,Maharashtra,11613,"Revenue Colony-Shivajinagar, Pune - IITM",12236463,2026-08-01 07:30:00+00:00,24.9,100.0,OpenAQ verified hourly measurement
PUN,Pune,Maharashtra,11613,"Revenue Colony-Shivajinagar, Pune - IITM",12236463,2026-08-01 08:30:00+00:00,15.8,100.0,OpenAQ verified hourly measurement
PUN,Pune,Maharashtra,11613,"Revenue Colony-Shivajinagar, Pune - IITM",12236463,2026-08-01 09:30:00+00:00,16.1,100.0,OpenAQ verified hourly measurement
PUN,Pune,Maharashtra,11613,"Revenue Colony-Shivajinagar, Pune - IITM",12236463,2026-08-01 10:30:00+00:00,14.4,75.0,OpenAQ verified hourly measurement
PUN,Pune,Maharashtra,11613,"Revenue Colony-Shivajinagar, Pune - IITM",12236463,2026-08-01 11:30:00+00:00,14.0,50.0,OpenAQ verified hourly measurement
PUN,Pune,Maharashtra,11613,"Revenue Colony-Shivajinagar, Pune - IITM",12236463,2026-08-01 12:30:00+00:00,13.8,100.0,OpenAQ verified hourly measurement
PUN,Pune,Maharashtra,11613,"Revenue Colony-Shivajinagar, Pune - IITM",12236463,2026-08-01 13:30:00+00:00,22.9,50.0,OpenAQ verified hourly measurement
PUN,Pune,Maharashtra,11613,"Revenue Colony-Shivajinagar, Pune - IITM",12236463,2026-08-01 14:30:00+00:00,15.9,100.0,OpenAQ verified hourly measurement
PUN,Pune,Maharashtra,11613,"Revenue Colony-Shivajinagar, Pune - IITM",12236463,2026-08-01 15:30:00+00:00,28.4,100.0,OpenAQ verified hourly measurement
PUN,Pune,Maharashtra,11613,"Revenue Colony-Shivajinagar, Pune - IITM",12236463,2026-08-01 16:30:00+00:00,35.5,75.0,OpenAQ verified hourly measurement
PUN,Pune,Maharashtra,11613,"Revenue Colony-Shivajinagar, Pune - IITM",12236463,2026-08-01 18:30:00+00:00,18.1,50.0,OpenAQ verified hourly measurement
PUN,Pune,Maharashtra,11613,"Revenue Colony-Shivajinagar, Pune - IITM",12236463,2026-08-01 19:30:00+00:00,16.9,50.0,OpenAQ verified hourly measurement
PUN,Pune,Maharashtra,11613,"Revenue Colony-Shivajinagar, Pune - IITM",12236463,2026-08-01 20:30:00+00:00,15.9,100.0,OpenAQ verified hourly measurement
PUN,Pune,Maharashtra,11613,"Revenue Colony-Shivajinagar, Pune - IITM",12236463,2026-08-01 21:30:00+00:00,18.4,100.0,OpenAQ verified hourly measurement
PUN,Pune,Maharashtra,11613,"Revenue Colony-Shivajinagar, Pune - IITM",12236463,2026-08-01 22:30:00+00:00,15.3,25.0,OpenAQ verified hourly measurement
PUN,Pune,Maharashtra,11613,"Revenue Colony-Shivajinagar, Pune - IITM",12236463,2026-08-01 23:30:00+00:00,14.4,50.0,OpenAQ verified hourly measurement
PUN,Pune,Maharashtra,11613,"Revenue Colony-Shivajinagar, Pune - IITM",12236463,2026-08-02 00:30:00+00:00,23.5,75.0,OpenAQ verified hourly measurement
PUN,Pune,Maharashtra,11613,"Revenue Colony-Shivajinagar, Pune - IITM",12236463,2026-08-02 01:30:00+00:00,30.1,50.0,OpenAQ verified hourly measurement
PUN,Pune,Maharashtra,11613,"Revenue Colony-Shivajinagar, Pune - IITM",12236463,2026-08-02 02:30:00+00:00,19.9,100.0,OpenAQ verified hourly measurement
PUN,Pune,Maharashtra,11613,"Revenue Colony-Shivajinagar, Pune - IITM",12236463,2026-08-02 03:30:00+00:00,18.5,100.0,OpenAQ verified hourly measurement
PUN,Pune,Maharashtra,11613,"Revenue Colony-Shivajinagar, Pune - IITM",12236463,2026-08-02 04:30:00+00:00,20.5,25.0,OpenAQ verified hourly measurement
PUN,Pune,Maharashtra,11613,"Revenue Colony-Shivajinagar, Pune - IITM",12236463,2026-08-02 05:30:00+00:00,18.7,50.0,OpenAQ verified hourly measurement
PUN,Pune,Maharashtra,11613,"Revenue Colony-Shivajinagar, Pune - IITM",12236463,2026-08-02 06:30:00+00:00,14.1,100.0,OpenAQ verified hourly measurement
PUN,Pune,Maharashtra,11613,"Revenue Colony-Shivajinagar, Pune - IITM",12236463,2026-08-02 07:30:00+00:00,12.4,100.0,OpenAQ verified hourly measurement
PUN,Pune,Maharashtra,11613,"Revenue Colony-Shivajinagar, Pune - IITM",12236463,2026-08-02 09:30:00+00:00,11.6,50.0,OpenAQ verified hourly measurement
PUN,Pune,Maharashtra,11613,"Revenue Colony-Shivajinagar, Pune - IITM",12236463,2026-08-02 10:30:00+00:00,11.7,100.0,OpenAQ verified hourly measurement
PUN,Pune,Maharashtra,11613,"Revenue Colony-Shivajinagar, Pune - IITM",12236463,2026-08-02 11:30:00+00:00,11.6,75.0,OpenAQ verified hourly measurement
PUN,Pune,Maharashtra,11613,"Revenue Colony-Shivajinagar, Pune - IITM",12236463,2026-08-02 12:30:00+00:00,13.5,50.0,OpenAQ verified hourly measurement
PUN,Pune,Maharashtra,11613,"Revenue Colony-Shivajinagar, Pune - IITM",12236463,2026-08-02 15:30:00+00:00,21.6,50.0,OpenAQ verified hourly measurement
PUN,Pune,Maharashtra,11613,"Revenue Colony-Shivajinagar, Pune - IITM",12236463,2026-08-02 16:30:00+00:00,25.8,100.0,OpenAQ verified hourly measurement
PUN,Pune,Maharashtra,11613,"Revenue Colony-Shivajinagar, Pune - IITM",12236463,2026-08-02 17:30:00+00:00,20.4,25.0,OpenAQ verified hourly measurement
PUN,Pune,Maharashtra,11613,"Revenue Colony-Shivajinagar, Pune - IITM",12236463,2026-08-02 18:30:00+00:00,24.8,50.0,OpenAQ verified hourly measurement
PUN,Pune,Maharashtra,11613,"Revenue Colony-Shivajinagar, Pune - IITM",12236463,2026-08-02 19:30:00+00:00,17.2,100.0,OpenAQ verified hourly measurement
PUN,Pune,Maharashtra,11613,"Revenue Colony-Shivajinagar, Pune - IITM",12236463,2026-08-02 20:30:00+00:00,32.3,100.0,OpenAQ verified hourly measurement
PUN,Pune,Maharashtra,11613,"Revenue Colony-Shivajinagar, Pune - IITM",12236463,2026-08-02 21:30:00+00:00,19.6,50.0,OpenAQ verified hourly measurement
PUN,Pune,Maharashtra,11613,"Revenue Colony-Shivajinagar, Pune - IITM",12236463,2026-08-02 22:30:00+00:00,13.1,100.0,OpenAQ verified hourly measurement
PUN,Pune,Maharashtra,11613,"Revenue Colony-Shivajinagar, Pune - IITM",12236463,2026-08-02 23:30:00+00:00,10.6,100.0,OpenAQ verified hourly measurement
PUN,Pune,Maharashtra,11613,"Revenue Colony-Shivajinagar, Pune - IITM",12236463,2026-08-03 00:30:00+00:00,17.6,75.0,OpenAQ verified hourly measurement
PUN,Pune,Maharashtra,11613,"Revenue Colony-Shivajinagar, Pune - IITM",12236463,2026-08-03 01:30:00+00:00,26.6,50.0,OpenAQ verified hourly measurement
PUN,Pune,Maharashtra,11613,"Revenue Colony-Shivajinagar, Pune - IITM",12236463,2026-08-03 02:30:00+00:00,24.7,100.0,OpenAQ verified hourly measurement
PUN,Pune,Maharashtra,11613,"Revenue Colony-Shivajinagar, Pune - IITM",12236463,2026-08-03 03:30:00+00:00,20.1,100.0,OpenAQ verified hourly measurement
PUN,Pune,Maharashtra,11613,"Revenue Colony-Shivajinagar, Pune - IITM",12236463,2026-08-03 04:30:00+00:00,20.9,75.0,OpenAQ verified hourly measurement
PUN,Pune,Maharashtra,11613,"Revenue Colony-Shivajinagar, Pune - IITM",12236463,2026-08-03 05:30:00+00:00,20.6,50.0,OpenAQ verified hourly measurement
PUN,Pune,Maharashtra,11613,"Revenue Colony-Shivajinagar, Pune - IITM",12236463,2026-08-03 06:30:00+00:00,25.5,25.0,OpenAQ verified hourly measurement
PUN,Pune,Maharashtra,11613,"Revenue Colony-Shivajinagar, Pune - IITM",12236463,2026-08-03 07:30:00+00:00,18.3,100.0,OpenAQ verified hourly measurement
PUN,Pune,Maharashtra,11613,"Revenue Colony-Shivajinagar, Pune - IITM",12236463,2026-08-03 08:30:00+00:00,21.8,50.0,OpenAQ verified hourly measurement
PUN,Pune,Maharashtra,11613,"Revenue Colony-Shivajinagar, Pune - IITM",12236463,2026-08-03 09:30:00+00:00,13.9,50.0,OpenAQ verified hourly measurement
PUN,Pune,Maharashtra,11613,"Revenue Colony-Shivajinagar, Pune - IITM",12236463,2026-08-03 10:30:00+00:00,11.1,100.0,OpenAQ verified hourly measurement
PUN,Pune,Maharashtra,11613,"Revenue Colony-Shivajinagar, Pune - IITM",12236463,2026-08-03 11:30:00+00:00,17.3,100.0,OpenAQ verified hourly measurement
PUN,Pune,Maharashtra,11613,"Revenue Colony-Shivajinagar, Pune - IITM",12236463,2026-08-03 12:30:00+00:00,22.9,100.0,OpenAQ verified hourly measurement
PUN,Pune,Maharashtra,11613,"Revenue Colony-Shivajinagar, Pune - IITM",12236463,2026-08-03 13:30:00+00:00,23.0,100.0,OpenAQ verified hourly measurement
PUN,Pune,Maharashtra,11613,"Revenue Colony-Shivajinagar, Pune - IITM",12236463,2026-08-03 14:30:00+00:00,23.3,100.0,OpenAQ verified hourly measurement
PUN,Pune,Maharashtra,11613,"Revenue Colony-Shivajinagar, Pune - IITM",12236463,2026-08-03 15:30:00+00:00,23.0,50.0,OpenAQ verified hourly measurement
PUN,Pune,Maharashtra,11613,"Revenue Colony-Shivajinagar, Pune - IITM",12236463,2026-08-03 21:30:00+00:00,11.6,50.0,OpenAQ verified hourly measurement
PUN,Pune,Maharashtra,11613,"Revenue Colony-Shivajinagar, Pune - IITM",12236463,2026-08-03 22:30:00+00:00,18.9,100.0,OpenAQ verified hourly measurement
PUN,Pune,Maharashtra,11613,"Revenue Colony-Shivajinagar, Pune - IITM",12236463,2026-08-03 23:30:00+00:00,13.3,75.0,OpenAQ verified hourly measurement
PUN,Pune,Maharashtra,11613,"Revenue Colony-Shivajinagar, Pune - IITM",12236463,2026-08-04 00:30:00+00:00,14.1,25.0,OpenAQ verified hourly measurement
PUN,Pune,Maharashtra,11613,"Revenue Colony-Shivajinagar, Pune - IITM",12236463,2026-08-04 03:30:00+00:00,15.6,50.0,OpenAQ verified hourly measurement
PUN,Pune,Maharashtra,11613,"Revenue Colony-Shivajinagar, Pune - IITM",12236463,2026-08-04 04:30:00+00:00,19.0,75.0,OpenAQ verified hourly measurement
PUN,Pune,Maharashtra,11613,"Revenue Colony-Shivajinagar, Pune - IITM",12236463,2026-08-04 09:30:00+00:00,33.7,50.0,OpenAQ verified hourly measurement
PUN,Pune,Maharashtra,11613,"Revenue Colony-Shivajinagar, Pune - IITM",12236463,2026-08-04 10:30:00+00:00,36.5,100.0,OpenAQ verified hourly measurement
PUN,Pune,Maharashtra,11613,"Revenue Colony-Shivajinagar, Pune - IITM",12236463,2026-08-04 13:30:00+00:00,23.6,50.0,OpenAQ verified hourly measurement
PUN,Pune,Maharashtra,11613,"Revenue Colony-Shivajinagar, Pune - IITM",12236463,2026-08-04 14:30:00+00:00,30.6,100.0,OpenAQ verified hourly measurement
PUN,Pune,Maharashtra,11613,"Revenue Colony-Shivajinagar, Pune - IITM",12236463,2026-08-04 15:30:00+00:00,38.0,100.0,OpenAQ verified hourly measurement
PUN,Pune,Maharashtra,11613,"Revenue Colony-Shivajinagar, Pune - IITM",12236463,2026-08-04 16:30:00+00:00,29.7,100.0,OpenAQ verified hourly measurement
PUN,Pune,Maharashtra,11613,"Revenue Colony-Shivajinagar, Pune - IITM",12236463,2026-08-04 17:30:00+00:00,20.3,50.0,OpenAQ verified hourly measurement
PUN,Pune,Maharashtra,11613,"Revenue Colony-Shivajinagar, Pune - IITM",12236463,2026-08-04 19:30:00+00:00,25.4,50.0,OpenAQ verified hourly measurement
PUN,Pune,Maharashtra,11613,"Revenue Colony-Shivajinagar, Pune - IITM",12236463,2026-08-04 20:30:00+00:00,23.3,100.0,OpenAQ verified hourly measurement
PUN,Pune,Maharashtra,11613,"Revenue Colony-Shivajinagar, Pune - IITM",12236463,2026-08-04 21:30:00+00:00,15.6,100.0,OpenAQ verified hourly measurement
PUN,Pune,Maharashtra,11613,"Revenue Colony-Shivajinagar, Pune - IITM",12236463,2026-08-04 22:30:00+00:00,16.1,75.0,OpenAQ verified hourly measurement
PUN,Pune,Maharashtra,11613,"Revenue Colony-Shivajinagar, Pune - IITM",12236463,2026-08-05 01:30:00+00:00,19.5,50.0,OpenAQ verified hourly measurement
PUN,Pune,Maharashtra,11613,"Revenue Colony-Shivajinagar, Pune - IITM",12236463,2026-08-05 02:30:00+00:00,19.8,50.0,OpenAQ verified hourly measurement
PUN,Pune,Maharashtra,11613,"Revenue Colony-Shivajinagar, Pune - IITM",12236463,2026-08-05 03:30:00+00:00,28.2,25.0,OpenAQ verified hourly measurement
PUN,Pune,Maharashtra,11613,"Revenue Colony-Shivajinagar, Pune - IITM",12236463,2026-08-05 04:30:00+00:00,28.2,50.0,OpenAQ verified hourly measurement
PUN,Pune,Maharashtra,11613,"Revenue Colony-Shivajinagar, Pune - IITM",12236463,2026-08-05 05:30:00+00:00,24.5,25.0,OpenAQ verified hourly measurement
PUN,Pune,Maharashtra,11613,"Revenue Colony-Shivajinagar, Pune - IITM",12236463,2026-08-05 06:30:00+00:00,21.2,100.0,OpenAQ verified hourly measurement
PUN,Pune,Maharashtra,11613,"Revenue Colony-Shivajinagar, Pune - IITM",12236463,2026-08-05 07:30:00+00:00,13.6,75.0,OpenAQ verified hourly measurement
PUN,Pune,Maharashtra,11613,"Revenue Colony-Shivajinagar, Pune - IITM",12236463,2026-08-05 08:30:00+00:00,10.6,100.0,OpenAQ verified hourly measurement
PUN,Pune,Maharashtra,11613,"Revenue Colony-Shivajinagar, Pune - IITM",12236463,2026-08-05 09:30:00+00:00,8.9,75.0,OpenAQ verified hourly measurement
PUN,Pune,Maharashtra,11613,"Revenue Colony-Shivajinagar, Pune - IITM",12236463,2026-08-05 10:30:00+00:00,8.91,100.0,OpenAQ verified hourly measurement
PUN,Pune,Maharashtra,11613,"Revenue Colony-Shivajinagar, Pune - IITM",12236463,2026-08-05 11:30:00+00:00,9.52,25.0,OpenAQ verified hourly measurement
PUN,Pune,Maharashtra,11613,"Revenue Colony-Shivajinagar, Pune - IITM",12236463,2026-08-05 13:30:00+00:00,13.7,50.0,OpenAQ verified hourly measurement
PUN,Pune,Maharashtra,11613,"Revenue Colony-Shivajinagar, Pune - IITM",12236463,2026-08-05 14:30:00+00:00,17.0,75.0,OpenAQ verified hourly measurement
PUN,Pune,Maharashtra,11613,"Revenue Colony-Shivajinagar, Pune - IITM",12236463,2026-08-05 18:30:00+00:00,34.5,50.0,OpenAQ verified hourly measurement
PUN,Pune,Maharashtra,11613,"Revenue Colony-Shivajinagar, Pune - IITM",12236463,2026-08-05 20:30:00+00:00,16.7,50.0,OpenAQ verified hourly measurement
PUN,Pune,Maharashtra,11613,"Revenue Colony-Shivajinagar, Pune - IITM",12236463,2026-08-05 23:30:00+00:00,33.1,50.0,OpenAQ verified hourly measurement
PUN,Pune,Maharashtra,11613,"Revenue Colony-Shivajinagar, Pune - IITM",12236463,2026-08-06 00:30:00+00:00,27.4,100.0,OpenAQ verified hourly measurement
PUN,Pune,Maharashtra,11613,"Revenue Colony-Shivajinagar, Pune - IITM",12236463,2026-08-06 01:30:00+00:00,22.6,75.0,OpenAQ verified hourly measurement
PUN,Pune,Maharashtra,11613,"Revenue Colony-Shivajinagar, Pune - IITM",12236463,2026-08-06 03:30:00+00:00,21.5,50.0,OpenAQ verified hourly measurement
PUN,Pune,Maharashtra,11613,"Revenue Colony-Shivajinagar, Pune - IITM",12236463,2026-08-06 04:30:00+00:00,15.9,100.0,OpenAQ verified hourly measurement
PUN,Pune,Maharashtra,11613,"Revenue Colony-Shivajinagar, Pune - IITM",12236463,2026-08-06 05:30:00+00:00,11.2,100.0,OpenAQ verified hourly measurement
PUN,Pune,Maharashtra,11613,"Revenue Colony-Shivajinagar, Pune - IITM",12236463,2026-08-06 06:30:00+00:00,8.87,100.0,OpenAQ verified hourly measurement
PUN,Pune,Maharashtra,11613,"Revenue Colony-Shivajinagar, Pune - IITM",12236463,2026-08-06 07:30:00+00:00,7.16,100.0,OpenAQ verified hourly measurement
PUN,Pune,Maharashtra,11613,"Revenue Colony-Shivajinagar, Pune - IITM",12236463,2026-08-06 08:30:00+00:00,20.3,100.0,OpenAQ verified hourly measurement
PUN,Pune,Maharashtra,11613,"Revenue Colony-Shivajinagar, Pune - IITM",12236463,2026-08-06 09:30:00+00:00,34.2,100.0,OpenAQ verified hourly measurement
PUN,Pune,Maharashtra,11613,"Revenue Colony-Shivajinagar, Pune - IITM",12236463,2026-08-06 10:30:00+00:00,22.9,50.0,OpenAQ verified hourly measurement
PUN,Pune,Maharashtra,11613,"Revenue Colony-Shivajinagar, Pune - IITM",12236463,2026-08-06 11:30:00+00:00,18.5,50.0,OpenAQ verified hourly measurement
PUN,Pune,Maharashtra,11613,"Revenue Colony-Shivajinagar, Pune - IITM",12236463,2026-08-06 12:30:00+00:00,22.5,100.0,OpenAQ verified hourly measurement
PUN,Pune,Maharashtra,11613,"Revenue Colony-Shivajinagar, Pune - IITM",12236463,2026-08-06 13:30:00+00:00,31.6,25.0,OpenAQ verified hourly measurement
PUN,Pune,Maharashtra,11613,"Revenue Colony-Shivajinagar, Pune - IITM",12236463,2026-08-06 15:30:00+00:00,43.9,50.0,OpenAQ verified hourly measurement
PUN,Pune,Maharashtra,11613,"Revenue Colony-Shivajinagar, Pune - IITM",12236463,2026-08-06 16:30:00+00:00,40.5,100.0,OpenAQ verified hourly measurement
PUN,Pune,Maharashtra,11613,"Revenue Colony-Shivajinagar, Pune - IITM",12236463,2026-08-06 17:30:00+00:00,26.7,25.0,OpenAQ verified hourly measurement
PUN,Pune,Maharashtra,11613,"Revenue Colony-Shivajinagar, Pune - IITM",12236463,2026-08-06 19:30:00+00:00,23.4,50.0,OpenAQ verified hourly measurement
PUN,Pune,Maharashtra,11613,"Revenue Colony-Shivajinagar, Pune - IITM",12236463,2026-08-06 20:30:00+00:00,22.0,25.0,OpenAQ verified hourly measurement
PUN,Pune,Maharashtra,11613,"Revenue Colony-Shivajinagar, Pune - IITM",12236463,2026-08-06 21:30:00+00:00,15.0,50.0,OpenAQ verified hourly measurement
PUN,Pune,Maharashtra,11613,"Revenue Colony-Shivajinagar, Pune - IITM",12236463,2026-08-06 22:30:00+00:00,13.7,25.0,OpenAQ verified hourly measurement
PUN,Pune,Maharashtra,11613,"Revenue Colony-Shivajinagar, Pune - IITM",12236463,2026-08-06 23:30:00+00:00,22.7,50.0,OpenAQ verified hourly measurement
PUN,Pune,Maharashtra,11613,"Revenue Colony-Shivajinagar, Pune - IITM",12236463,2026-08-07 00:30:00+00:00,20.6,100.0,OpenAQ verified hourly measurement
PUN,Pune,Maharashtra,11613,"Revenue Colony-Shivajinagar, Pune - IITM",12236463,2026-08-07 03:30:00+00:00,22.1,50.0,OpenAQ verified hourly measurement
PUN,Pune,Maharashtra,11613,"Revenue Colony-Shivajinagar, Pune - IITM",12236463,2026-08-07 05:30:00+00:00,21.1,50.0,OpenAQ verified hourly measurement
PUN,Pune,Maharashtra,11613,"Revenue Colony-Shivajinagar, Pune - IITM",12236463,2026-08-07 06:30:00+00:00,21.0,100.0,OpenAQ verified hourly measurement
PUN,Pune,Maharashtra,11613,"Revenue Colony-Shivajinagar, Pune - IITM",12236463,2026-08-07 07:30:00+00:00,14.3,50.0,OpenAQ verified hourly measurement
PUN,Pune,Maharashtra,11613,"Revenue Colony-Shivajinagar, Pune - IITM",12236463,2026-08-07 08:30:00+00:00,12.0,75.0,OpenAQ verified hourly measurement
PUN,Pune,Maharashtra,11613,"Revenue Colony-Shivajinagar, Pune - IITM",12236463,2026-08-07 09:30:00+00:00,13.9,50.0,OpenAQ verified hourly measurement
PUN,Pune,Maharashtra,11613,"Revenue Colony-Shivajinagar, Pune - IITM",12236463,2026-08-07 10:30:00+00:00,18.7,100.0,OpenAQ verified hourly measurement
PUN,Pune,Maharashtra,11613,"Revenue Colony-Shivajinagar, Pune - IITM",12236463,2026-08-07 11:30:00+00:00,20.7,100.0,OpenAQ verified hourly measurement
PUN,Pune,Maharashtra,11613,"Revenue Colony-Shivajinagar, Pune - IITM",12236463,2026-08-07 12:30:00+00:00,22.6,100.0,OpenAQ verified hourly measurement
PUN,Pune,Maharashtra,11613,"Revenue Colony-Shivajinagar, Pune - IITM",12236463,2026-08-07 13:30:00+00:00,28.2,100.0,OpenAQ verified hourly measurement
PUN,Pune,Maharashtra,11613,"Revenue Colony-Shivajinagar, Pune - IITM",12236463,2026-08-07 14:30:00+00:00,18.0,100.0,OpenAQ verified hourly measurement
PUN,Pune,Maharashtra,11613,"Revenue Colony-Shivajinagar, Pune - IITM",12236463,2026-08-07 15:30:00+00:00,23.9,100.0,OpenAQ verified hourly measurement
PUN,Pune,Maharashtra,11613,"Revenue Colony-Shivajinagar, Pune - IITM",12236463,2026-08-07 16:30:00+00:00,31.7,100.0,OpenAQ verified hourly measurement
PUN,Pune,Maharashtra,11613,"Revenue Colony-Shivajinagar, Pune - IITM",12236463,2026-08-07 17:30:00+00:00,21.3,50.0,OpenAQ verified hourly measurement
PUN,Pune,Maharashtra,11613,"Revenue Colony-Shivajinagar, Pune - IITM",12236463,2026-08-07 18:30:00+00:00,18.8,50.0,OpenAQ verified hourly measurement
PUN,Pune,Maharashtra,11613,"Revenue Colony-Shivajinagar, Pune - IITM",12236463,2026-08-07 19:30:00+00:00,19.3,100.0,OpenAQ verified hourly measurement
PUN,Pune,Maharashtra,11613,"Revenue Colony-Shivajinagar, Pune - IITM",12236463,2026-08-07 20:30:00+00:00,16.4,100.0,OpenAQ verified hourly measurement
PUN,Pune,Maharashtra,11613,"Revenue Colony-Shivajinagar, Pune - IITM",12236463,2026-08-07 21:30:00+00:00,12.3,100.0,OpenAQ verified hourly measurement
PUN,Pune,Maharashtra,11613,"Revenue Colony-Shivajinagar, Pune - IITM",12236463,2026-08-07 22:30:00+00:00,20.5,100.0,OpenAQ verified hourly measurement
PUN,Pune,Maharashtra,11613,"Revenue Colony-Shivajinagar, Pune - IITM",12236463,2026-08-07 23:30:00+00:00,26.8,100.0,OpenAQ verified hourly measurement
PUN,Pune,Maharashtra,11613,"Revenue Colony-Shivajinagar, Pune - IITM",12236463,2026-08-08 00:30:00+00:00,18.1,100.0,OpenAQ verified hourly measurement
PUN,Pune,Maharashtra,11613,"Revenue Colony-Shivajinagar, Pune - IITM",12236463,2026-08-08 01:30:00+00:00,17.8,75.0,OpenAQ verified hourly measurement
PUN,Pune,Maharashtra,11613,"Revenue Colony-Shivajinagar, Pune - IITM",12236463,2026-08-08 02:30:00+00:00,19.3,100.0,OpenAQ verified hourly measurement
PUN,Pune,Maharashtra,11613,"Revenue Colony-Shivajinagar, Pune - IITM",12236463,2026-08-08 03:30:00+00:00,15.4,75.0,OpenAQ verified hourly measurement
PUN,Pune,Maharashtra,11613,"Revenue Colony-Shivajinagar, Pune - IITM",12236463,2026-08-08 04:30:00+00:00,14.7,100.0,OpenAQ verified hourly measurement
PUN,Pune,Maharashtra,11613,"Revenue Colony-Shivajinagar, Pune - IITM",12236463,2026-08-08 05:30:00+00:00,18.3,75.0,OpenAQ verified hourly measurement
PUN,Pune,Maharashtra,11613,"Revenue Colony-Shivajinagar, Pune - IITM",12236463,2026-08-08 06:30:00+00:00,16.1,100.0,OpenAQ verified hourly measurement
PUN,Pune,Maharashtra,11613,"Revenue Colony-Shivajinagar, Pune - IITM",12236463,2026-08-08 07:30:00+00:00,10.8,75.0,OpenAQ verified hourly measurement
PUN,Pune,Maharashtra,11613,"Revenue Colony-Shivajinagar, Pune - IITM",12236463,2026-08-08 08:30:00+00:00,13.5,100.0,OpenAQ verified hourly measurement
PUN,Pune,Maharashtra,11613,"Revenue Colony-Shivajinagar, Pune - IITM",12236463,2026-08-08 09:30:00+00:00,17.3,100.0,OpenAQ verified hourly measurement
PUN,Pune,Maharashtra,11613,"Revenue Colony-Shivajinagar, Pune - IITM",12236463,2026-08-08 10:30:00+00:00,12.6,100.0,OpenAQ verified hourly measurement
PUN,Pune,Maharashtra,11613,"Revenue Colony-Shivajinagar, Pune - IITM",12236463,2026-08-08 11:30:00+00:00,16.4,100.0,OpenAQ verified hourly measurement
PUN,Pune,Maharashtra,11613,"Revenue Colony-Shivajinagar, Pune - IITM",12236463,2026-08-08 12:30:00+00:00,21.2,100.0,OpenAQ verified hourly measurement
PUN,Pune,Maharashtra,11613,"Revenue Colony-Shivajinagar, Pune - IITM",12236463,2026-08-08 13:30:00+00:00,17.6,100.0,OpenAQ verified hourly measurement
PUN,Pune,Maharashtra,11613,"Revenue Colony-Shivajinagar, Pune - IITM",12236463,2026-08-08 14:30:00+00:00,18.9,100.0,OpenAQ verified hourly measurement
PUN,Pune,Maharashtra,11613,"Revenue Colony-Shivajinagar, Pune - IITM",12236463,2026-08-08 15:30:00+00:00,28.5,100.0,OpenAQ verified hourly measurement
PUN,Pune,Maharashtra,11613,"Revenue Colony-Shivajinagar, Pune - IITM",12236463,2026-08-08 16:30:00+00:00,25.4,100.0,OpenAQ verified hourly measurement
PUN,Pune,Maharashtra,11613,"Revenue Colony-Shivajinagar, Pune - IITM",12236463,2026-08-08 17:30:00+00:00,17.3,25.0,OpenAQ verified hourly measurement
PUN,Pune,Maharashtra,11613,"Revenue Colony-Shivajinagar, Pune - IITM",12236463,2026-08-08 19:30:00+00:00,32.3,50.0,OpenAQ verified hourly measurement
PUN,Pune,Maharashtra,11613,"Revenue Colony-Shivajinagar, Pune - IITM",12236463,2026-08-08 20:30:00+00:00,28.5,100.0,OpenAQ verified hourly measurement
PUN,Pune,Maharashtra,11613,"Revenue Colony-Shivajinagar, Pune - IITM",12236463,2026-08-08 21:30:00+00:00,16.2,75.0,OpenAQ verified hourly measurement
PUN,Pune,Maharashtra,11613,"Revenue Colony-Shivajinagar, Pune - IITM",12236463,2026-08-08 22:30:00+00:00,17.7,100.0,OpenAQ verified hourly measurement
PUN,Pune,Maharashtra,11613,"Revenue Colony-Shivajinagar, Pune - IITM",12236463,2026-08-08 23:30:00+00:00,22.0,75.0,OpenAQ verified hourly measurement
PUN,Pune,Maharashtra,11613,"Revenue Colony-Shivajinagar, Pune - IITM",12236463,2026-08-09 00:30:00+00:00,17.6,100.0,OpenAQ verified hourly measurement
PUN,Pune,Maharashtra,11613,"Revenue Colony-Shivajinagar, Pune - IITM",12236463,2026-08-09 01:30:00+00:00,18.1,50.0,OpenAQ verified hourly measurement
PUN,Pune,Maharashtra,11613,"Revenue Colony-Shivajinagar, Pune - IITM",12236463,2026-08-09 02:30:00+00:00,16.5,100.0,OpenAQ verified hourly measurement
PUN,Pune,Maharashtra,11613,"Revenue Colony-Shivajinagar, Pune - IITM",12236463,2026-08-09 03:30:00+00:00,10.7,75.0,OpenAQ verified hourly measurement
PUN,Pune,Maharashtra,11613,"Revenue Colony-Shivajinagar, Pune - IITM",12236463,2026-08-09 04:30:00+00:00,10.6,100.0,OpenAQ verified hourly measurement
PUN,Pune,Maharashtra,11613,"Revenue Colony-Shivajinagar, Pune - IITM",12236463,2026-08-09 05:30:00+00:00,18.2,50.0,OpenAQ verified hourly measurement
PUN,Pune,Maharashtra,11613,"Revenue Colony-Shivajinagar, Pune - IITM",12236463,2026-08-09 06:30:00+00:00,16.6,100.0,OpenAQ verified hourly measurement
PUN,Pune,Maharashtra,11613,"Revenue Colony-Shivajinagar, Pune - IITM",12236463,2026-08-09 07:30:00+00:00,9.63,50.0,OpenAQ verified hourly measurement
PUN,Pune,Maharashtra,11613,"Revenue Colony-Shivajinagar, Pune - IITM",12236463,2026-08-09 08:30:00+00:00,10.6,100.0,OpenAQ verified hourly measurement
PUN,Pune,Maharashtra,11613,"Revenue Colony-Shivajinagar, Pune - IITM",12236463,2026-08-09 09:30:00+00:00,13.8,50.0,OpenAQ verified hourly measurement
PUN,Pune,Maharashtra,11613,"Revenue Colony-Shivajinagar, Pune - IITM",12236463,2026-08-09 10:30:00+00:00,17.3,100.0,OpenAQ verified hourly measurement
PUN,Pune,Maharashtra,11613,"Revenue Colony-Shivajinagar, Pune - IITM",12236463,2026-08-09 11:30:00+00:00,15.4,50.0,OpenAQ verified hourly measurement
PUN,Pune,Maharashtra,11613,"Revenue Colony-Shivajinagar, Pune - IITM",12236463,2026-08-09 12:30:00+00:00,14.3,75.0,OpenAQ verified hourly measurement
PUN,Pune,Maharashtra,11613,"Revenue Colony-Shivajinagar, Pune - IITM",12236463,2026-08-09 13:30:00+00:00,27.6,50.0,OpenAQ verified hourly measurement
PUN,Pune,Maharashtra,11613,"Revenue Colony-Shivajinagar, Pune - IITM",12236463,2026-08-09 14:30:00+00:00,30.0,100.0,OpenAQ verified hourly measurement
PUN,Pune,Maharashtra,11613,"Revenue Colony-Shivajinagar, Pune - IITM",12236463,2026-08-09 15:30:00+00:00,29.5,100.0,OpenAQ verified hourly measurement
PUN,Pune,Maharashtra,11613,"Revenue Colony-Shivajinagar, Pune - IITM",12236463,2026-08-09 16:30:00+00:00,25.9,100.0,OpenAQ verified hourly measurement
PUN,Pune,Maharashtra,11613,"Revenue Colony-Shivajinagar, Pune - IITM",12236463,2026-08-09 17:30:00+00:00,20.4,50.0,OpenAQ verified hourly measurement
PUN,Pune,Maharashtra,11613,"Revenue Colony-Shivajinagar, Pune - IITM",12236463,2026-08-09 18:30:00+00:00,19.0,50.0,OpenAQ verified hourly measurement
PUN,Pune,Maharashtra,11613,"Revenue Colony-Shivajinagar, Pune - IITM",12236463,2026-08-09 19:30:00+00:00,22.2,100.0,OpenAQ verified hourly measurement
PUN,Pune,Maharashtra,11613,"Revenue Colony-Shivajinagar, Pune - IITM",12236463,2026-08-09 20:30:00+00:00,26.0,100.0,OpenAQ verified hourly measurement
PUN,Pune,Maharashtra,11613,"Revenue Colony-Shivajinagar, Pune - IITM",12236463,2026-08-09 21:30:00+00:00,21.7,100.0,OpenAQ verified hourly measurement
PUN,Pune,Maharashtra,11613,"Revenue Colony-Shivajinagar, Pune - IITM",12236463,2026-08-09 22:30:00+00:00,18.9,100.0,OpenAQ verified hourly measurement
PUN,Pune,Maharashtra,11613,"Revenue Colony-Shivajinagar, Pune - IITM",12236463,2026-08-09 23:30:00+00:00,21.4,100.0,OpenAQ verified hourly measurement
PUN,Pune,Maharashtra,11613,"Revenue Colony-Shivajinagar, Pune - IITM",12236463,2026-08-10 00:30:00+00:00,18.0,100.0,OpenAQ verified hourly measurement
PUN,Pune,Maharashtra,11613,"Revenue Colony-Shivajinagar, Pune - IITM",12236463,2026-08-10 01:30:00+00:00,23.4,100.0,OpenAQ verified hourly measurement
PUN,Pune,Maharashtra,11613,"Revenue Colony-Shivajinagar, Pune - IITM",12236463,2026-08-10 02:30:00+00:00,30.4,100.0,OpenAQ verified hourly measurement
PUN,Pune,Maharashtra,11613,"Revenue Colony-Shivajinagar, Pune - IITM",12236463,2026-08-10 03:30:00+00:00,22.5,100.0,OpenAQ verified hourly measurement
PUN,Pune,Maharashtra,11613,"Revenue Colony-Shivajinagar, Pune - IITM",12236463,2026-08-10 04:30:00+00:00,13.9,100.0,OpenAQ verified hourly measurement
PUN,Pune,Maharashtra,11613,"Revenue Colony-Shivajinagar, Pune - IITM",12236463,2026-08-10 05:30:00+00:00,14.8,100.0,OpenAQ verified hourly measurement
PUN,Pune,Maharashtra,11613,"Revenue Colony-Shivajinagar, Pune - IITM",12236463,2026-08-10 06:30:00+00:00,17.2,100.0,OpenAQ verified hourly measurement
PUN,Pune,Maharashtra,11613,"Revenue Colony-Shivajinagar, Pune - IITM",12236463,2026-08-10 07:30:00+00:00,13.9,100.0,OpenAQ verified hourly measurement
PUN,Pune,Maharashtra,11613,"Revenue Colony-Shivajinagar, Pune - IITM",12236463,2026-08-10 08:30:00+00:00,18.1,75.0,OpenAQ verified hourly measurement
PUN,Pune,Maharashtra,11613,"Revenue Colony-Shivajinagar, Pune - IITM",12236463,2026-08-10 09:30:00+00:00,21.8,50.0,OpenAQ verified hourly measurement
PUN,Pune,Maharashtra,11613,"Revenue Colony-Shivajinagar, Pune - IITM",12236463,2026-08-10 10:30:00+00:00,19.4,100.0,OpenAQ verified hourly measurement
PUN,Pune,Maharashtra,11613,"Revenue Colony-Shivajinagar, Pune - IITM",12236463,2026-08-10 11:30:00+00:00,20.8,75.0,OpenAQ verified hourly measurement
PUN,Pune,Maharashtra,11613,"Revenue Colony-Shivajinagar, Pune - IITM",12236463,2026-08-10 12:30:00+00:00,23.0,100.0,OpenAQ verified hourly measurement
PUN,Pune,Maharashtra,11613,"Revenue Colony-Shivajinagar, Pune - IITM",12236463,2026-08-10 13:30:00+00:00,22.7,75.0,OpenAQ verified hourly measurement
PUN,Pune,Maharashtra,11613,"Revenue Colony-Shivajinagar, Pune - IITM",12236463,2026-08-10 14:30:00+00:00,21.8,100.0,OpenAQ verified hourly measurement
PUN,Pune,Maharashtra,11613,"Revenue Colony-Shivajinagar, Pune - IITM",12236463,2026-08-10 15:30:00+00:00,26.6,75.0,OpenAQ verified hourly measurement
PUN,Pune,Maharashtra,11613,"Revenue Colony-Shivajinagar, Pune - IITM",12236463,2026-08-10 16:30:00+00:00,28.2,100.0,OpenAQ verified hourly measurement
PUN,Pune,Maharashtra,11613,"Revenue Colony-Shivajinagar, Pune - IITM",12236463,2026-08-10 18:30:00+00:00,18.6,50.0,OpenAQ verified hourly measurement
PUN,Pune,Maharashtra,11613,"Revenue Colony-Shivajinagar, Pune - IITM",12236463,2026-08-10 19:30:00+00:00,24.3,75.0,OpenAQ verified hourly measurement
PUN,Pune,Maharashtra,11613,"Revenue Colony-Shivajinagar, Pune - IITM",12236463,2026-08-10 20:30:00+00:00,26.8,100.0,OpenAQ verified hourly measurement
PUN,Pune,Maharashtra,11613,"Revenue Colony-Shivajinagar, Pune - IITM",12236463,2026-08-10 21:30:00+00:00,16.5,50.0,OpenAQ verified hourly measurement
PUN,Pune,Maharashtra,11613,"Revenue Colony-Shivajinagar, Pune - IITM",12236463,2026-08-10 22:30:00+00:00,18.8,100.0,OpenAQ verified hourly measurement
PUN,Pune,Maharashtra,11613,"Revenue Colony-Shivajinagar, Pune - IITM",12236463,2026-08-10 23:30:00+00:00,19.5,50.0,OpenAQ verified hourly measurement
PUN,Pune,Maharashtra,11613,"Revenue Colony-Shivajinagar, Pune - IITM",12236463,2026-08-11 00:30:00+00:00,19.1,100.0,OpenAQ verified hourly measurement
PUN,Pune,Maharashtra,11613,"Revenue Colony-Shivajinagar, Pune - IITM",12236463,2026-08-11 01:30:00+00:00,30.1,50.0,OpenAQ verified hourly measurement
PUN,Pune,Maharashtra,11613,"Revenue Colony-Shivajinagar, Pune - IITM",12236463,2026-08-11 02:30:00+00:00,28.7,100.0,OpenAQ verified hourly measurement
PUN,Pune,Maharashtra,11613,"Revenue Colony-Shivajinagar, Pune - IITM",12236463,2026-08-11 03:30:00+00:00,15.8,50.0,OpenAQ verified hourly measurement
PUN,Pune,Maharashtra,11613,"Revenue Colony-Shivajinagar, Pune - IITM",12236463,2026-08-11 04:30:00+00:00,15.4,75.0,OpenAQ verified hourly measurement
PUN,Pune,Maharashtra,11613,"Revenue Colony-Shivajinagar, Pune - IITM",12236463,2026-08-11 05:30:00+00:00,15.0,50.0,OpenAQ verified hourly measurement
PUN,Pune,Maharashtra,11613,"Revenue Colony-Shivajinagar, Pune - IITM",12236463,2026-08-11 06:30:00+00:00,17.3,100.0,OpenAQ verified hourly measurement
PUN,Pune,Maharashtra,11613,"Revenue Colony-Shivajinagar, Pune - IITM",12236463,2026-08-11 07:30:00+00:00,20.2,100.0,OpenAQ verified hourly measurement
PUN,Pune,Maharashtra,11613,"Revenue Colony-Shivajinagar, Pune - IITM",12236463,2026-08-11 08:30:00+00:00,21.4,100.0,OpenAQ verified hourly measurement
PUN,Pune,Maharashtra,11613,"Revenue Colony-Shivajinagar, Pune - IITM",12236463,2026-08-11 09:30:00+00:00,25.0,100.0,OpenAQ verified hourly measurement
PUN,Pune,Maharashtra,11613,"Revenue Colony-Shivajinagar, Pune - IITM",12236463,2026-08-11 10:30:00+00:00,16.2,100.0,OpenAQ verified hourly measurement
PUN,Pune,Maharashtra,11613,"Revenue Colony-Shivajinagar, Pune - IITM",12236463,2026-08-11 11:30:00+00:00,18.0,100.0,OpenAQ verified hourly measurement
PUN,Pune,Maharashtra,11613,"Revenue Colony-Shivajinagar, Pune - IITM",12236463,2026-08-11 12:30:00+00:00,19.4,100.0,OpenAQ verified hourly measurement
PUN,Pune,Maharashtra,11613,"Revenue Colony-Shivajinagar, Pune - IITM",12236463,2026-08-11 13:30:00+00:00,12.0,100.0,OpenAQ verified hourly measurement
PUN,Pune,Maharashtra,11613,"Revenue Colony-Shivajinagar, Pune - IITM",12236463,2026-08-11 14:30:00+00:00,9.76,100.0,OpenAQ verified hourly measurement
PUN,Pune,Maharashtra,11613,"Revenue Colony-Shivajinagar, Pune - IITM",12236463,2026-08-11 15:30:00+00:00,13.9,100.0,OpenAQ verified hourly measurement
PUN,Pune,Maharashtra,11613,"Revenue Colony-Shivajinagar, Pune - IITM",12236463,2026-08-11 16:30:00+00:00,18.7,100.0,OpenAQ verified hourly measurement
PUN,Pune,Maharashtra,11613,"Revenue Colony-Shivajinagar, Pune - IITM",12236463,2026-08-11 17:30:00+00:00,18.6,25.0,OpenAQ verified hourly measurement
PUN,Pune,Maharashtra,11613,"Revenue Colony-Shivajinagar, Pune - IITM",12236463,2026-08-11 19:30:00+00:00,18.7,50.0,OpenAQ verified hourly measurement
PUN,Pune,Maharashtra,11613,"Revenue Colony-Shivajinagar, Pune - IITM",12236463,2026-08-11 20:30:00+00:00,14.7,100.0,OpenAQ verified hourly measurement
PUN,Pune,Maharashtra,11613,"Revenue Colony-Shivajinagar, Pune - IITM",12236463,2026-08-11 21:30:00+00:00,13.3,75.0,OpenAQ verified hourly measurement
PUN,Pune,Maharashtra,11613,"Revenue Colony-Shivajinagar, Pune - IITM",12236463,2026-08-11 22:30:00+00:00,17.7,75.0,OpenAQ verified hourly measurement
PUN,Pune,Maharashtra,11613,"Revenue Colony-Shivajinagar, Pune - IITM",12236463,2026-08-11 23:30:00+00:00,20.0,50.0,OpenAQ verified hourly measurement
PUN,Pune,Maharashtra,11613,"Revenue Colony-Shivajinagar, Pune - IITM",12236463,2026-08-12 00:30:00+00:00,15.5,100.0,OpenAQ verified hourly measurement
PUN,Pune,Maharashtra,11613,"Revenue Colony-Shivajinagar, Pune - IITM",12236463,2026-08-12 01:30:00+00:00,17.4,75.0,OpenAQ verified hourly measurement
PUN,Pune,Maharashtra,11613,"Revenue Colony-Shivajinagar, Pune - IITM",12236463,2026-08-12 02:30:00+00:00,21.4,100.0,OpenAQ verified hourly measurement
PUN,Pune,Maharashtra,11613,"Revenue Colony-Shivajinagar, Pune - IITM",12236463,2026-08-12 03:30:00+00:00,17.1,75.0,OpenAQ verified hourly measurement
PUN,Pune,Maharashtra,11613,"Revenue Colony-Shivajinagar, Pune - IITM",12236463,2026-08-12 04:30:00+00:00,12.1,100.0,OpenAQ verified hourly measurement
PUN,Pune,Maharashtra,11613,"Revenue Colony-Shivajinagar, Pune - IITM",12236463,2026-08-12 05:30:00+00:00,15.0,50.0,OpenAQ verified hourly measurement
PUN,Pune,Maharashtra,11613,"Revenue Colony-Shivajinagar, Pune - IITM",12236463,2026-08-12 06:30:00+00:00,16.4,25.0,OpenAQ verified hourly measurement
PUN,Pune,Maharashtra,11613,"Revenue Colony-Shivajinagar, Pune - IITM",12236463,2026-08-12 07:30:00+00:00,27.5,50.0,OpenAQ verified hourly measurement
PUN,Pune,Maharashtra,11613,"Revenue Colony-Shivajinagar, Pune - IITM",12236463,2026-08-12 08:30:00+00:00,22.4,100.0,OpenAQ verified hourly measurement
PUN,Pune,Maharashtra,11613,"Revenue Colony-Shivajinagar, Pune - IITM",12236463,2026-08-12 09:30:00+00:00,17.0,100.0,OpenAQ verified hourly measurement
PUN,Pune,Maharashtra,11613,"Revenue Colony-Shivajinagar, Pune - IITM",12236463,2026-08-12 10:30:00+00:00,19.9,100.0,OpenAQ verified hourly measurement
PUN,Pune,Maharashtra,11613,"Revenue Colony-Shivajinagar, Pune - IITM",12236463,2026-08-12 11:30:00+00:00,21.5,50.0,OpenAQ verified hourly measurement
PUN,Pune,Maharashtra,11613,"Revenue Colony-Shivajinagar, Pune - IITM",12236463,2026-08-12 12:30:00+00:00,20.8,50.0,OpenAQ verified hourly measurement
PUN,Pune,Maharashtra,11613,"Revenue Colony-Shivajinagar, Pune - IITM",12236463,2026-08-12 13:30:00+00:00,19.2,100.0,OpenAQ verified hourly measurement
PUN,Pune,Maharashtra,11613,"Revenue Colony-Shivajinagar, Pune - IITM",12236463,2026-08-12 14:30:00+00:00,15.5,100.0,OpenAQ verified hourly measurement
PUN,Pune,Maharashtra,11613,"Revenue Colony-Shivajinagar, Pune - IITM",12236463,2026-08-12 15:30:00+00:00,26.9,100.0,OpenAQ verified hourly measurement
PUN,Pune,Maharashtra,11613,"Revenue Colony-Shivajinagar, Pune - IITM",12236463,2026-08-12 16:30:00+00:00,35.7,100.0,OpenAQ verified hourly measurement
PUN,Pune,Maharashtra,11613,"Revenue Colony-Shivajinagar, Pune - IITM",12236463,2026-08-12 17:30:00+00:00,27.2,25.0,OpenAQ verified hourly measurement
PUN,Pune,Maharashtra,11613,"Revenue Colony-Shivajinagar, Pune - IITM",12236463,2026-08-12 18:30:00+00:00,20.6,50.0,OpenAQ verified hourly measurement
PUN,Pune,Maharashtra,11613,"Revenue Colony-Shivajinagar, Pune - IITM",12236463,2026-08-12 19:30:00+00:00,23.4,75.0,OpenAQ verified hourly measurement
PUN,Pune,Maharashtra,11613,"Revenue Colony-Shivajinagar, Pune - IITM",12236463,2026-08-12 20:30:00+00:00,22.1,100.0,OpenAQ verified hourly measurement
PUN,Pune,Maharashtra,11613,"Revenue Colony-Shivajinagar, Pune - IITM",12236463,2026-08-12 21:30:00+00:00,15.9,25.0,OpenAQ verified hourly measurement
PUN,Pune,Maharashtra,11613,"Revenue Colony-Shivajinagar, Pune - IITM",12236463,2026-08-12 23:30:00+00:00,20.7,50.0,OpenAQ verified hourly measurement
PUN,Pune,Maharashtra,11613,"Revenue Colony-Shivajinagar, Pune - IITM",12236463,2026-08-13 00:30:00+00:00,21.4,100.0,OpenAQ verified hourly measurement
PUN,Pune,Maharashtra,11613,"Revenue Colony-Shivajinagar, Pune - IITM",12236463,2026-08-13 02:30:00+00:00,38.5,50.0,OpenAQ verified hourly measurement
PUN,Pune,Maharashtra,11613,"Revenue Colony-Shivajinagar, Pune - IITM",12236463,2026-08-13 03:30:00+00:00,31.6,75.0,OpenAQ verified hourly measurement
PUN,Pune,Maharashtra,11613,"Revenue Colony-Shivajinagar, Pune - IITM",12236463,2026-08-13 04:30:00+00:00,23.3,100.0,OpenAQ verified hourly measurement
PUN,Pune,Maharashtra,11613,"Revenue Colony-Shivajinagar, Pune - IITM",12236463,2026-08-13 05:30:00+00:00,15.4,50.0,OpenAQ verified hourly measurement
PUN,Pune,Maharashtra,11613,"Revenue Colony-Shivajinagar, Pune - IITM",12236463,2026-08-13 06:30:00+00:00,15.6,100.0,OpenAQ verified hourly measurement
PUN,Pune,Maharashtra,11613,"Revenue Colony-Shivajinagar, Pune - IITM",12236463,2026-08-13 07:30:00+00:00,12.9,50.0,OpenAQ verified hourly measurement
PUN,Pune,Maharashtra,11613,"Revenue Colony-Shivajinagar, Pune - IITM",12236463,2026-08-13 08:30:00+00:00,11.2,75.0,OpenAQ verified hourly measurement
PUN,Pune,Maharashtra,11613,"Revenue Colony-Shivajinagar, Pune - IITM",12236463,2026-08-13 09:30:00+00:00,8.21,50.0,OpenAQ verified hourly measurement
PUN,Pune,Maharashtra,11613,"Revenue Colony-Shivajinagar, Pune - IITM",12236463,2026-08-13 10:30:00+00:00,8.52,100.0,OpenAQ verified hourly measurement
PUN,Pune,Maharashtra,11613,"Revenue Colony-Shivajinagar, Pune - IITM",12236463,2026-08-13 11:30:00+00:00,18.3,50.0,OpenAQ verified hourly measurement
PUN,Pune,Maharashtra,11613,"Revenue Colony-Shivajinagar, Pune - IITM",12236463,2026-08-13 12:30:00+00:00,19.7,75.0,OpenAQ verified hourly measurement
PUN,Pune,Maharashtra,11613,"Revenue Colony-Shivajinagar, Pune - IITM",12236463,2026-08-13 13:30:00+00:00,17.6,50.0,OpenAQ verified hourly measurement
PUN,Pune,Maharashtra,11613,"Revenue Colony-Shivajinagar, Pune - IITM",12236463,2026-08-13 14:30:00+00:00,21.2,100.0,OpenAQ verified hourly measurement
PUN,Pune,Maharashtra,11613,"Revenue Colony-Shivajinagar, Pune - IITM",12236463,2026-08-13 15:30:00+00:00,31.2,100.0,OpenAQ verified hourly measurement
PUN,Pune,Maharashtra,11613,"Revenue Colony-Shivajinagar, Pune - IITM",12236463,2026-08-13 16:30:00+00:00,32.8,100.0,OpenAQ verified hourly measurement
PUN,Pune,Maharashtra,11613,"Revenue Colony-Shivajinagar, Pune - IITM",12236463,2026-08-13 17:30:00+00:00,23.0,50.0,OpenAQ verified hourly measurement
PUN,Pune,Maharashtra,11613,"Revenue Colony-Shivajinagar, Pune - IITM",12236463,2026-08-13 18:30:00+00:00,19.6,50.0,OpenAQ verified hourly measurement
PUN,Pune,Maharashtra,11613,"Revenue Colony-Shivajinagar, Pune - IITM",12236463,2026-08-13 19:30:00+00:00,20.2,100.0,OpenAQ verified hourly measurement
PUN,Pune,Maharashtra,11613,"Revenue Colony-Shivajinagar, Pune - IITM",12236463,2026-08-13 20:30:00+00:00,16.7,100.0,OpenAQ verified hourly measurement
PUN,Pune,Maharashtra,11613,"Revenue Colony-Shivajinagar, Pune - IITM",12236463,2026-08-13 21:30:00+00:00,14.1,100.0,OpenAQ verified hourly measurement
PUN,Pune,Maharashtra,11613,"Revenue Colony-Shivajinagar, Pune - IITM",12236463,2026-08-13 22:30:00+00:00,17.3,100.0,OpenAQ verified hourly measurement
PUN,Pune,Maharashtra,11613,"Revenue Colony-Shivajinagar, Pune - IITM",12236463,2026-08-13 23:30:00+00:00,22.5,100.0,OpenAQ verified hourly measurement
PUN,Pune,Maharashtra,11613,"Revenue Colony-Shivajinagar, Pune - IITM",12236463,2026-08-14 00:30:00+00:00,22.0,100.0,OpenAQ verified hourly measurement
PUN,Pune,Maharashtra,11613,"Revenue Colony-Shivajinagar, Pune - IITM",12236463,2026-08-14 01:30:00+00:00,28.6,50.0,OpenAQ verified hourly measurement
PUN,Pune,Maharashtra,11613,"Revenue Colony-Shivajinagar, Pune - IITM",12236463,2026-08-14 02:30:00+00:00,34.6,100.0,OpenAQ verified hourly measurement
PUN,Pune,Maharashtra,11613,"Revenue Colony-Shivajinagar, Pune - IITM",12236463,2026-08-14 03:30:00+00:00,20.3,100.0,OpenAQ verified hourly measurement
PUN,Pune,Maharashtra,11613,"Revenue Colony-Shivajinagar, Pune - IITM",12236463,2026-08-14 04:30:00+00:00,13.2,75.0,OpenAQ verified hourly measurement
PUN,Pune,Maharashtra,11613,"Revenue Colony-Shivajinagar, Pune - IITM",12236463,2026-08-17 05:30:00+00:00,21.6,50.0,OpenAQ verified hourly measurement
PUN,Pune,Maharashtra,11613,"Revenue Colony-Shivajinagar, Pune - IITM",12236463,2026-08-17 06:30:00+00:00,20.0,75.0,OpenAQ verified hourly measurement
PUN,Pune,Maharashtra,11613,"Revenue Colony-Shivajinagar, Pune - IITM",12236463,2026-08-17 07:30:00+00:00,12.4,75.0,OpenAQ verified hourly measurement
PUN,Pune,Maharashtra,11613,"Revenue Colony-Shivajinagar, Pune - IITM",12236463,2026-08-17 08:30:00+00:00,8.78,100.0,OpenAQ verified hourly measurement
PUN,Pune,Maharashtra,11613,"Revenue Colony-Shivajinagar, Pune - IITM",12236463,2026-08-17 09:30:00+00:00,7.73,50.0,OpenAQ verified hourly measurement
PUN,Pune,Maharashtra,11613,"Revenue Colony-Shivajinagar, Pune - IITM",12236463,2026-08-17 10:30:00+00:00,10.5,100.0,OpenAQ verified hourly measurement
PUN,Pune,Maharashtra,11613,"Revenue Colony-Shivajinagar, Pune - IITM",12236463,2026-08-17 11:30:00+00:00,15.6,50.0,OpenAQ verified hourly measurement
PUN,Pune,Maharashtra,11613,"Revenue Colony-Shivajinagar, Pune - IITM",12236463,2026-08-17 12:30:00+00:00,19.1,100.0,OpenAQ verified hourly measurement
PUN,Pune,Maharashtra,11613,"Revenue Colony-Shivajinagar, Pune - IITM",12236463,2026-08-17 13:30:00+00:00,24.0,50.0,OpenAQ verified hourly measurement
PUN,Pune,Maharashtra,11613,"Revenue Colony-Shivajinagar, Pune - IITM",12236463,2026-08-17 14:30:00+00:00,27.4,100.0,OpenAQ verified hourly measurement
PUN,Pune,Maharashtra,11613,"Revenue Colony-Shivajinagar, Pune - IITM",12236463,2026-08-17 15:30:00+00:00,28.3,100.0,OpenAQ verified hourly measurement
PUN,Pune,Maharashtra,11613,"Revenue Colony-Shivajinagar, Pune - IITM",12236463,2026-08-17 16:30:00+00:00,22.8,100.0,OpenAQ verified hourly measurement
PUN,Pune,Maharashtra,11613,"Revenue Colony-Shivajinagar, Pune - IITM",12236463,2026-08-17 17:30:00+00:00,24.7,25.0,OpenAQ verified hourly measurement
PUN,Pune,Maharashtra,11613,"Revenue Colony-Shivajinagar, Pune - IITM",12236463,2026-08-17 18:30:00+00:00,17.0,50.0,OpenAQ verified hourly measurement
PUN,Pune,Maharashtra,11613,"Revenue Colony-Shivajinagar, Pune - IITM",12236463,2026-08-17 19:30:00+00:00,19.4,100.0,OpenAQ verified hourly measurement
PUN,Pune,Maharashtra,11613,"Revenue Colony-Shivajinagar, Pune - IITM",12236463,2026-08-17 20:30:00+00:00,20.4,100.0,OpenAQ verified hourly measurement
PUN,Pune,Maharashtra,11613,"Revenue Colony-Shivajinagar, Pune - IITM",12236463,2026-08-17 21:30:00+00:00,15.0,75.0,OpenAQ verified hourly measurement
PUN,Pune,Maharashtra,11613,"Revenue Colony-Shivajinagar, Pune - IITM",12236463,2026-08-17 22:30:00+00:00,18.9,100.0,OpenAQ verified hourly measurement
PUN,Pune,Maharashtra,11613,"Revenue Colony-Shivajinagar, Pune - IITM",12236463,2026-08-17 23:30:00+00:00,22.0,75.0,OpenAQ verified hourly measurement
PUN,Pune,Maharashtra,11613,"Revenue Colony-Shivajinagar, Pune - IITM",12236463,2026-08-18 00:30:00+00:00,16.0,100.0,OpenAQ verified hourly measurement
PUN,Pune,Maharashtra,11613,"Revenue Colony-Shivajinagar, Pune - IITM",12236463,2026-08-18 01:30:00+00:00,18.2,50.0,OpenAQ verified hourly measurement
PUN,Pune,Maharashtra,11613,"Revenue Colony-Shivajinagar, Pune - IITM",12236463,2026-08-18 02:30:00+00:00,23.2,100.0,OpenAQ verified hourly measurement
PUN,Pune,Maharashtra,11613,"Revenue Colony-Shivajinagar, Pune - IITM",12236463,2026-08-18 03:30:00+00:00,26.2,75.0,OpenAQ verified hourly measurement
PUN,Pune,Maharashtra,11613,"Revenue Colony-Shivajinagar, Pune - IITM",12236463,2026-08-18 04:30:00+00:00,21.4,100.0,OpenAQ verified hourly measurement
PUN,Pune,Maharashtra,11613,"Revenue Colony-Shivajinagar, Pune - IITM",12236463,2026-08-18 05:30:00+00:00,20.4,50.0,OpenAQ verified hourly measurement
PUN,Pune,Maharashtra,11613,"Revenue Colony-Shivajinagar, Pune - IITM",12236463,2026-08-18 06:30:00+00:00,20.6,75.0,OpenAQ verified hourly measurement
PUN,Pune,Maharashtra,11613,"Revenue Colony-Shivajinagar, Pune - IITM",12236463,2026-08-18 07:30:00+00:00,15.8,75.0,OpenAQ verified hourly measurement
PUN,Pune,Maharashtra,11613,"Revenue Colony-Shivajinagar, Pune - IITM",12236463,2026-08-18 08:30:00+00:00,12.9,100.0,OpenAQ verified hourly measurement
PUN,Pune,Maharashtra,11613,"Revenue Colony-Shivajinagar, Pune - IITM",12236463,2026-08-18 09:30:00+00:00,15.8,25.0,OpenAQ verified hourly measurement
PUN,Pune,Maharashtra,11613,"Revenue Colony-Shivajinagar, Pune - IITM",12236463,2026-08-18 11:30:00+00:00,9.53,50.0,OpenAQ verified hourly measurement
PUN,Pune,Maharashtra,11613,"Revenue Colony-Shivajinagar, Pune - IITM",12236463,2026-08-18 12:30:00+00:00,12.9,100.0,OpenAQ verified hourly measurement
PUN,Pune,Maharashtra,11613,"Revenue Colony-Shivajinagar, Pune - IITM",12236463,2026-08-18 13:30:00+00:00,19.4,50.0,OpenAQ verified hourly measurement
PUN,Pune,Maharashtra,11613,"Revenue Colony-Shivajinagar, Pune - IITM",12236463,2026-08-18 14:30:00+00:00,20.8,100.0,OpenAQ verified hourly measurement
PUN,Pune,Maharashtra,11613,"Revenue Colony-Shivajinagar, Pune - IITM",12236463,2026-08-18 15:30:00+00:00,15.7,50.0,OpenAQ verified hourly measurement
PUN,Pune,Maharashtra,11613,"Revenue Colony-Shivajinagar, Pune - IITM",12236463,2026-08-18 16:30:00+00:00,15.0,75.0,OpenAQ verified hourly measurement
PUN,Pune,Maharashtra,11613,"Revenue Colony-Shivajinagar, Pune - IITM",12236463,2026-08-18 18:30:00+00:00,11.8,50.0,OpenAQ verified hourly measurement
PUN,Pune,Maharashtra,11613,"Revenue Colony-Shivajinagar, Pune - IITM",12236463,2026-08-18 19:30:00+00:00,11.7,100.0,OpenAQ verified hourly measurement
PUN,Pune,Maharashtra,11613,"Revenue Colony-Shivajinagar, Pune - IITM",12236463,2026-08-18 20:30:00+00:00,12.0,100.0,OpenAQ verified hourly measurement
PUN,Pune,Maharashtra,11613,"Revenue Colony-Shivajinagar, Pune - IITM",12236463,2026-08-18 21:30:00+00:00,15.0,100.0,OpenAQ verified hourly measurement
PUN,Pune,Maharashtra,11613,"Revenue Colony-Shivajinagar, Pune - IITM",12236463,2026-08-18 22:30:00+00:00,22.8,100.0,OpenAQ verified hourly measurement
PUN,Pune,Maharashtra,11613,"Revenue Colony-Shivajinagar, Pune - IITM",12236463,2026-08-18 23:30:00+00:00,22.3,100.0,OpenAQ verified hourly measurement
PUN,Pune,Maharashtra,11613,"Revenue Colony-Shivajinagar, Pune - IITM",12236463,2026-08-19 00:30:00+00:00,15.4,100.0,OpenAQ verified hourly measurement
PUN,Pune,Maharashtra,11613,"Revenue Colony-Shivajinagar, Pune - IITM",12236463,2026-08-19 01:30:00+00:00,17.2,100.0,OpenAQ verified hourly measurement
PUN,Pune,Maharashtra,11613,"Revenue Colony-Shivajinagar, Pune - IITM",12236463,2026-08-19 02:30:00+00:00,23.4,100.0,OpenAQ verified hourly measurement
PUN,Pune,Maharashtra,11613,"Revenue Colony-Shivajinagar, Pune - IITM",12236463,2026-08-19 03:30:00+00:00,22.4,100.0,OpenAQ verified hourly measurement
PUN,Pune,Maharashtra,11613,"Revenue Colony-Shivajinagar, Pune - IITM",12236463,2026-08-19 04:30:00+00:00,21.2,50.0,OpenAQ verified hourly measurement
PUN,Pune,Maharashtra,11613,"Revenue Colony-Shivajinagar, Pune - IITM",12236463,2026-08-19 05:30:00+00:00,21.6,50.0,OpenAQ verified hourly measurement
PUN,Pune,Maharashtra,11613,"Revenue Colony-Shivajinagar, Pune - IITM",12236463,2026-08-19 06:30:00+00:00,21.1,100.0,OpenAQ verified hourly measurement
PUN,Pune,Maharashtra,11613,"Revenue Colony-Shivajinagar, Pune - IITM",12236463,2026-08-19 07:30:00+00:00,21.7,100.0,OpenAQ verified hourly measurement
PUN,Pune,Maharashtra,11613,"Revenue Colony-Shivajinagar, Pune - IITM",12236463,2026-08-19 08:30:00+00:00,21.5,75.0,OpenAQ verified hourly measurement
PUN,Pune,Maharashtra,11613,"Revenue Colony-Shivajinagar, Pune - IITM",12236463,2026-08-19 09:30:00+00:00,16.5,50.0,OpenAQ verified hourly measurement
PUN,Pune,Maharashtra,11613,"Revenue Colony-Shivajinagar, Pune - IITM",12236463,2026-08-19 10:30:00+00:00,16.9,100.0,OpenAQ verified hourly measurement
PUN,Pune,Maharashtra,11613,"Revenue Colony-Shivajinagar, Pune - IITM",12236463,2026-08-19 11:30:00+00:00,17.1,100.0,OpenAQ verified hourly measurement
PUN,Pune,Maharashtra,11613,"Revenue Colony-Shivajinagar, Pune - IITM",12236463,2026-08-19 12:30:00+00:00,16.1,100.0,OpenAQ verified hourly measurement
PUN,Pune,Maharashtra,11613,"Revenue Colony-Shivajinagar, Pune - IITM",12236463,2026-08-19 13:30:00+00:00,17.5,100.0,OpenAQ verified hourly measurement
PUN,Pune,Maharashtra,11613,"Revenue Colony-Shivajinagar, Pune - IITM",12236463,2026-08-19 14:30:00+00:00,21.2,100.0,OpenAQ verified hourly measurement
PUN,Pune,Maharashtra,11613,"Revenue Colony-Shivajinagar, Pune - IITM",12236463,2026-08-19 15:30:00+00:00,21.3,100.0,OpenAQ verified hourly measurement
PUN,Pune,Maharashtra,11613,"Revenue Colony-Shivajinagar, Pune - IITM",12236463,2026-08-19 16:30:00+00:00,26.8,100.0,OpenAQ verified hourly measurement
PUN,Pune,Maharashtra,11613,"Revenue Colony-Shivajinagar, Pune - IITM",12236463,2026-08-19 17:30:00+00:00,29.6,50.0,OpenAQ verified hourly measurement
PUN,Pune,Maharashtra,11613,"Revenue Colony-Shivajinagar, Pune - IITM",12236463,2026-08-19 18:30:00+00:00,12.5,50.0,OpenAQ verified hourly measurement
PUN,Pune,Maharashtra,11613,"Revenue Colony-Shivajinagar, Pune - IITM",12236463,2026-08-19 19:30:00+00:00,14.9,100.0,OpenAQ verified hourly measurement
PUN,Pune,Maharashtra,11613,"Revenue Colony-Shivajinagar, Pune - IITM",12236463,2026-08-19 20:30:00+00:00,17.5,100.0,OpenAQ verified hourly measurement
PUN,Pune,Maharashtra,11613,"Revenue Colony-Shivajinagar, Pune - IITM",12236463,2026-08-19 21:30:00+00:00,12.1,100.0,OpenAQ verified hourly measurement
PUN,Pune,Maharashtra,11613,"Revenue Colony-Shivajinagar, Pune - IITM",12236463,2026-08-19 22:30:00+00:00,12.6,100.0,OpenAQ verified hourly measurement
PUN,Pune,Maharashtra,11613,"Revenue Colony-Shivajinagar, Pune - IITM",12236463,2026-08-19 23:30:00+00:00,14.4,100.0,OpenAQ verified hourly measurement
PUN,Pune,Maharashtra,11613,"Revenue Colony-Shivajinagar, Pune - IITM",12236463,2026-08-20 00:30:00+00:00,10.1,100.0,OpenAQ verified hourly measurement
PUN,Pune,Maharashtra,11613,"Revenue Colony-Shivajinagar, Pune - IITM",12236463,2026-08-20 01:30:00+00:00,14.6,75.0,OpenAQ verified hourly measurement
PUN,Pune,Maharashtra,11613,"Revenue Colony-Shivajinagar, Pune - IITM",12236463,2026-08-20 02:30:00+00:00,21.2,75.0,OpenAQ verified hourly measurement
PUN,Pune,Maharashtra,11613,"Revenue Colony-Shivajinagar, Pune - IITM",12236463,2026-08-21 03:30:00+00:00,27.9,50.0,OpenAQ verified hourly measurement
PUN,Pune,Maharashtra,11613,"Revenue Colony-Shivajinagar, Pune - IITM",12236463,2026-08-21 04:30:00+00:00,24.3,100.0,OpenAQ verified hourly measurement
PUN,Pune,Maharashtra,11613,"Revenue Colony-Shivajinagar, Pune - IITM",12236463,2026-08-21 05:30:00+00:00,17.6,100.0,OpenAQ verified hourly measurement
PUN,Pune,Maharashtra,11613,"Revenue Colony-Shivajinagar, Pune - IITM",12236463,2026-08-21 06:30:00+00:00,13.7,100.0,OpenAQ verified hourly measurement
PUN,Pune,Maharashtra,11613,"Revenue Colony-Shivajinagar, Pune - IITM",12236463,2026-08-21 07:30:00+00:00,16.9,100.0,OpenAQ verified hourly measurement
PUN,Pune,Maharashtra,11613,"Revenue Colony-Shivajinagar, Pune - IITM",12236463,2026-08-21 08:30:00+00:00,18.9,100.0,OpenAQ verified hourly measurement
PUN,Pune,Maharashtra,11613,"Revenue Colony-Shivajinagar, Pune - IITM",12236463,2026-08-21 09:30:00+00:00,16.4,75.0,OpenAQ verified hourly measurement
PUN,Pune,Maharashtra,11613,"Revenue Colony-Shivajinagar, Pune - IITM",12236463,2026-08-21 10:30:00+00:00,18.7,100.0,OpenAQ verified hourly measurement
PUN,Pune,Maharashtra,11613,"Revenue Colony-Shivajinagar, Pune - IITM",12236463,2026-08-21 11:30:00+00:00,17.3,100.0,OpenAQ verified hourly measurement
PUN,Pune,Maharashtra,11613,"Revenue Colony-Shivajinagar, Pune - IITM",12236463,2026-08-21 12:30:00+00:00,21.2,100.0,OpenAQ verified hourly measurement
PUN,Pune,Maharashtra,11613,"Revenue Colony-Shivajinagar, Pune - IITM",12236463,2026-08-21 13:30:00+00:00,24.3,75.0,OpenAQ verified hourly measurement
PUN,Pune,Maharashtra,11613,"Revenue Colony-Shivajinagar, Pune - IITM",12236463,2026-08-21 14:30:00+00:00,18.6,100.0,OpenAQ verified hourly measurement
PUN,Pune,Maharashtra,11613,"Revenue Colony-Shivajinagar, Pune - IITM",12236463,2026-08-21 15:30:00+00:00,27.5,75.0,OpenAQ verified hourly measurement
PUN,Pune,Maharashtra,11613,"Revenue Colony-Shivajinagar, Pune - IITM",12236463,2026-08-21 16:30:00+00:00,30.0,100.0,OpenAQ verified hourly measurement
PUN,Pune,Maharashtra,11613,"Revenue Colony-Shivajinagar, Pune - IITM",12236463,2026-08-21 18:30:00+00:00,14.1,50.0,OpenAQ verified hourly measurement
PUN,Pune,Maharashtra,11613,"Revenue Colony-Shivajinagar, Pune - IITM",12236463,2026-08-21 19:30:00+00:00,12.1,75.0,OpenAQ verified hourly measurement
PUN,Pune,Maharashtra,11613,"Revenue Colony-Shivajinagar, Pune - IITM",12236463,2026-08-21 20:30:00+00:00,12.5,100.0,OpenAQ verified hourly measurement
PUN,Pune,Maharashtra,11613,"Revenue Colony-Shivajinagar, Pune - IITM",12236463,2026-08-21 21:30:00+00:00,11.9,50.0,OpenAQ verified hourly measurement
PUN,Pune,Maharashtra,11613,"Revenue Colony-Shivajinagar, Pune - IITM",12236463,2026-08-21 22:30:00+00:00,14.8,100.0,OpenAQ verified hourly measurement
PUN,Pune,Maharashtra,11613,"Revenue Colony-Shivajinagar, Pune - IITM",12236463,2026-08-21 23:30:00+00:00,14.8,50.0,OpenAQ verified hourly measurement
PUN,Pune,Maharashtra,11613,"Revenue Colony-Shivajinagar, Pune - IITM",12236463,2026-08-22 00:30:00+00:00,19.2,100.0,OpenAQ verified hourly measurement
PUN,Pune,Maharashtra,11613,"Revenue Colony-Shivajinagar, Pune - IITM",12236463,2026-08-22 01:30:00+00:00,20.1,50.0,OpenAQ verified hourly measurement
PUN,Pune,Maharashtra,11613,"Revenue Colony-Shivajinagar, Pune - IITM",12236463,2026-08-22 02:30:00+00:00,19.7,100.0,OpenAQ verified hourly measurement
PUN,Pune,Maharashtra,11613,"Revenue Colony-Shivajinagar, Pune - IITM",12236463,2026-08-22 03:30:00+00:00,18.1,50.0,OpenAQ verified hourly measurement
PUN,Pune,Maharashtra,11613,"Revenue Colony-Shivajinagar, Pune - IITM",12236463,2026-08-22 04:30:00+00:00,15.7,75.0,OpenAQ verified hourly measurement
PUN,Pune,Maharashtra,11613,"Revenue Colony-Shivajinagar, Pune - IITM",12236463,2026-08-22 05:30:00+00:00,10.9,50.0,OpenAQ verified hourly measurement
PUN,Pune,Maharashtra,11613,"Revenue Colony-Shivajinagar, Pune - IITM",12236463,2026-08-22 06:30:00+00:00,14.5,100.0,OpenAQ verified hourly measurement
PUN,Pune,Maharashtra,11613,"Revenue Colony-Shivajinagar, Pune - IITM",12236463,2026-08-22 07:30:00+00:00,16.7,100.0,OpenAQ verified hourly measurement
PUN,Pune,Maharashtra,11613,"Revenue Colony-Shivajinagar, Pune - IITM",12236463,2026-08-22 08:30:00+00:00,13.5,100.0,OpenAQ verified hourly measurement
PUN,Pune,Maharashtra,11613,"Revenue Colony-Shivajinagar, Pune - IITM",12236463,2026-08-22 09:30:00+00:00,15.2,100.0,OpenAQ verified hourly measurement
PUN,Pune,Maharashtra,11613,"Revenue Colony-Shivajinagar, Pune - IITM",12236463,2026-08-22 10:30:00+00:00,15.2,100.0,OpenAQ verified hourly measurement
PUN,Pune,Maharashtra,11613,"Revenue Colony-Shivajinagar, Pune - IITM",12236463,2026-08-22 11:30:00+00:00,15.1,100.0,OpenAQ verified hourly measurement
PUN,Pune,Maharashtra,11613,"Revenue Colony-Shivajinagar, Pune - IITM",12236463,2026-08-22 12:30:00+00:00,11.9,100.0,OpenAQ verified hourly measurement
PUN,Pune,Maharashtra,11613,"Revenue Colony-Shivajinagar, Pune - IITM",12236463,2026-08-22 13:30:00+00:00,14.9,100.0,OpenAQ verified hourly measurement
PUN,Pune,Maharashtra,11613,"Revenue Colony-Shivajinagar, Pune - IITM",12236463,2026-08-22 14:30:00+00:00,27.9,100.0,OpenAQ verified hourly measurement
PUN,Pune,Maharashtra,11613,"Revenue Colony-Shivajinagar, Pune - IITM",12236463,2026-08-22 15:30:00+00:00,30.8,100.0,OpenAQ verified hourly measurement
PUN,Pune,Maharashtra,11613,"Revenue Colony-Shivajinagar, Pune - IITM",12236463,2026-08-22 16:30:00+00:00,22.1,100.0,OpenAQ verified hourly measurement
PUN,Pune,Maharashtra,11613,"Revenue Colony-Shivajinagar, Pune - IITM",12236463,2026-08-22 17:30:00+00:00,18.5,50.0,OpenAQ verified hourly measurement
PUN,Pune,Maharashtra,11613,"Revenue Colony-Shivajinagar, Pune - IITM",12236463,2026-08-22 18:30:00+00:00,11.5,50.0,OpenAQ verified hourly measurement
PUN,Pune,Maharashtra,11613,"Revenue Colony-Shivajinagar, Pune - IITM",12236463,2026-08-22 19:30:00+00:00,10.5,50.0,OpenAQ verified hourly measurement
PUN,Pune,Maharashtra,11613,"Revenue Colony-Shivajinagar, Pune - IITM",12236463,2026-08-22 21:30:00+00:00,15.3,50.0,OpenAQ verified hourly measurement
PUN,Pune,Maharashtra,11613,"Revenue Colony-Shivajinagar, Pune - IITM",12236463,2026-08-22 22:30:00+00:00,14.9,100.0,OpenAQ verified hourly measurement
PUN,Pune,Maharashtra,11613,"Revenue Colony-Shivajinagar, Pune - IITM",12236463,2026-08-22 23:30:00+00:00,15.9,100.0,OpenAQ verified hourly measurement
PUN,Pune,Maharashtra,11613,"Revenue Colony-Shivajinagar, Pune - IITM",12236463,2026-08-23 00:30:00+00:00,19.3,100.0,OpenAQ verified hourly measurement
PUN,Pune,Maharashtra,11613,"Revenue Colony-Shivajinagar, Pune - IITM",12236463,2026-08-23 01:30:00+00:00,18.2,75.0,OpenAQ verified hourly measurement
PUN,Pune,Maharashtra,11613,"Revenue Colony-Shivajinagar, Pune - IITM",12236463,2026-08-23 02:30:00+00:00,15.6,100.0,OpenAQ verified hourly measurement
PUN,Pune,Maharashtra,11613,"Revenue Colony-Shivajinagar, Pune - IITM",12236463,2026-08-23 03:30:00+00:00,10.6,75.0,OpenAQ verified hourly measurement
PUN,Pune,Maharashtra,11613,"Revenue Colony-Shivajinagar, Pune - IITM",12236463,2026-08-23 04:30:00+00:00,13.9,100.0,OpenAQ verified hourly measurement
PUN,Pune,Maharashtra,11613,"Revenue Colony-Shivajinagar, Pune - IITM",12236463,2026-08-23 05:30:00+00:00,17.5,75.0,OpenAQ verified hourly measurement
PUN,Pune,Maharashtra,11613,"Revenue Colony-Shivajinagar, Pune - IITM",12236463,2026-08-23 06:30:00+00:00,11.7,100.0,OpenAQ verified hourly measurement
PUN,Pune,Maharashtra,11613,"Revenue Colony-Shivajinagar, Pune - IITM",12236463,2026-08-23 07:30:00+00:00,7.65,75.0,OpenAQ verified hourly measurement
PUN,Pune,Maharashtra,11613,"Revenue Colony-Shivajinagar, Pune - IITM",12236463,2026-08-23 08:30:00+00:00,8.03,100.0,OpenAQ verified hourly measurement
PUN,Pune,Maharashtra,11613,"Revenue Colony-Shivajinagar, Pune - IITM",12236463,2026-08-23 09:30:00+00:00,15.3,50.0,OpenAQ verified hourly measurement
PUN,Pune,Maharashtra,11613,"Revenue Colony-Shivajinagar, Pune - IITM",12236463,2026-08-23 10:30:00+00:00,17.5,100.0,OpenAQ verified hourly measurement
PUN,Pune,Maharashtra,11613,"Revenue Colony-Shivajinagar, Pune - IITM",12236463,2026-08-23 11:30:00+00:00,15.0,75.0,OpenAQ verified hourly measurement
PUN,Pune,Maharashtra,11613,"Revenue Colony-Shivajinagar, Pune - IITM",12236463,2026-08-23 12:30:00+00:00,12.2,100.0,OpenAQ verified hourly measurement
PUN,Pune,Maharashtra,11613,"Revenue Colony-Shivajinagar, Pune - IITM",12236463,2026-08-23 13:30:00+00:00,25.3,50.0,OpenAQ verified hourly measurement
PUN,Pune,Maharashtra,11613,"Revenue Colony-Shivajinagar, Pune - IITM",12236463,2026-08-23 14:30:00+00:00,27.2,100.0,OpenAQ verified hourly measurement
PUN,Pune,Maharashtra,11613,"Revenue Colony-Shivajinagar, Pune - IITM",12236463,2026-08-23 15:30:00+00:00,24.3,50.0,OpenAQ verified hourly measurement
PUN,Pune,Maharashtra,11613,"Revenue Colony-Shivajinagar, Pune - IITM",12236463,2026-08-23 16:30:00+00:00,24.0,75.0,OpenAQ verified hourly measurement
PUN,Pune,Maharashtra,11613,"Revenue Colony-Shivajinagar, Pune - IITM",12236463,2026-08-23 18:30:00+00:00,21.1,50.0,OpenAQ verified hourly measurement
PUN,Pune,Maharashtra,11613,"Revenue Colony-Shivajinagar, Pune - IITM",12236463,2026-08-23 19:30:00+00:00,21.0,50.0,OpenAQ verified hourly measurement
PUN,Pune,Maharashtra,11613,"Revenue Colony-Shivajinagar, Pune - IITM",12236463,2026-08-23 20:30:00+00:00,17.4,100.0,OpenAQ verified hourly measurement
PUN,Pune,Maharashtra,11613,"Revenue Colony-Shivajinagar, Pune - IITM",12236463,2026-08-23 21:30:00+00:00,12.7,100.0,OpenAQ verified hourly measurement
PUN,Pune,Maharashtra,11613,"Revenue Colony-Shivajinagar, Pune - IITM",12236463,2026-08-23 22:30:00+00:00,12.0,100.0,OpenAQ verified hourly measurement
PUN,Pune,Maharashtra,11613,"Revenue Colony-Shivajinagar, Pune - IITM",12236463,2026-08-23 23:30:00+00:00,12.6,100.0,OpenAQ verified hourly measurement
PUN,Pune,Maharashtra,11613,"Revenue Colony-Shivajinagar, Pune - IITM",12236463,2026-08-24 00:30:00+00:00,17.1,100.0,OpenAQ verified hourly measurement
PUN,Pune,Maharashtra,11613,"Revenue Colony-Shivajinagar, Pune - IITM",12236463,2026-08-24 01:30:00+00:00,20.4,100.0,OpenAQ verified hourly measurement
PUN,Pune,Maharashtra,11613,"Revenue Colony-Shivajinagar, Pune - IITM",12236463,2026-08-24 02:30:00+00:00,23.1,100.0,OpenAQ verified hourly measurement
PUN,Pune,Maharashtra,11613,"Revenue Colony-Shivajinagar, Pune - IITM",12236463,2026-08-24 03:30:00+00:00,21.4,100.0,OpenAQ verified hourly measurement
PUN,Pune,Maharashtra,11613,"Revenue Colony-Shivajinagar, Pune - IITM",12236463,2026-08-24 04:30:00+00:00,18.7,100.0,OpenAQ verified hourly measurement
PUN,Pune,Maharashtra,11613,"Revenue Colony-Shivajinagar, Pune - IITM",12236463,2026-08-24 05:30:00+00:00,12.8,100.0,OpenAQ verified hourly measurement
PUN,Pune,Maharashtra,11613,"Revenue Colony-Shivajinagar, Pune - IITM",12236463,2026-08-24 06:30:00+00:00,10.7,100.0,OpenAQ verified hourly measurement
PUN,Pune,Maharashtra,11613,"Revenue Colony-Shivajinagar, Pune - IITM",12236463,2026-08-24 07:30:00+00:00,11.5,100.0,OpenAQ verified hourly measurement
PUN,Pune,Maharashtra,11613,"Revenue Colony-Shivajinagar, Pune - IITM",12236463,2026-08-24 08:30:00+00:00,13.5,100.0,OpenAQ verified hourly measurement
PUN,Pune,Maharashtra,11613,"Revenue Colony-Shivajinagar, Pune - IITM",12236463,2026-08-24 09:30:00+00:00,15.3,75.0,OpenAQ verified hourly measurement
PUN,Pune,Maharashtra,11613,"Revenue Colony-Shivajinagar, Pune - IITM",12236463,2026-08-24 10:30:00+00:00,16.0,100.0,OpenAQ verified hourly measurement
PUN,Pune,Maharashtra,11613,"Revenue Colony-Shivajinagar, Pune - IITM",12236463,2026-08-24 11:30:00+00:00,18.3,100.0,OpenAQ verified hourly measurement
PUN,Pune,Maharashtra,11613,"Revenue Colony-Shivajinagar, Pune - IITM",12236463,2026-08-24 12:30:00+00:00,18.0,100.0,OpenAQ verified hourly measurement
PUN,Pune,Maharashtra,11613,"Revenue Colony-Shivajinagar, Pune - IITM",12236463,2026-08-24 13:30:00+00:00,13.5,75.0,OpenAQ verified hourly measurement
PUN,Pune,Maharashtra,11613,"Revenue Colony-Shivajinagar, Pune - IITM",12236463,2026-08-24 14:30:00+00:00,14.4,100.0,OpenAQ verified hourly measurement
PUN,Pune,Maharashtra,11613,"Revenue Colony-Shivajinagar, Pune - IITM",12236463,2026-08-24 15:30:00+00:00,22.9,75.0,OpenAQ verified hourly measurement
PUN,Pune,Maharashtra,11613,"Revenue Colony-Shivajinagar, Pune - IITM",12236463,2026-08-24 16:30:00+00:00,22.4,100.0,OpenAQ verified hourly measurement
PUN,Pune,Maharashtra,11613,"Revenue Colony-Shivajinagar, Pune - IITM",12236463,2026-08-24 17:30:00+00:00,18.5,25.0,OpenAQ verified hourly measurement
PUN,Pune,Maharashtra,11613,"Revenue Colony-Shivajinagar, Pune - IITM",12236463,2026-08-24 18:30:00+00:00,20.8,50.0,OpenAQ verified hourly measurement
PUN,Pune,Maharashtra,11613,"Revenue Colony-Shivajinagar, Pune - IITM",12236463,2026-08-24 19:30:00+00:00,18.4,75.0,OpenAQ verified hourly measurement
PUN,Pune,Maharashtra,11613,"Revenue Colony-Shivajinagar, Pune - IITM",12236463,2026-08-24 20:30:00+00:00,14.9,100.0,OpenAQ verified hourly measurement
PUN,Pune,Maharashtra,11613,"Revenue Colony-Shivajinagar, Pune - IITM",12236463,2026-08-24 22:30:00+00:00,27.3,50.0,OpenAQ verified hourly measurement
PUN,Pune,Maharashtra,11613,"Revenue Colony-Shivajinagar, Pune - IITM",12236463,2026-08-24 23:30:00+00:00,23.1,50.0,OpenAQ verified hourly measurement
PUN,Pune,Maharashtra,11613,"Revenue Colony-Shivajinagar, Pune - IITM",12236463,2026-08-25 00:30:00+00:00,18.1,100.0,OpenAQ verified hourly measurement
PUN,Pune,Maharashtra,11613,"Revenue Colony-Shivajinagar, Pune - IITM",12236463,2026-08-25 01:30:00+00:00,22.2,50.0,OpenAQ verified hourly measurement
PUN,Pune,Maharashtra,11613,"Revenue Colony-Shivajinagar, Pune - IITM",12236463,2026-08-25 02:30:00+00:00,26.2,100.0,OpenAQ verified hourly measurement
PUN,Pune,Maharashtra,11613,"Revenue Colony-Shivajinagar, Pune - IITM",12236463,2026-08-25 03:30:00+00:00,20.1,50.0,OpenAQ verified hourly measurement
