area_id,area_name,state,district_or_city,timestamp_utc,temperature_2m,relative_humidity_2m,wind_speed_10m,wind_direction_10m,precipitation,surface_pressure,weather_source,location_precision
DEL_MEH,Mehrauli pilot area,Delhi,South Delhi,2026-07-26 00:00:00+00:00,27.8,92,5.2,136,0.0,975.2,Open-Meteo archive context,configured pilot anchor
DEL_MEH,Mehrauli pilot area,Delhi,South Delhi,2026-07-26 01:00:00+00:00,27.3,96,4.2,121,0.8,975.4,Open-Meteo archive context,configured pilot anchor
DEL_MEH,Mehrauli pilot area,Delhi,South Delhi,2026-07-26 02:00:00+00:00,28.1,92,5.2,151,0.1,975.7,Open-Meteo archive context,configured pilot anchor
DEL_MEH,Mehrauli pilot area,Delhi,South Delhi,2026-07-26 03:00:00+00:00,29.3,86,2.7,122,0.0,975.9,Open-Meteo archive context,configured pilot anchor
DEL_MEH,Mehrauli pilot area,Delhi,South Delhi,2026-07-26 04:00:00+00:00,30.6,77,4.0,90,0.0,975.8,Open-Meteo archive context,configured pilot anchor
DEL_MEH,Mehrauli pilot area,Delhi,South Delhi,2026-07-26 05:00:00+00:00,31.4,71,5.0,111,0.3,976.2,Open-Meteo archive context,configured pilot anchor
DEL_MEH,Mehrauli pilot area,Delhi,South Delhi,2026-07-26 06:00:00+00:00,32.4,67,4.9,86,0.4,976.3,Open-Meteo archive context,configured pilot anchor
DEL_MEH,Mehrauli pilot area,Delhi,South Delhi,2026-07-26 07:00:00+00:00,32.6,67,5.2,106,0.2,976.2,Open-Meteo archive context,configured pilot anchor
DEL_MEH,Mehrauli pilot area,Delhi,South Delhi,2026-07-26 08:00:00+00:00,33.3,62,5.2,119,0.1,975.7,Open-Meteo archive context,configured pilot anchor
DEL_MEH,Mehrauli pilot area,Delhi,South Delhi,2026-07-26 09:00:00+00:00,33.4,61,4.3,123,0.0,974.7,Open-Meteo archive context,configured pilot anchor
DEL_MEH,Mehrauli pilot area,Delhi,South Delhi,2026-07-26 10:00:00+00:00,33.5,61,3.0,115,0.0,973.9,Open-Meteo archive context,configured pilot anchor
DEL_MEH,Mehrauli pilot area,Delhi,South Delhi,2026-07-26 11:00:00+00:00,33.3,61,3.8,82,0.0,973.1,Open-Meteo archive context,configured pilot anchor
DEL_MEH,Mehrauli pilot area,Delhi,South Delhi,2026-07-26 12:00:00+00:00,33.7,61,4.2,100,0.0,972.9,Open-Meteo archive context,configured pilot anchor
DEL_MEH,Mehrauli pilot area,Delhi,South Delhi,2026-07-26 13:00:00+00:00,32.6,72,3.4,87,0.0,972.9,Open-Meteo archive context,configured pilot anchor
DEL_MEH,Mehrauli pilot area,Delhi,South Delhi,2026-07-26 14:00:00+00:00,31.5,78,2.7,127,0.0,973.3,Open-Meteo archive context,configured pilot anchor
DEL_MEH,Mehrauli pilot area,Delhi,South Delhi,2026-07-26 15:00:00+00:00,31.1,81,2.0,225,0.0,973.7,Open-Meteo archive context,configured pilot anchor
DEL_MEH,Mehrauli pilot area,Delhi,South Delhi,2026-07-26 16:00:00+00:00,30.7,84,1.6,243,0.0,974.3,Open-Meteo archive context,configured pilot anchor
DEL_MEH,Mehrauli pilot area,Delhi,South Delhi,2026-07-26 17:00:00+00:00,30.3,84,1.9,209,0.0,974.6,Open-Meteo archive context,configured pilot anchor
DEL_MEH,Mehrauli pilot area,Delhi,South Delhi,2026-07-26 18:00:00+00:00,30.4,81,1.5,187,0.0,974.1,Open-Meteo archive context,configured pilot anchor
DEL_MEH,Mehrauli pilot area,Delhi,South Delhi,2026-07-26 19:00:00+00:00,30.2,79,1.5,159,0.0,973.9,Open-Meteo archive context,configured pilot anchor
DEL_MEH,Mehrauli pilot area,Delhi,South Delhi,2026-07-26 20:00:00+00:00,29.8,80,1.9,209,0.0,973.2,Open-Meteo archive context,configured pilot anchor
DEL_MEH,Mehrauli pilot area,Delhi,South Delhi,2026-07-26 21:00:00+00:00,29.3,80,3.1,225,0.0,972.9,Open-Meteo archive context,configured pilot anchor
DEL_MEH,Mehrauli pilot area,Delhi,South Delhi,2026-07-26 22:00:00+00:00,29.0,81,3.2,218,0.0,972.8,Open-Meteo archive context,configured pilot anchor
DEL_MEH,Mehrauli pilot area,Delhi,South Delhi,2026-07-26 23:00:00+00:00,28.8,82,2.6,236,0.0,972.9,Open-Meteo archive context,configured pilot anchor
DEL_MEH,Mehrauli pilot area,Delhi,South Delhi,2026-07-27 00:00:00+00:00,29.4,83,3.3,279,0.0,972.9,Open-Meteo archive context,configured pilot anchor
DEL_MEH,Mehrauli pilot area,Delhi,South Delhi,2026-07-27 01:00:00+00:00,29.5,82,3.7,281,0.0,973.0,Open-Meteo archive context,configured pilot anchor
DEL_MEH,Mehrauli pilot area,Delhi,South Delhi,2026-07-27 02:00:00+00:00,30.3,79,2.6,286,0.0,973.4,Open-Meteo archive context,configured pilot anchor
DEL_MEH,Mehrauli pilot area,Delhi,South Delhi,2026-07-27 03:00:00+00:00,31.3,75,3.0,284,0.0,973.6,Open-Meteo archive context,configured pilot anchor
DEL_MEH,Mehrauli pilot area,Delhi,South Delhi,2026-07-27 04:00:00+00:00,32.3,68,3.1,273,0.1,973.4,Open-Meteo archive context,configured pilot anchor
DEL_MEH,Mehrauli pilot area,Delhi,South Delhi,2026-07-27 05:00:00+00:00,33.2,62,3.2,308,0.1,973.7,Open-Meteo archive context,configured pilot anchor
DEL_MEH,Mehrauli pilot area,Delhi,South Delhi,2026-07-27 06:00:00+00:00,34.3,55,2.0,260,0.1,973.2,Open-Meteo archive context,configured pilot anchor
DEL_MEH,Mehrauli pilot area,Delhi,South Delhi,2026-07-27 07:00:00+00:00,34.9,54,4.8,228,0.0,973.3,Open-Meteo archive context,configured pilot anchor
DEL_MEH,Mehrauli pilot area,Delhi,South Delhi,2026-07-27 08:00:00+00:00,35.0,53,4.0,234,0.0,972.6,Open-Meteo archive context,configured pilot anchor
DEL_MEH,Mehrauli pilot area,Delhi,South Delhi,2026-07-27 09:00:00+00:00,35.3,51,4.9,237,0.0,971.5,Open-Meteo archive context,configured pilot anchor
DEL_MEH,Mehrauli pilot area,Delhi,South Delhi,2026-07-27 10:00:00+00:00,34.3,54,4.5,241,0.1,971.0,Open-Meteo archive context,configured pilot anchor
DEL_MEH,Mehrauli pilot area,Delhi,South Delhi,2026-07-27 11:00:00+00:00,33.6,56,0.4,360,0.1,970.9,Open-Meteo archive context,configured pilot anchor
DEL_MEH,Mehrauli pilot area,Delhi,South Delhi,2026-07-27 12:00:00+00:00,33.0,63,2.9,176,0.0,970.8,Open-Meteo archive context,configured pilot anchor
DEL_MEH,Mehrauli pilot area,Delhi,South Delhi,2026-07-27 13:00:00+00:00,32.0,75,2.1,31,0.0,970.7,Open-Meteo archive context,configured pilot anchor
DEL_MEH,Mehrauli pilot area,Delhi,South Delhi,2026-07-27 14:00:00+00:00,31.4,78,3.6,93,0.0,971.0,Open-Meteo archive context,configured pilot anchor
DEL_MEH,Mehrauli pilot area,Delhi,South Delhi,2026-07-27 15:00:00+00:00,30.7,78,7.1,120,0.0,971.8,Open-Meteo archive context,configured pilot anchor
DEL_MEH,Mehrauli pilot area,Delhi,South Delhi,2026-07-27 16:00:00+00:00,29.7,83,9.9,112,0.0,972.4,Open-Meteo archive context,configured pilot anchor
DEL_MEH,Mehrauli pilot area,Delhi,South Delhi,2026-07-27 17:00:00+00:00,28.6,88,12.9,126,0.5,973.0,Open-Meteo archive context,configured pilot anchor
DEL_MEH,Mehrauli pilot area,Delhi,South Delhi,2026-07-27 18:00:00+00:00,29.4,86,14.0,137,0.3,972.5,Open-Meteo archive context,configured pilot anchor
DEL_MEH,Mehrauli pilot area,Delhi,South Delhi,2026-07-27 19:00:00+00:00,27.1,92,12.8,158,3.1,973.1,Open-Meteo archive context,configured pilot anchor
DEL_MEH,Mehrauli pilot area,Delhi,South Delhi,2026-07-27 20:00:00+00:00,26.8,96,6.0,136,1.9,972.7,Open-Meteo archive context,configured pilot anchor
DEL_MEH,Mehrauli pilot area,Delhi,South Delhi,2026-07-27 21:00:00+00:00,26.5,98,11.3,119,0.5,972.6,Open-Meteo archive context,configured pilot anchor
DEL_MEH,Mehrauli pilot area,Delhi,South Delhi,2026-07-27 22:00:00+00:00,25.9,98,8.3,124,0.5,972.1,Open-Meteo archive context,configured pilot anchor
DEL_MEH,Mehrauli pilot area,Delhi,South Delhi,2026-07-27 23:00:00+00:00,26.0,99,9.8,121,0.6,971.9,Open-Meteo archive context,configured pilot anchor
DEL_MEH,Mehrauli pilot area,Delhi,South Delhi,2026-07-28 00:00:00+00:00,28.3,93,7.2,153,0.3,971.4,Open-Meteo archive context,configured pilot anchor
DEL_MEH,Mehrauli pilot area,Delhi,South Delhi,2026-07-28 01:00:00+00:00,28.4,94,9.1,131,0.2,972.1,Open-Meteo archive context,configured pilot anchor
DEL_MEH,Mehrauli pilot area,Delhi,South Delhi,2026-07-28 02:00:00+00:00,28.7,93,7.2,186,0.4,972.5,Open-Meteo archive context,configured pilot anchor
DEL_MEH,Mehrauli pilot area,Delhi,South Delhi,2026-07-28 03:00:00+00:00,27.9,91,10.8,126,0.5,972.9,Open-Meteo archive context,configured pilot anchor
DEL_MEH,Mehrauli pilot area,Delhi,South Delhi,2026-07-28 04:00:00+00:00,27.5,92,13.3,142,0.7,973.8,Open-Meteo archive context,configured pilot anchor
DEL_MEH,Mehrauli pilot area,Delhi,South Delhi,2026-07-28 05:00:00+00:00,27.4,95,7.7,150,4.7,974.8,Open-Meteo archive context,configured pilot anchor
DEL_MEH,Mehrauli pilot area,Delhi,South Delhi,2026-07-28 06:00:00+00:00,27.4,93,8.8,113,1.1,974.5,Open-Meteo archive context,configured pilot anchor
DEL_MEH,Mehrauli pilot area,Delhi,South Delhi,2026-07-28 07:00:00+00:00,26.3,97,7.8,140,3.7,973.6,Open-Meteo archive context,configured pilot anchor
DEL_MEH,Mehrauli pilot area,Delhi,South Delhi,2026-07-28 08:00:00+00:00,26.6,94,7.3,149,2.5,973.5,Open-Meteo archive context,configured pilot anchor
DEL_MEH,Mehrauli pilot area,Delhi,South Delhi,2026-07-28 09:00:00+00:00,26.7,95,3.2,177,1.8,972.5,Open-Meteo archive context,configured pilot anchor
DEL_MEH,Mehrauli pilot area,Delhi,South Delhi,2026-07-28 10:00:00+00:00,26.9,95,5.6,159,2.2,971.9,Open-Meteo archive context,configured pilot anchor
DEL_MEH,Mehrauli pilot area,Delhi,South Delhi,2026-07-28 11:00:00+00:00,26.8,96,5.3,156,1.1,971.3,Open-Meteo archive context,configured pilot anchor
DEL_MEH,Mehrauli pilot area,Delhi,South Delhi,2026-07-28 12:00:00+00:00,31.0,71,5.1,333,0.2,971.5,Open-Meteo archive context,configured pilot anchor
DEL_MEH,Mehrauli pilot area,Delhi,South Delhi,2026-07-28 13:00:00+00:00,30.2,78,5.3,336,0.1,971.5,Open-Meteo archive context,configured pilot anchor
DEL_MEH,Mehrauli pilot area,Delhi,South Delhi,2026-07-28 14:00:00+00:00,29.3,86,1.9,41,0.0,972.1,Open-Meteo archive context,configured pilot anchor
DEL_MEH,Mehrauli pilot area,Delhi,South Delhi,2026-07-28 15:00:00+00:00,28.8,87,3.6,117,0.0,972.9,Open-Meteo archive context,configured pilot anchor
DEL_MEH,Mehrauli pilot area,Delhi,South Delhi,2026-07-28 16:00:00+00:00,28.5,89,4.6,116,0.0,973.8,Open-Meteo archive context,configured pilot anchor
DEL_MEH,Mehrauli pilot area,Delhi,South Delhi,2026-07-28 17:00:00+00:00,28.3,88,6.5,113,0.0,974.3,Open-Meteo archive context,configured pilot anchor
DEL_MEH,Mehrauli pilot area,Delhi,South Delhi,2026-07-28 18:00:00+00:00,27.8,90,2.5,188,0.0,974.1,Open-Meteo archive context,configured pilot anchor
DEL_MEH,Mehrauli pilot area,Delhi,South Delhi,2026-07-28 19:00:00+00:00,27.6,91,2.0,175,0.0,973.9,Open-Meteo archive context,configured pilot anchor
DEL_MEH,Mehrauli pilot area,Delhi,South Delhi,2026-07-28 20:00:00+00:00,27.6,91,1.4,130,0.0,973.9,Open-Meteo archive context,configured pilot anchor
DEL_MEH,Mehrauli pilot area,Delhi,South Delhi,2026-07-28 21:00:00+00:00,27.3,90,5.0,92,0.0,973.6,Open-Meteo archive context,configured pilot anchor
DEL_MEH,Mehrauli pilot area,Delhi,South Delhi,2026-07-28 22:00:00+00:00,26.7,93,4.8,105,0.3,973.5,Open-Meteo archive context,configured pilot anchor
DEL_MEH,Mehrauli pilot area,Delhi,South Delhi,2026-07-28 23:00:00+00:00,26.6,93,3.5,118,0.0,973.7,Open-Meteo archive context,configured pilot anchor
DEL_MEH,Mehrauli pilot area,Delhi,South Delhi,2026-07-29 00:00:00+00:00,26.3,97,3.3,171,0.1,973.3,Open-Meteo archive context,configured pilot anchor
DEL_MEH,Mehrauli pilot area,Delhi,South Delhi,2026-07-29 01:00:00+00:00,26.1,96,2.5,120,0.5,973.9,Open-Meteo archive context,configured pilot anchor
DEL_MEH,Mehrauli pilot area,Delhi,South Delhi,2026-07-29 02:00:00+00:00,26.0,97,5.8,112,2.0,974.5,Open-Meteo archive context,configured pilot anchor
DEL_MEH,Mehrauli pilot area,Delhi,South Delhi,2026-07-29 03:00:00+00:00,26.6,93,3.6,99,0.3,974.7,Open-Meteo archive context,configured pilot anchor
DEL_MEH,Mehrauli pilot area,Delhi,South Delhi,2026-07-29 04:00:00+00:00,27.8,86,1.9,119,0.4,975.0,Open-Meteo archive context,configured pilot anchor
DEL_MEH,Mehrauli pilot area,Delhi,South Delhi,2026-07-29 05:00:00+00:00,28.4,86,3.2,106,1.3,975.1,Open-Meteo archive context,configured pilot anchor
DEL_MEH,Mehrauli pilot area,Delhi,South Delhi,2026-07-29 06:00:00+00:00,31.1,73,0.9,281,0.3,974.7,Open-Meteo archive context,configured pilot anchor
DEL_MEH,Mehrauli pilot area,Delhi,South Delhi,2026-07-29 07:00:00+00:00,31.7,72,1.7,13,0.2,974.5,Open-Meteo archive context,configured pilot anchor
DEL_MEH,Mehrauli pilot area,Delhi,South Delhi,2026-07-29 08:00:00+00:00,32.1,72,3.1,24,0.1,973.8,Open-Meteo archive context,configured pilot anchor
DEL_MEH,Mehrauli pilot area,Delhi,South Delhi,2026-07-29 09:00:00+00:00,31.8,73,3.1,40,0.0,973.0,Open-Meteo archive context,configured pilot anchor
DEL_MEH,Mehrauli pilot area,Delhi,South Delhi,2026-07-29 10:00:00+00:00,32.3,71,1.7,283,0.0,972.3,Open-Meteo archive context,configured pilot anchor
DEL_MEH,Mehrauli pilot area,Delhi,South Delhi,2026-07-29 11:00:00+00:00,31.7,74,1.4,113,0.2,971.4,Open-Meteo archive context,configured pilot anchor
DEL_MEH,Mehrauli pilot area,Delhi,South Delhi,2026-07-29 12:00:00+00:00,31.8,76,6.0,183,0.3,971.3,Open-Meteo archive context,configured pilot anchor
DEL_MEH,Mehrauli pilot area,Delhi,South Delhi,2026-07-29 13:00:00+00:00,31.2,79,4.6,167,0.0,971.3,Open-Meteo archive context,configured pilot anchor
DEL_MEH,Mehrauli pilot area,Delhi,South Delhi,2026-07-29 14:00:00+00:00,30.4,83,3.7,151,0.0,972.0,Open-Meteo archive context,configured pilot anchor
DEL_MEH,Mehrauli pilot area,Delhi,South Delhi,2026-07-29 15:00:00+00:00,29.9,84,5.0,150,0.0,972.9,Open-Meteo archive context,configured pilot anchor
DEL_MEH,Mehrauli pilot area,Delhi,South Delhi,2026-07-29 16:00:00+00:00,29.4,86,4.7,130,0.0,973.8,Open-Meteo archive context,configured pilot anchor
DEL_MEH,Mehrauli pilot area,Delhi,South Delhi,2026-07-29 17:00:00+00:00,29.0,90,3.5,114,0.0,973.8,Open-Meteo archive context,configured pilot anchor
DEL_MEH,Mehrauli pilot area,Delhi,South Delhi,2026-07-29 18:00:00+00:00,29.5,90,7.1,106,0.0,973.5,Open-Meteo archive context,configured pilot anchor
DEL_MEH,Mehrauli pilot area,Delhi,South Delhi,2026-07-29 19:00:00+00:00,29.2,92,8.1,111,0.0,973.2,Open-Meteo archive context,configured pilot anchor
DEL_MEH,Mehrauli pilot area,Delhi,South Delhi,2026-07-29 20:00:00+00:00,28.9,93,6.0,115,0.0,973.1,Open-Meteo archive context,configured pilot anchor
DEL_MEH,Mehrauli pilot area,Delhi,South Delhi,2026-07-29 21:00:00+00:00,26.0,97,7.0,325,1.5,973.2,Open-Meteo archive context,configured pilot anchor
DEL_MEH,Mehrauli pilot area,Delhi,South Delhi,2026-07-29 22:00:00+00:00,26.3,99,4.5,146,0.6,972.5,Open-Meteo archive context,configured pilot anchor
DEL_MEH,Mehrauli pilot area,Delhi,South Delhi,2026-07-29 23:00:00+00:00,26.5,99,1.7,77,0.2,972.6,Open-Meteo archive context,configured pilot anchor
DEL_MEH,Mehrauli pilot area,Delhi,South Delhi,2026-07-30 00:00:00+00:00,28.3,95,0.4,27,0.0,971.9,Open-Meteo archive context,configured pilot anchor
DEL_MEH,Mehrauli pilot area,Delhi,South Delhi,2026-07-30 01:00:00+00:00,28.4,95,3.9,164,0.4,972.4,Open-Meteo archive context,configured pilot anchor
DEL_MEH,Mehrauli pilot area,Delhi,South Delhi,2026-07-30 02:00:00+00:00,27.9,93,11.3,127,0.7,973.3,Open-Meteo archive context,configured pilot anchor
DEL_MEH,Mehrauli pilot area,Delhi,South Delhi,2026-07-30 03:00:00+00:00,29.0,85,9.5,141,0.3,973.7,Open-Meteo archive context,configured pilot anchor
DEL_MEH,Mehrauli pilot area,Delhi,South Delhi,2026-07-30 04:00:00+00:00,30.3,78,6.5,172,0.1,974.0,Open-Meteo archive context,configured pilot anchor
DEL_MEH,Mehrauli pilot area,Delhi,South Delhi,2026-07-30 05:00:00+00:00,31.5,72,7.5,150,0.0,974.2,Open-Meteo archive context,configured pilot anchor
DEL_MEH,Mehrauli pilot area,Delhi,South Delhi,2026-07-30 06:00:00+00:00,32.7,63,7.4,119,0.0,974.2,Open-Meteo archive context,configured pilot anchor
DEL_MEH,Mehrauli pilot area,Delhi,South Delhi,2026-07-30 07:00:00+00:00,32.8,60,9.7,124,0.2,973.8,Open-Meteo archive context,configured pilot anchor
DEL_MEH,Mehrauli pilot area,Delhi,South Delhi,2026-07-30 08:00:00+00:00,31.9,67,7.5,132,0.9,973.5,Open-Meteo archive context,configured pilot anchor
DEL_MEH,Mehrauli pilot area,Delhi,South Delhi,2026-07-30 09:00:00+00:00,32.8,63,6.1,109,0.1,972.6,Open-Meteo archive context,configured pilot anchor
DEL_MEH,Mehrauli pilot area,Delhi,South Delhi,2026-07-30 10:00:00+00:00,33.1,61,6.3,103,0.1,971.7,Open-Meteo archive context,configured pilot anchor
DEL_MEH,Mehrauli pilot area,Delhi,South Delhi,2026-07-30 11:00:00+00:00,33.0,60,7.2,103,0.0,971.1,Open-Meteo archive context,configured pilot anchor
DEL_MEH,Mehrauli pilot area,Delhi,South Delhi,2026-07-30 12:00:00+00:00,30.2,79,7.6,91,0.0,970.8,Open-Meteo archive context,configured pilot anchor
DEL_MEH,Mehrauli pilot area,Delhi,South Delhi,2026-07-30 13:00:00+00:00,28.9,85,13.7,69,0.4,971.4,Open-Meteo archive context,configured pilot anchor
DEL_MEH,Mehrauli pilot area,Delhi,South Delhi,2026-07-30 14:00:00+00:00,28.5,86,7.5,70,0.0,972.2,Open-Meteo archive context,configured pilot anchor
DEL_MEH,Mehrauli pilot area,Delhi,South Delhi,2026-07-30 15:00:00+00:00,28.4,88,8.4,67,0.0,972.9,Open-Meteo archive context,configured pilot anchor
DEL_MEH,Mehrauli pilot area,Delhi,South Delhi,2026-07-30 16:00:00+00:00,28.4,89,8.4,79,0.0,973.7,Open-Meteo archive context,configured pilot anchor
DEL_MEH,Mehrauli pilot area,Delhi,South Delhi,2026-07-30 17:00:00+00:00,28.2,91,8.7,83,0.0,974.1,Open-Meteo archive context,configured pilot anchor
DEL_MEH,Mehrauli pilot area,Delhi,South Delhi,2026-07-30 18:00:00+00:00,28.5,91,11.2,102,0.0,973.7,Open-Meteo archive context,configured pilot anchor
DEL_MEH,Mehrauli pilot area,Delhi,South Delhi,2026-07-30 19:00:00+00:00,28.3,90,12.6,101,0.0,973.3,Open-Meteo archive context,configured pilot anchor
DEL_MEH,Mehrauli pilot area,Delhi,South Delhi,2026-07-30 20:00:00+00:00,28.2,89,11.9,104,0.0,973.3,Open-Meteo archive context,configured pilot anchor
DEL_MEH,Mehrauli pilot area,Delhi,South Delhi,2026-07-30 21:00:00+00:00,28.1,88,11.6,103,0.0,973.2,Open-Meteo archive context,configured pilot anchor
DEL_MEH,Mehrauli pilot area,Delhi,South Delhi,2026-07-30 22:00:00+00:00,28.0,87,12.3,100,0.0,973.0,Open-Meteo archive context,configured pilot anchor
DEL_MEH,Mehrauli pilot area,Delhi,South Delhi,2026-07-30 23:00:00+00:00,27.8,86,12.3,97,0.0,973.3,Open-Meteo archive context,configured pilot anchor
DEL_MEH,Mehrauli pilot area,Delhi,South Delhi,2026-07-31 00:00:00+00:00,28.0,84,14.0,108,0.0,973.0,Open-Meteo archive context,configured pilot anchor
DEL_MEH,Mehrauli pilot area,Delhi,South Delhi,2026-07-31 01:00:00+00:00,27.9,84,12.0,98,0.0,973.5,Open-Meteo archive context,configured pilot anchor
DEL_MEH,Mehrauli pilot area,Delhi,South Delhi,2026-07-31 02:00:00+00:00,28.5,82,12.3,93,0.0,974.0,Open-Meteo archive context,configured pilot anchor
DEL_MEH,Mehrauli pilot area,Delhi,South Delhi,2026-07-31 03:00:00+00:00,28.9,79,16.0,98,0.1,974.3,Open-Meteo archive context,configured pilot anchor
DEL_MEH,Mehrauli pilot area,Delhi,South Delhi,2026-07-31 04:00:00+00:00,29.5,77,16.0,101,0.2,974.6,Open-Meteo archive context,configured pilot anchor
DEL_MEH,Mehrauli pilot area,Delhi,South Delhi,2026-07-31 05:00:00+00:00,29.9,75,15.2,100,0.1,974.7,Open-Meteo archive context,configured pilot anchor
DEL_MEH,Mehrauli pilot area,Delhi,South Delhi,2026-07-31 06:00:00+00:00,30.6,71,13.7,101,0.1,975.0,Open-Meteo archive context,configured pilot anchor
DEL_MEH,Mehrauli pilot area,Delhi,South Delhi,2026-07-31 07:00:00+00:00,31.4,67,15.2,106,0.1,974.2,Open-Meteo archive context,configured pilot anchor
DEL_MEH,Mehrauli pilot area,Delhi,South Delhi,2026-07-31 08:00:00+00:00,31.8,64,15.3,110,0.3,973.5,Open-Meteo archive context,configured pilot anchor
DEL_MEH,Mehrauli pilot area,Delhi,South Delhi,2026-07-31 09:00:00+00:00,32.2,65,13.7,104,0.3,972.7,Open-Meteo archive context,configured pilot anchor
DEL_MEH,Mehrauli pilot area,Delhi,South Delhi,2026-07-31 10:00:00+00:00,32.0,66,13.4,98,0.2,971.8,Open-Meteo archive context,configured pilot anchor
DEL_MEH,Mehrauli pilot area,Delhi,South Delhi,2026-07-31 11:00:00+00:00,30.2,80,10.7,106,1.1,971.3,Open-Meteo archive context,configured pilot anchor
DEL_MEH,Mehrauli pilot area,Delhi,South Delhi,2026-07-31 12:00:00+00:00,31.1,74,7.1,80,0.1,971.2,Open-Meteo archive context,configured pilot anchor
DEL_MEH,Mehrauli pilot area,Delhi,South Delhi,2026-07-31 13:00:00+00:00,30.6,78,8.3,77,0.1,971.7,Open-Meteo archive context,configured pilot anchor
DEL_MEH,Mehrauli pilot area,Delhi,South Delhi,2026-07-31 14:00:00+00:00,29.7,82,8.9,76,0.0,972.3,Open-Meteo archive context,configured pilot anchor
DEL_MEH,Mehrauli pilot area,Delhi,South Delhi,2026-07-31 15:00:00+00:00,29.3,85,8.6,75,0.0,973.1,Open-Meteo archive context,configured pilot anchor
DEL_MEH,Mehrauli pilot area,Delhi,South Delhi,2026-07-31 16:00:00+00:00,28.8,84,11.7,90,0.3,973.9,Open-Meteo archive context,configured pilot anchor
DEL_MEH,Mehrauli pilot area,Delhi,South Delhi,2026-07-31 17:00:00+00:00,28.5,86,11.6,98,0.0,974.3,Open-Meteo archive context,configured pilot anchor
DEL_MEH,Mehrauli pilot area,Delhi,South Delhi,2026-07-31 18:00:00+00:00,27.7,92,9.8,76,0.0,973.6,Open-Meteo archive context,configured pilot anchor
DEL_MEH,Mehrauli pilot area,Delhi,South Delhi,2026-07-31 19:00:00+00:00,27.4,92,12.0,114,0.7,973.8,Open-Meteo archive context,configured pilot anchor
DEL_MEH,Mehrauli pilot area,Delhi,South Delhi,2026-07-31 20:00:00+00:00,27.0,94,10.5,93,0.4,973.7,Open-Meteo archive context,configured pilot anchor
DEL_MEH,Mehrauli pilot area,Delhi,South Delhi,2026-07-31 21:00:00+00:00,26.9,93,11.3,92,0.0,973.2,Open-Meteo archive context,configured pilot anchor
DEL_MEH,Mehrauli pilot area,Delhi,South Delhi,2026-07-31 22:00:00+00:00,26.9,92,11.6,94,0.0,973.1,Open-Meteo archive context,configured pilot anchor
DEL_MEH,Mehrauli pilot area,Delhi,South Delhi,2026-07-31 23:00:00+00:00,27.0,92,11.7,93,0.0,973.3,Open-Meteo archive context,configured pilot anchor
DEL_MEH,Mehrauli pilot area,Delhi,South Delhi,2026-08-01 00:00:00+00:00,26.5,97,9.6,95,0.1,973.2,Open-Meteo archive context,configured pilot anchor
DEL_MEH,Mehrauli pilot area,Delhi,South Delhi,2026-08-01 01:00:00+00:00,26.7,94,10.8,93,0.0,973.5,Open-Meteo archive context,configured pilot anchor
DEL_MEH,Mehrauli pilot area,Delhi,South Delhi,2026-08-01 02:00:00+00:00,26.8,93,13.3,81,0.3,974.0,Open-Meteo archive context,configured pilot anchor
DEL_MEH,Mehrauli pilot area,Delhi,South Delhi,2026-08-01 03:00:00+00:00,27.5,88,13.1,92,0.1,974.1,Open-Meteo archive context,configured pilot anchor
DEL_MEH,Mehrauli pilot area,Delhi,South Delhi,2026-08-01 04:00:00+00:00,29.3,78,14.3,107,0.2,974.0,Open-Meteo archive context,configured pilot anchor
DEL_MEH,Mehrauli pilot area,Delhi,South Delhi,2026-08-01 05:00:00+00:00,30.1,76,13.4,107,0.4,973.9,Open-Meteo archive context,configured pilot anchor
DEL_MEH,Mehrauli pilot area,Delhi,South Delhi,2026-08-01 06:00:00+00:00,31.3,71,12.6,103,0.1,973.8,Open-Meteo archive context,configured pilot anchor
DEL_MEH,Mehrauli pilot area,Delhi,South Delhi,2026-08-01 07:00:00+00:00,31.9,68,12.0,99,0.1,973.2,Open-Meteo archive context,configured pilot anchor
DEL_MEH,Mehrauli pilot area,Delhi,South Delhi,2026-08-01 08:00:00+00:00,32.0,68,13.2,107,0.2,972.7,Open-Meteo archive context,configured pilot anchor
DEL_MEH,Mehrauli pilot area,Delhi,South Delhi,2026-08-01 09:00:00+00:00,31.8,71,11.0,90,0.1,971.9,Open-Meteo archive context,configured pilot anchor
DEL_MEH,Mehrauli pilot area,Delhi,South Delhi,2026-08-01 10:00:00+00:00,31.1,76,10.2,81,0.3,971.2,Open-Meteo archive context,configured pilot anchor
DEL_MEH,Mehrauli pilot area,Delhi,South Delhi,2026-08-01 11:00:00+00:00,29.9,82,8.9,103,0.2,970.9,Open-Meteo archive context,configured pilot anchor
DEL_MEH,Mehrauli pilot area,Delhi,South Delhi,2026-08-01 12:00:00+00:00,30.3,77,11.0,92,1.6,971.4,Open-Meteo archive context,configured pilot anchor
DEL_MEH,Mehrauli pilot area,Delhi,South Delhi,2026-08-01 13:00:00+00:00,29.8,80,7.3,80,0.1,971.7,Open-Meteo archive context,configured pilot anchor
DEL_MEH,Mehrauli pilot area,Delhi,South Delhi,2026-08-01 14:00:00+00:00,29.2,85,8.5,83,0.0,972.1,Open-Meteo archive context,configured pilot anchor
DEL_MEH,Mehrauli pilot area,Delhi,South Delhi,2026-08-01 15:00:00+00:00,29.0,87,8.2,81,0.0,972.8,Open-Meteo archive context,configured pilot anchor
DEL_MEH,Mehrauli pilot area,Delhi,South Delhi,2026-08-01 16:00:00+00:00,29.0,88,9.0,87,0.0,973.6,Open-Meteo archive context,configured pilot anchor
DEL_MEH,Mehrauli pilot area,Delhi,South Delhi,2026-08-01 17:00:00+00:00,28.7,88,10.8,114,0.1,974.0,Open-Meteo archive context,configured pilot anchor
DEL_MEH,Mehrauli pilot area,Delhi,South Delhi,2026-08-01 18:00:00+00:00,27.2,90,13.9,91,0.0,974.1,Open-Meteo archive context,configured pilot anchor
DEL_MEH,Mehrauli pilot area,Delhi,South Delhi,2026-08-01 19:00:00+00:00,26.4,93,11.8,103,0.3,973.6,Open-Meteo archive context,configured pilot anchor
DEL_MEH,Mehrauli pilot area,Delhi,South Delhi,2026-08-01 20:00:00+00:00,26.3,95,9.7,112,0.4,974.0,Open-Meteo archive context,configured pilot anchor
DEL_MEH,Mehrauli pilot area,Delhi,South Delhi,2026-08-01 21:00:00+00:00,26.5,95,9.7,106,0.3,973.7,Open-Meteo archive context,configured pilot anchor
DEL_MEH,Mehrauli pilot area,Delhi,South Delhi,2026-08-01 22:00:00+00:00,26.4,96,7.6,109,0.1,973.0,Open-Meteo archive context,configured pilot anchor
DEL_MEH,Mehrauli pilot area,Delhi,South Delhi,2026-08-01 23:00:00+00:00,26.4,96,7.3,106,0.0,973.8,Open-Meteo archive context,configured pilot anchor
DEL_MEH,Mehrauli pilot area,Delhi,South Delhi,2026-08-02 00:00:00+00:00,26.8,97,10.8,91,0.0,973.8,Open-Meteo archive context,configured pilot anchor
DEL_MEH,Mehrauli pilot area,Delhi,South Delhi,2026-08-02 01:00:00+00:00,26.2,98,11.8,96,0.4,974.5,Open-Meteo archive context,configured pilot anchor
DEL_MEH,Mehrauli pilot area,Delhi,South Delhi,2026-08-02 02:00:00+00:00,26.6,97,7.6,90,0.3,974.6,Open-Meteo archive context,configured pilot anchor
DEL_MEH,Mehrauli pilot area,Delhi,South Delhi,2026-08-02 03:00:00+00:00,28.2,90,9.2,94,0.0,974.8,Open-Meteo archive context,configured pilot anchor
DEL_MEH,Mehrauli pilot area,Delhi,South Delhi,2026-08-02 04:00:00+00:00,30.0,79,10.1,106,0.0,974.8,Open-Meteo archive context,configured pilot anchor
DEL_MEH,Mehrauli pilot area,Delhi,South Delhi,2026-08-02 05:00:00+00:00,31.3,72,9.2,110,0.1,974.7,Open-Meteo archive context,configured pilot anchor
DEL_MEH,Mehrauli pilot area,Delhi,South Delhi,2026-08-02 06:00:00+00:00,32.5,65,7.6,121,0.1,974.7,Open-Meteo archive context,configured pilot anchor
DEL_MEH,Mehrauli pilot area,Delhi,South Delhi,2026-08-02 07:00:00+00:00,33.5,58,8.2,123,0.1,974.3,Open-Meteo archive context,configured pilot anchor
DEL_MEH,Mehrauli pilot area,Delhi,South Delhi,2026-08-02 08:00:00+00:00,32.6,61,12.4,111,0.5,974.1,Open-Meteo archive context,configured pilot anchor
DEL_MEH,Mehrauli pilot area,Delhi,South Delhi,2026-08-02 09:00:00+00:00,31.7,69,10.1,94,0.6,973.2,Open-Meteo archive context,configured pilot anchor
DEL_MEH,Mehrauli pilot area,Delhi,South Delhi,2026-08-02 10:00:00+00:00,32.1,69,8.8,107,0.0,972.5,Open-Meteo archive context,configured pilot anchor
DEL_MEH,Mehrauli pilot area,Delhi,South Delhi,2026-08-02 11:00:00+00:00,31.8,71,9.6,113,0.0,972.1,Open-Meteo archive context,configured pilot anchor
DEL_MEH,Mehrauli pilot area,Delhi,South Delhi,2026-08-02 12:00:00+00:00,27.4,96,3.6,171,0.0,972.6,Open-Meteo archive context,configured pilot anchor
DEL_MEH,Mehrauli pilot area,Delhi,South Delhi,2026-08-02 13:00:00+00:00,28.0,95,8.1,72,0.8,973.4,Open-Meteo archive context,configured pilot anchor
DEL_MEH,Mehrauli pilot area,Delhi,South Delhi,2026-08-02 14:00:00+00:00,27.4,95,7.1,60,0.3,973.2,Open-Meteo archive context,configured pilot anchor
DEL_MEH,Mehrauli pilot area,Delhi,South Delhi,2026-08-02 15:00:00+00:00,27.4,95,6.9,70,0.1,974.0,Open-Meteo archive context,configured pilot anchor
DEL_MEH,Mehrauli pilot area,Delhi,South Delhi,2026-08-02 16:00:00+00:00,27.5,95,7.2,62,0.0,975.1,Open-Meteo archive context,configured pilot anchor
DEL_MEH,Mehrauli pilot area,Delhi,South Delhi,2026-08-02 17:00:00+00:00,27.5,96,8.2,75,0.0,975.5,Open-Meteo archive context,configured pilot anchor
DEL_MEH,Mehrauli pilot area,Delhi,South Delhi,2026-08-02 18:00:00+00:00,28.2,96,7.0,93,0.0,974.6,Open-Meteo archive context,configured pilot anchor
DEL_MEH,Mehrauli pilot area,Delhi,South Delhi,2026-08-02 19:00:00+00:00,28.1,95,6.6,106,0.0,974.4,Open-Meteo archive context,configured pilot anchor
DEL_MEH,Mehrauli pilot area,Delhi,South Delhi,2026-08-02 20:00:00+00:00,28.0,94,7.6,91,0.0,974.4,Open-Meteo archive context,configured pilot anchor
DEL_MEH,Mehrauli pilot area,Delhi,South Delhi,2026-08-02 21:00:00+00:00,27.5,94,9.7,105,0.0,974.0,Open-Meteo archive context,configured pilot anchor
DEL_MEH,Mehrauli pilot area,Delhi,South Delhi,2026-08-02 22:00:00+00:00,27.1,96,8.5,107,0.0,973.9,Open-Meteo archive context,configured pilot anchor
DEL_MEH,Mehrauli pilot area,Delhi,South Delhi,2026-08-02 23:00:00+00:00,27.0,97,8.2,116,0.0,974.0,Open-Meteo archive context,configured pilot anchor
DEL_MEH,Mehrauli pilot area,Delhi,South Delhi,2026-08-03 00:00:00+00:00,27.1,97,8.1,141,0.4,973.8,Open-Meteo archive context,configured pilot anchor
DEL_MEH,Mehrauli pilot area,Delhi,South Delhi,2026-08-03 01:00:00+00:00,27.4,97,7.3,150,0.1,974.3,Open-Meteo archive context,configured pilot anchor
DEL_MEH,Mehrauli pilot area,Delhi,South Delhi,2026-08-03 02:00:00+00:00,27.9,94,7.6,121,0.0,974.4,Open-Meteo archive context,configured pilot anchor
DEL_MEH,Mehrauli pilot area,Delhi,South Delhi,2026-08-03 03:00:00+00:00,28.3,88,4.2,144,0.2,975.4,Open-Meteo archive context,configured pilot anchor
DEL_MEH,Mehrauli pilot area,Delhi,South Delhi,2026-08-03 04:00:00+00:00,29.3,85,4.2,149,0.1,975.6,Open-Meteo archive context,configured pilot anchor
DEL_MEH,Mehrauli pilot area,Delhi,South Delhi,2026-08-03 05:00:00+00:00,30.2,82,5.6,119,0.1,975.9,Open-Meteo archive context,configured pilot anchor
DEL_MEH,Mehrauli pilot area,Delhi,South Delhi,2026-08-03 06:00:00+00:00,31.3,75,8.0,76,0.2,975.4,Open-Meteo archive context,configured pilot anchor
DEL_MEH,Mehrauli pilot area,Delhi,South Delhi,2026-08-03 07:00:00+00:00,31.9,74,8.7,122,0.3,975.4,Open-Meteo archive context,configured pilot anchor
DEL_MEH,Mehrauli pilot area,Delhi,South Delhi,2026-08-03 08:00:00+00:00,31.9,72,8.0,124,0.0,974.8,Open-Meteo archive context,configured pilot anchor
DEL_MEH,Mehrauli pilot area,Delhi,South Delhi,2026-08-03 09:00:00+00:00,30.4,80,9.3,136,1.1,974.4,Open-Meteo archive context,configured pilot anchor
DEL_MEH,Mehrauli pilot area,Delhi,South Delhi,2026-08-03 10:00:00+00:00,29.7,84,6.8,162,0.7,974.1,Open-Meteo archive context,configured pilot anchor
DEL_MEH,Mehrauli pilot area,Delhi,South Delhi,2026-08-03 11:00:00+00:00,29.3,86,7.2,176,0.3,973.5,Open-Meteo archive context,configured pilot anchor
DEL_MEH,Mehrauli pilot area,Delhi,South Delhi,2026-08-03 12:00:00+00:00,31.7,77,8.3,136,0.0,973.0,Open-Meteo archive context,configured pilot anchor
DEL_MEH,Mehrauli pilot area,Delhi,South Delhi,2026-08-03 13:00:00+00:00,28.9,88,8.8,178,0.0,973.2,Open-Meteo archive context,configured pilot anchor
DEL_MEH,Mehrauli pilot area,Delhi,South Delhi,2026-08-03 14:00:00+00:00,27.4,96,6.2,136,4.0,974.0,Open-Meteo archive context,configured pilot anchor
DEL_MEH,Mehrauli pilot area,Delhi,South Delhi,2026-08-03 15:00:00+00:00,26.9,97,8.1,133,2.9,975.1,Open-Meteo archive context,configured pilot anchor
DEL_MEH,Mehrauli pilot area,Delhi,South Delhi,2026-08-03 16:00:00+00:00,27.2,96,1.4,360,1.5,976.1,Open-Meteo archive context,configured pilot anchor
DEL_MEH,Mehrauli pilot area,Delhi,South Delhi,2026-08-03 17:00:00+00:00,27.0,96,4.8,143,1.5,976.0,Open-Meteo archive context,configured pilot anchor
DEL_MEH,Mehrauli pilot area,Delhi,South Delhi,2026-08-03 18:00:00+00:00,26.9,98,6.4,144,0.4,976.3,Open-Meteo archive context,configured pilot anchor
DEL_MEH,Mehrauli pilot area,Delhi,South Delhi,2026-08-03 19:00:00+00:00,26.5,98,8.5,155,1.8,975.5,Open-Meteo archive context,configured pilot anchor
DEL_MEH,Mehrauli pilot area,Delhi,South Delhi,2026-08-03 20:00:00+00:00,26.3,99,7.3,138,0.8,975.2,Open-Meteo archive context,configured pilot anchor
DEL_MEH,Mehrauli pilot area,Delhi,South Delhi,2026-08-03 21:00:00+00:00,26.4,98,8.2,147,0.3,975.0,Open-Meteo archive context,configured pilot anchor
DEL_MEH,Mehrauli pilot area,Delhi,South Delhi,2026-08-03 22:00:00+00:00,26.4,99,8.2,139,0.1,975.3,Open-Meteo archive context,configured pilot anchor
DEL_MEH,Mehrauli pilot area,Delhi,South Delhi,2026-08-03 23:00:00+00:00,26.4,98,5.4,140,0.1,975.2,Open-Meteo archive context,configured pilot anchor
DEL_MEH,Mehrauli pilot area,Delhi,South Delhi,2026-08-04 00:00:00+00:00,26.3,98,11.0,146,0.0,974.9,Open-Meteo archive context,configured pilot anchor
DEL_MEH,Mehrauli pilot area,Delhi,South Delhi,2026-08-04 01:00:00+00:00,26.1,99,7.4,186,2.0,975.5,Open-Meteo archive context,configured pilot anchor
DEL_MEH,Mehrauli pilot area,Delhi,South Delhi,2026-08-04 02:00:00+00:00,26.5,97,3.9,208,1.4,975.6,Open-Meteo archive context,configured pilot anchor
DEL_MEH,Mehrauli pilot area,Delhi,South Delhi,2026-08-04 03:00:00+00:00,26.9,95,5.7,191,1.0,976.4,Open-Meteo archive context,configured pilot anchor
DEL_MEH,Mehrauli pilot area,Delhi,South Delhi,2026-08-04 04:00:00+00:00,28.0,90,3.7,145,0.4,976.6,Open-Meteo archive context,configured pilot anchor
DEL_MEH,Mehrauli pilot area,Delhi,South Delhi,2026-08-04 05:00:00+00:00,29.0,86,2.1,165,0.3,977.2,Open-Meteo archive context,configured pilot anchor
DEL_MEH,Mehrauli pilot area,Delhi,South Delhi,2026-08-04 06:00:00+00:00,27.8,92,6.0,273,0.7,977.0,Open-Meteo archive context,configured pilot anchor
DEL_MEH,Mehrauli pilot area,Delhi,South Delhi,2026-08-04 07:00:00+00:00,27.4,96,4.9,327,0.9,976.3,Open-Meteo archive context,configured pilot anchor
DEL_MEH,Mehrauli pilot area,Delhi,South Delhi,2026-08-04 08:00:00+00:00,28.2,92,5.8,360,0.5,976.0,Open-Meteo archive context,configured pilot anchor
DEL_MEH,Mehrauli pilot area,Delhi,South Delhi,2026-08-04 09:00:00+00:00,28.8,89,5.5,349,0.5,975.6,Open-Meteo archive context,configured pilot anchor
DEL_MEH,Mehrauli pilot area,Delhi,South Delhi,2026-08-04 10:00:00+00:00,29.2,84,5.9,348,0.3,974.8,Open-Meteo archive context,configured pilot anchor
DEL_MEH,Mehrauli pilot area,Delhi,South Delhi,2026-08-04 11:00:00+00:00,29.4,83,5.7,351,0.0,974.0,Open-Meteo archive context,configured pilot anchor
DEL_MEH,Mehrauli pilot area,Delhi,South Delhi,2026-08-04 12:00:00+00:00,27.3,97,3.2,47,0.0,974.4,Open-Meteo archive context,configured pilot anchor
DEL_MEH,Mehrauli pilot area,Delhi,South Delhi,2026-08-04 13:00:00+00:00,27.2,97,3.7,55,1.4,974.4,Open-Meteo archive context,configured pilot anchor
DEL_MEH,Mehrauli pilot area,Delhi,South Delhi,2026-08-04 14:00:00+00:00,27.1,97,1.8,354,0.9,974.7,Open-Meteo archive context,configured pilot anchor
DEL_MEH,Mehrauli pilot area,Delhi,South Delhi,2026-08-04 15:00:00+00:00,26.9,98,3.6,342,0.5,975.3,Open-Meteo archive context,configured pilot anchor
DEL_MEH,Mehrauli pilot area,Delhi,South Delhi,2026-08-04 16:00:00+00:00,26.9,98,1.8,37,0.5,976.0,Open-Meteo archive context,configured pilot anchor
DEL_MEH,Mehrauli pilot area,Delhi,South Delhi,2026-08-04 17:00:00+00:00,26.7,98,2.7,58,0.4,976.1,Open-Meteo archive context,configured pilot anchor
DEL_MEH,Mehrauli pilot area,Delhi,South Delhi,2026-08-04 18:00:00+00:00,27.2,99,1.5,300,0.2,975.3,Open-Meteo archive context,configured pilot anchor
DEL_MEH,Mehrauli pilot area,Delhi,South Delhi,2026-08-04 19:00:00+00:00,27.1,99,0.7,360,0.0,974.7,Open-Meteo archive context,configured pilot anchor
DEL_MEH,Mehrauli pilot area,Delhi,South Delhi,2026-08-04 20:00:00+00:00,27.1,99,1.5,330,0.0,974.5,Open-Meteo archive context,configured pilot anchor
DEL_MEH,Mehrauli pilot area,Delhi,South Delhi,2026-08-04 21:00:00+00:00,26.8,96,3.4,264,0.2,974.0,Open-Meteo archive context,configured pilot anchor
DEL_MEH,Mehrauli pilot area,Delhi,South Delhi,2026-08-04 22:00:00+00:00,26.6,98,3.6,300,0.1,973.9,Open-Meteo archive context,configured pilot anchor
DEL_MEH,Mehrauli pilot area,Delhi,South Delhi,2026-08-04 23:00:00+00:00,26.6,94,3.1,360,0.0,973.9,Open-Meteo archive context,configured pilot anchor
DEL_MEH,Mehrauli pilot area,Delhi,South Delhi,2026-08-05 00:00:00+00:00,26.7,96,3.8,11,0.1,973.8,Open-Meteo archive context,configured pilot anchor
DEL_MEH,Mehrauli pilot area,Delhi,South Delhi,2026-08-05 01:00:00+00:00,26.3,96,5.4,360,0.7,974.3,Open-Meteo archive context,configured pilot anchor
DEL_MEH,Mehrauli pilot area,Delhi,South Delhi,2026-08-05 02:00:00+00:00,26.9,95,3.8,335,0.0,974.3,Open-Meteo archive context,configured pilot anchor
DEL_MEH,Mehrauli pilot area,Delhi,South Delhi,2026-08-05 03:00:00+00:00,27.8,89,2.9,313,0.0,974.4,Open-Meteo archive context,configured pilot anchor
DEL_MEH,Mehrauli pilot area,Delhi,South Delhi,2026-08-05 04:00:00+00:00,29.6,79,4.5,313,0.0,974.5,Open-Meteo archive context,configured pilot anchor
DEL_MEH,Mehrauli pilot area,Delhi,South Delhi,2026-08-05 05:00:00+00:00,31.0,71,5.5,319,0.0,974.4,Open-Meteo archive context,configured pilot anchor
DEL_MEH,Mehrauli pilot area,Delhi,South Delhi,2026-08-05 06:00:00+00:00,30.6,74,5.3,280,0.0,974.6,Open-Meteo archive context,configured pilot anchor
DEL_MEH,Mehrauli pilot area,Delhi,South Delhi,2026-08-05 07:00:00+00:00,30.1,76,6.1,282,0.0,973.4,Open-Meteo archive context,configured pilot anchor
DEL_MEH,Mehrauli pilot area,Delhi,South Delhi,2026-08-05 08:00:00+00:00,31.0,69,6.7,297,0.0,972.9,Open-Meteo archive context,configured pilot anchor
DEL_MEH,Mehrauli pilot area,Delhi,South Delhi,2026-08-05 09:00:00+00:00,31.4,67,7.9,294,0.0,972.0,Open-Meteo archive context,configured pilot anchor
DEL_MEH,Mehrauli pilot area,Delhi,South Delhi,2026-08-05 10:00:00+00:00,32.0,64,7.2,292,0.0,971.7,Open-Meteo archive context,configured pilot anchor
DEL_MEH,Mehrauli pilot area,Delhi,South Delhi,2026-08-05 11:00:00+00:00,31.9,66,5.0,291,0.0,971.2,Open-Meteo archive context,configured pilot anchor
DEL_MEH,Mehrauli pilot area,Delhi,South Delhi,2026-08-05 12:00:00+00:00,29.6,84,7.8,97,0.0,971.5,Open-Meteo archive context,configured pilot anchor
DEL_MEH,Mehrauli pilot area,Delhi,South Delhi,2026-08-05 13:00:00+00:00,28.6,88,5.4,290,0.3,971.9,Open-Meteo archive context,configured pilot anchor
DEL_MEH,Mehrauli pilot area,Delhi,South Delhi,2026-08-05 14:00:00+00:00,28.2,90,5.6,184,0.3,972.9,Open-Meteo archive context,configured pilot anchor
DEL_MEH,Mehrauli pilot area,Delhi,South Delhi,2026-08-05 15:00:00+00:00,27.6,94,8.5,186,0.3,973.4,Open-Meteo archive context,configured pilot anchor
DEL_MEH,Mehrauli pilot area,Delhi,South Delhi,2026-08-05 16:00:00+00:00,27.3,95,3.6,183,0.0,973.9,Open-Meteo archive context,configured pilot anchor
DEL_MEH,Mehrauli pilot area,Delhi,South Delhi,2026-08-05 17:00:00+00:00,27.2,98,4.8,155,0.0,974.0,Open-Meteo archive context,configured pilot anchor
DEL_MEH,Mehrauli pilot area,Delhi,South Delhi,2026-08-05 18:00:00+00:00,27.3,99,3.2,74,0.1,973.5,Open-Meteo archive context,configured pilot anchor
DEL_MEH,Mehrauli pilot area,Delhi,South Delhi,2026-08-05 19:00:00+00:00,27.5,97,3.5,201,3.1,973.1,Open-Meteo archive context,configured pilot anchor
DEL_MEH,Mehrauli pilot area,Delhi,South Delhi,2026-08-05 20:00:00+00:00,27.0,99,1.4,140,1.0,973.1,Open-Meteo archive context,configured pilot anchor
DEL_MEH,Mehrauli pilot area,Delhi,South Delhi,2026-08-05 21:00:00+00:00,26.9,99,2.5,176,0.3,972.7,Open-Meteo archive context,configured pilot anchor
DEL_MEH,Mehrauli pilot area,Delhi,South Delhi,2026-08-05 22:00:00+00:00,26.9,99,4.6,211,0.0,972.5,Open-Meteo archive context,configured pilot anchor
DEL_MEH,Mehrauli pilot area,Delhi,South Delhi,2026-08-05 23:00:00+00:00,26.7,98,8.8,229,0.0,973.0,Open-Meteo archive context,configured pilot anchor
DEL_MEH,Mehrauli pilot area,Delhi,South Delhi,2026-08-06 00:00:00+00:00,27.0,95,6.0,99,0.0,972.4,Open-Meteo archive context,configured pilot anchor
DEL_MEH,Mehrauli pilot area,Delhi,South Delhi,2026-08-06 01:00:00+00:00,27.3,94,2.7,58,0.5,973.6,Open-Meteo archive context,configured pilot anchor
DEL_MEH,Mehrauli pilot area,Delhi,South Delhi,2026-08-06 02:00:00+00:00,27.3,92,7.3,100,0.3,974.1,Open-Meteo archive context,configured pilot anchor
DEL_MEH,Mehrauli pilot area,Delhi,South Delhi,2026-08-06 03:00:00+00:00,27.0,93,6.9,118,1.3,974.8,Open-Meteo archive context,configured pilot anchor
DEL_MEH,Mehrauli pilot area,Delhi,South Delhi,2026-08-06 04:00:00+00:00,26.8,90,4.2,115,1.0,975.4,Open-Meteo archive context,configured pilot anchor
DEL_MEH,Mehrauli pilot area,Delhi,South Delhi,2026-08-06 05:00:00+00:00,26.9,88,1.0,121,1.4,975.5,Open-Meteo archive context,configured pilot anchor
DEL_MEH,Mehrauli pilot area,Delhi,South Delhi,2026-08-06 06:00:00+00:00,26.8,87,4.1,61,0.4,975.3,Open-Meteo archive context,configured pilot anchor
DEL_MEH,Mehrauli pilot area,Delhi,South Delhi,2026-08-06 07:00:00+00:00,27.6,82,3.7,349,0.4,975.0,Open-Meteo archive context,configured pilot anchor
DEL_MEH,Mehrauli pilot area,Delhi,South Delhi,2026-08-06 08:00:00+00:00,27.5,82,6.6,323,0.3,974.5,Open-Meteo archive context,configured pilot anchor
DEL_MEH,Mehrauli pilot area,Delhi,South Delhi,2026-08-06 09:00:00+00:00,27.4,82,7.4,328,0.2,973.6,Open-Meteo archive context,configured pilot anchor
DEL_MEH,Mehrauli pilot area,Delhi,South Delhi,2026-08-06 10:00:00+00:00,27.2,82,6.0,344,0.2,973.5,Open-Meteo archive context,configured pilot anchor
DEL_MEH,Mehrauli pilot area,Delhi,South Delhi,2026-08-06 11:00:00+00:00,27.5,81,6.4,331,0.0,973.0,Open-Meteo archive context,configured pilot anchor
DEL_MEH,Mehrauli pilot area,Delhi,South Delhi,2026-08-06 12:00:00+00:00,27.4,88,8.0,8,0.0,972.7,Open-Meteo archive context,configured pilot anchor
DEL_MEH,Mehrauli pilot area,Delhi,South Delhi,2026-08-06 13:00:00+00:00,27.2,91,7.6,360,0.4,973.0,Open-Meteo archive context,configured pilot anchor
DEL_MEH,Mehrauli pilot area,Delhi,South Delhi,2026-08-06 14:00:00+00:00,26.9,93,6.2,350,0.1,973.5,Open-Meteo archive context,configured pilot anchor
DEL_MEH,Mehrauli pilot area,Delhi,South Delhi,2026-08-06 15:00:00+00:00,26.8,93,5.8,358,0.0,973.9,Open-Meteo archive context,configured pilot anchor
DEL_MEH,Mehrauli pilot area,Delhi,South Delhi,2026-08-06 16:00:00+00:00,26.7,94,6.3,18,0.0,974.4,Open-Meteo archive context,configured pilot anchor
DEL_MEH,Mehrauli pilot area,Delhi,South Delhi,2026-08-06 17:00:00+00:00,26.6,94,5.1,42,0.0,974.5,Open-Meteo archive context,configured pilot anchor
DEL_MEH,Mehrauli pilot area,Delhi,South Delhi,2026-08-06 18:00:00+00:00,26.5,95,9.5,71,0.0,974.3,Open-Meteo archive context,configured pilot anchor
DEL_MEH,Mehrauli pilot area,Delhi,South Delhi,2026-08-06 19:00:00+00:00,25.8,98,8.3,84,0.8,974.1,Open-Meteo archive context,configured pilot anchor
DEL_MEH,Mehrauli pilot area,Delhi,South Delhi,2026-08-06 20:00:00+00:00,25.5,98,3.8,49,1.7,973.8,Open-Meteo archive context,configured pilot anchor
DEL_MEH,Mehrauli pilot area,Delhi,South Delhi,2026-08-06 21:00:00+00:00,25.5,99,4.9,356,0.7,973.4,Open-Meteo archive context,configured pilot anchor
DEL_MEH,Mehrauli pilot area,Delhi,South Delhi,2026-08-06 22:00:00+00:00,25.7,98,5.2,358,0.0,973.3,Open-Meteo archive context,configured pilot anchor
DEL_MEH,Mehrauli pilot area,Delhi,South Delhi,2026-08-06 23:00:00+00:00,25.7,95,6.1,2,0.0,973.4,Open-Meteo archive context,configured pilot anchor
DEL_MEH,Mehrauli pilot area,Delhi,South Delhi,2026-08-07 00:00:00+00:00,25.6,96,9.3,47,1.7,973.0,Open-Meteo archive context,configured pilot anchor
DEL_MEH,Mehrauli pilot area,Delhi,South Delhi,2026-08-07 01:00:00+00:00,25.3,96,5.0,360,1.4,973.3,Open-Meteo archive context,configured pilot anchor
DEL_MEH,Mehrauli pilot area,Delhi,South Delhi,2026-08-07 02:00:00+00:00,25.6,95,7.0,18,3.9,973.8,Open-Meteo archive context,configured pilot anchor
DEL_MEH,Mehrauli pilot area,Delhi,South Delhi,2026-08-07 03:00:00+00:00,26.2,96,8.5,17,1.8,974.1,Open-Meteo archive context,configured pilot anchor
DEL_MEH,Mehrauli pilot area,Delhi,South Delhi,2026-08-07 04:00:00+00:00,26.3,97,10.0,18,2.2,974.2,Open-Meteo archive context,configured pilot anchor
DEL_MEH,Mehrauli pilot area,Delhi,South Delhi,2026-08-07 05:00:00+00:00,26.6,95,12.1,37,4.3,974.3,Open-Meteo archive context,configured pilot anchor
DEL_MEH,Mehrauli pilot area,Delhi,South Delhi,2026-08-07 06:00:00+00:00,27.4,92,10.1,20,0.8,974.2,Open-Meteo archive context,configured pilot anchor
DEL_MEH,Mehrauli pilot area,Delhi,South Delhi,2026-08-07 07:00:00+00:00,26.0,96,14.8,50,14.3,973.6,Open-Meteo archive context,configured pilot anchor
DEL_MEH,Mehrauli pilot area,Delhi,South Delhi,2026-08-07 08:00:00+00:00,26.9,95,15.4,57,2.9,972.9,Open-Meteo archive context,configured pilot anchor
DEL_MEH,Mehrauli pilot area,Delhi,South Delhi,2026-08-07 09:00:00+00:00,27.7,93,12.8,42,1.2,972.4,Open-Meteo archive context,configured pilot anchor
DEL_MEH,Mehrauli pilot area,Delhi,South Delhi,2026-08-07 10:00:00+00:00,29.1,85,12.3,22,0.2,972.0,Open-Meteo archive context,configured pilot anchor
DEL_MEH,Mehrauli pilot area,Delhi,South Delhi,2026-08-07 11:00:00+00:00,27.9,89,12.1,41,1.3,971.8,Open-Meteo archive context,configured pilot anchor
DEL_MEH,Mehrauli pilot area,Delhi,South Delhi,2026-08-07 12:00:00+00:00,27.0,93,10.8,26,7.3,972.1,Open-Meteo archive context,configured pilot anchor
DEL_MEH,Mehrauli pilot area,Delhi,South Delhi,2026-08-07 13:00:00+00:00,26.4,94,10.2,45,1.7,972.2,Open-Meteo archive context,configured pilot anchor
DEL_MEH,Mehrauli pilot area,Delhi,South Delhi,2026-08-07 14:00:00+00:00,26.0,96,11.4,49,0.6,973.0,Open-Meteo archive context,configured pilot anchor
DEL_MEH,Mehrauli pilot area,Delhi,South Delhi,2026-08-07 15:00:00+00:00,26.2,95,11.1,36,0.2,973.6,Open-Meteo archive context,configured pilot anchor
DEL_MEH,Mehrauli pilot area,Delhi,South Delhi,2026-08-07 16:00:00+00:00,25.6,97,14.0,46,0.7,974.4,Open-Meteo archive context,configured pilot anchor
DEL_MEH,Mehrauli pilot area,Delhi,South Delhi,2026-08-07 17:00:00+00:00,25.2,97,11.1,43,2.0,974.7,Open-Meteo archive context,configured pilot anchor
DEL_MEH,Mehrauli pilot area,Delhi,South Delhi,2026-08-07 18:00:00+00:00,25.2,97,12.2,37,9.9,974.6,Open-Meteo archive context,configured pilot anchor
DEL_MEH,Mehrauli pilot area,Delhi,South Delhi,2026-08-07 19:00:00+00:00,25.5,96,9.3,28,1.3,974.0,Open-Meteo archive context,configured pilot anchor
DEL_MEH,Mehrauli pilot area,Delhi,South Delhi,2026-08-07 20:00:00+00:00,25.7,96,11.9,27,0.2,973.6,Open-Meteo archive context,configured pilot anchor
DEL_MEH,Mehrauli pilot area,Delhi,South Delhi,2026-08-07 21:00:00+00:00,25.1,97,9.7,42,0.9,973.5,Open-Meteo archive context,configured pilot anchor
DEL_MEH,Mehrauli pilot area,Delhi,South Delhi,2026-08-07 22:00:00+00:00,24.6,99,8.5,17,2.1,973.6,Open-Meteo archive context,configured pilot anchor
DEL_MEH,Mehrauli pilot area,Delhi,South Delhi,2026-08-07 23:00:00+00:00,24.6,99,8.3,24,4.3,973.6,Open-Meteo archive context,configured pilot anchor
DEL_MEH,Mehrauli pilot area,Delhi,South Delhi,2026-08-08 00:00:00+00:00,25.5,97,9.7,102,0.3,973.3,Open-Meteo archive context,configured pilot anchor
DEL_MEH,Mehrauli pilot area,Delhi,South Delhi,2026-08-08 01:00:00+00:00,25.2,97,12.1,97,2.4,973.9,Open-Meteo archive context,configured pilot anchor
DEL_MEH,Mehrauli pilot area,Delhi,South Delhi,2026-08-08 02:00:00+00:00,25.5,96,11.0,79,0.9,974.3,Open-Meteo archive context,configured pilot anchor
DEL_MEH,Mehrauli pilot area,Delhi,South Delhi,2026-08-08 03:00:00+00:00,27.0,93,7.2,72,0.3,974.9,Open-Meteo archive context,configured pilot anchor
DEL_MEH,Mehrauli pilot area,Delhi,South Delhi,2026-08-08 04:00:00+00:00,29.1,86,9.0,102,0.2,975.3,Open-Meteo archive context,configured pilot anchor
DEL_MEH,Mehrauli pilot area,Delhi,South Delhi,2026-08-08 05:00:00+00:00,30.5,79,13.4,112,0.1,975.3,Open-Meteo archive context,configured pilot anchor
DEL_MEH,Mehrauli pilot area,Delhi,South Delhi,2026-08-08 06:00:00+00:00,28.9,82,15.7,105,0.7,975.7,Open-Meteo archive context,configured pilot anchor
DEL_MEH,Mehrauli pilot area,Delhi,South Delhi,2026-08-08 07:00:00+00:00,31.3,75,12.6,119,0.2,975.7,Open-Meteo archive context,configured pilot anchor
DEL_MEH,Mehrauli pilot area,Delhi,South Delhi,2026-08-08 08:00:00+00:00,29.3,80,16.2,129,1.2,975.1,Open-Meteo archive context,configured pilot anchor
DEL_MEH,Mehrauli pilot area,Delhi,South Delhi,2026-08-08 09:00:00+00:00,30.9,74,8.6,121,0.2,974.0,Open-Meteo archive context,configured pilot anchor
DEL_MEH,Mehrauli pilot area,Delhi,South Delhi,2026-08-08 10:00:00+00:00,32.0,68,9.1,122,0.1,973.6,Open-Meteo archive context,configured pilot anchor
DEL_MEH,Mehrauli pilot area,Delhi,South Delhi,2026-08-08 11:00:00+00:00,30.1,78,11.5,138,0.6,973.1,Open-Meteo archive context,configured pilot anchor
DEL_MEH,Mehrauli pilot area,Delhi,South Delhi,2026-08-08 12:00:00+00:00,30.3,79,8.7,112,1.0,973.9,Open-Meteo archive context,configured pilot anchor
DEL_MEH,Mehrauli pilot area,Delhi,South Delhi,2026-08-08 13:00:00+00:00,29.4,84,6.0,127,0.2,973.9,Open-Meteo archive context,configured pilot anchor
DEL_MEH,Mehrauli pilot area,Delhi,South Delhi,2026-08-08 14:00:00+00:00,28.7,87,6.9,120,0.1,974.3,Open-Meteo archive context,configured pilot anchor
DEL_MEH,Mehrauli pilot area,Delhi,South Delhi,2026-08-08 15:00:00+00:00,28.5,89,5.5,142,0.0,975.3,Open-Meteo archive context,configured pilot anchor
DEL_MEH,Mehrauli pilot area,Delhi,South Delhi,2026-08-08 16:00:00+00:00,28.3,91,7.7,111,0.0,976.0,Open-Meteo archive context,configured pilot anchor
DEL_MEH,Mehrauli pilot area,Delhi,South Delhi,2026-08-08 17:00:00+00:00,28.1,91,6.3,95,0.0,976.5,Open-Meteo archive context,configured pilot anchor
DEL_MEH,Mehrauli pilot area,Delhi,South Delhi,2026-08-08 18:00:00+00:00,28.7,90,2.3,51,0.0,976.3,Open-Meteo archive context,configured pilot anchor
DEL_MEH,Mehrauli pilot area,Delhi,South Delhi,2026-08-08 19:00:00+00:00,28.4,89,3.6,81,0.3,976.2,Open-Meteo archive context,configured pilot anchor
DEL_MEH,Mehrauli pilot area,Delhi,South Delhi,2026-08-08 20:00:00+00:00,27.9,91,4.1,131,0.3,975.9,Open-Meteo archive context,configured pilot anchor
DEL_MEH,Mehrauli pilot area,Delhi,South Delhi,2026-08-08 21:00:00+00:00,27.7,89,3.1,69,0.2,975.8,Open-Meteo archive context,configured pilot anchor
DEL_MEH,Mehrauli pilot area,Delhi,South Delhi,2026-08-08 22:00:00+00:00,25.9,96,8.2,75,1.4,976.0,Open-Meteo archive context,configured pilot anchor
DEL_MEH,Mehrauli pilot area,Delhi,South Delhi,2026-08-08 23:00:00+00:00,25.5,96,9.2,89,0.6,975.9,Open-Meteo archive context,configured pilot anchor
DEL_MEH,Mehrauli pilot area,Delhi,South Delhi,2026-08-09 00:00:00+00:00,25.5,98,2.1,52,0.1,976.0,Open-Meteo archive context,configured pilot anchor
DEL_MEH,Mehrauli pilot area,Delhi,South Delhi,2026-08-09 01:00:00+00:00,25.9,98,3.0,73,0.3,976.2,Open-Meteo archive context,configured pilot anchor
DEL_MEH,Mehrauli pilot area,Delhi,South Delhi,2026-08-09 02:00:00+00:00,27.2,94,2.8,55,0.0,976.7,Open-Meteo archive context,configured pilot anchor
DEL_MEH,Mehrauli pilot area,Delhi,South Delhi,2026-08-09 03:00:00+00:00,28.9,87,5.2,92,0.0,977.0,Open-Meteo archive context,configured pilot anchor
DEL_MEH,Mehrauli pilot area,Delhi,South Delhi,2026-08-09 04:00:00+00:00,30.4,79,7.9,107,0.1,977.2,Open-Meteo archive context,configured pilot anchor
DEL_MEH,Mehrauli pilot area,Delhi,South Delhi,2026-08-09 05:00:00+00:00,31.3,76,8.6,120,0.1,977.5,Open-Meteo archive context,configured pilot anchor
DEL_MEH,Mehrauli pilot area,Delhi,South Delhi,2026-08-09 06:00:00+00:00,31.5,72,9.4,121,0.0,976.9,Open-Meteo archive context,configured pilot anchor
DEL_MEH,Mehrauli pilot area,Delhi,South Delhi,2026-08-09 07:00:00+00:00,32.5,66,8.0,118,0.3,976.5,Open-Meteo archive context,configured pilot anchor
DEL_MEH,Mehrauli pilot area,Delhi,South Delhi,2026-08-09 08:00:00+00:00,33.1,63,6.8,119,0.0,975.7,Open-Meteo archive context,configured pilot anchor
DEL_MEH,Mehrauli pilot area,Delhi,South Delhi,2026-08-09 09:00:00+00:00,33.7,60,6.3,117,0.0,974.9,Open-Meteo archive context,configured pilot anchor
DEL_MEH,Mehrauli pilot area,Delhi,South Delhi,2026-08-09 10:00:00+00:00,33.8,60,2.7,113,0.0,974.1,Open-Meteo archive context,configured pilot anchor
DEL_MEH,Mehrauli pilot area,Delhi,South Delhi,2026-08-09 11:00:00+00:00,33.6,60,3.6,70,0.0,973.5,Open-Meteo archive context,configured pilot anchor
DEL_MEH,Mehrauli pilot area,Delhi,South Delhi,2026-08-09 12:00:00+00:00,32.3,68,4.2,205,0.3,973.4,Open-Meteo archive context,configured pilot anchor
DEL_MEH,Mehrauli pilot area,Delhi,South Delhi,2026-08-09 13:00:00+00:00,31.3,78,2.4,312,0.0,973.8,Open-Meteo archive context,configured pilot anchor
DEL_MEH,Mehrauli pilot area,Delhi,South Delhi,2026-08-09 14:00:00+00:00,30.3,84,4.5,95,0.0,974.5,Open-Meteo archive context,configured pilot anchor
DEL_MEH,Mehrauli pilot area,Delhi,South Delhi,2026-08-09 15:00:00+00:00,29.8,85,4.7,148,0.0,974.9,Open-Meteo archive context,configured pilot anchor
DEL_MEH,Mehrauli pilot area,Delhi,South Delhi,2026-08-09 16:00:00+00:00,29.5,84,4.9,141,0.0,975.8,Open-Meteo archive context,configured pilot anchor
DEL_MEH,Mehrauli pilot area,Delhi,South Delhi,2026-08-09 17:00:00+00:00,29.3,82,5.6,121,0.0,976.1,Open-Meteo archive context,configured pilot anchor
DEL_MEH,Mehrauli pilot area,Delhi,South Delhi,2026-08-09 18:00:00+00:00,28.7,82,6.7,128,0.0,975.5,Open-Meteo archive context,configured pilot anchor
DEL_MEH,Mehrauli pilot area,Delhi,South Delhi,2026-08-09 19:00:00+00:00,28.8,85,3.4,155,0.1,975.3,Open-Meteo archive context,configured pilot anchor
DEL_MEH,Mehrauli pilot area,Delhi,South Delhi,2026-08-09 20:00:00+00:00,28.6,84,3.0,346,0.4,975.1,Open-Meteo archive context,configured pilot anchor
DEL_MEH,Mehrauli pilot area,Delhi,South Delhi,2026-08-09 21:00:00+00:00,26.7,93,8.7,352,0.5,974.8,Open-Meteo archive context,configured pilot anchor
DEL_MEH,Mehrauli pilot area,Delhi,South Delhi,2026-08-09 22:00:00+00:00,26.9,94,3.8,73,0.0,974.3,Open-Meteo archive context,configured pilot anchor
DEL_MEH,Mehrauli pilot area,Delhi,South Delhi,2026-08-09 23:00:00+00:00,27.0,95,6.5,77,0.0,974.7,Open-Meteo archive context,configured pilot anchor
DEL_MEH,Mehrauli pilot area,Delhi,South Delhi,2026-08-10 00:00:00+00:00,26.9,93,10.7,132,0.0,974.6,Open-Meteo archive context,configured pilot anchor
DEL_MEH,Mehrauli pilot area,Delhi,South Delhi,2026-08-10 01:00:00+00:00,26.3,94,10.5,117,0.1,975.4,Open-Meteo archive context,configured pilot anchor
DEL_MEH,Mehrauli pilot area,Delhi,South Delhi,2026-08-10 02:00:00+00:00,26.7,94,6.3,97,0.4,975.5,Open-Meteo archive context,configured pilot anchor
DEL_MEH,Mehrauli pilot area,Delhi,South Delhi,2026-08-10 03:00:00+00:00,28.0,88,7.6,108,0.0,975.8,Open-Meteo archive context,configured pilot anchor
DEL_MEH,Mehrauli pilot area,Delhi,South Delhi,2026-08-10 04:00:00+00:00,29.6,82,7.7,131,0.0,976.1,Open-Meteo archive context,configured pilot anchor
DEL_MEH,Mehrauli pilot area,Delhi,South Delhi,2026-08-10 05:00:00+00:00,31.0,76,5.7,127,0.0,976.2,Open-Meteo archive context,configured pilot anchor
DEL_MEH,Mehrauli pilot area,Delhi,South Delhi,2026-08-10 06:00:00+00:00,32.8,65,6.8,140,0.0,975.8,Open-Meteo archive context,configured pilot anchor
DEL_MEH,Mehrauli pilot area,Delhi,South Delhi,2026-08-10 07:00:00+00:00,33.0,64,6.1,135,0.1,975.4,Open-Meteo archive context,configured pilot anchor
DEL_MEH,Mehrauli pilot area,Delhi,South Delhi,2026-08-10 08:00:00+00:00,32.2,69,7.8,95,0.0,975.0,Open-Meteo archive context,configured pilot anchor
DEL_MEH,Mehrauli pilot area,Delhi,South Delhi,2026-08-10 09:00:00+00:00,27.5,96,6.6,41,5.5,974.6,Open-Meteo archive context,configured pilot anchor
DEL_MEH,Mehrauli pilot area,Delhi,South Delhi,2026-08-10 10:00:00+00:00,28.9,87,1.0,68,0.6,974.2,Open-Meteo archive context,configured pilot anchor
DEL_MEH,Mehrauli pilot area,Delhi,South Delhi,2026-08-10 11:00:00+00:00,29.1,84,2.1,20,0.2,973.5,Open-Meteo archive context,configured pilot anchor
DEL_MEH,Mehrauli pilot area,Delhi,South Delhi,2026-08-10 12:00:00+00:00,29.1,91,6.2,38,0.1,973.8,Open-Meteo archive context,configured pilot anchor
DEL_MEH,Mehrauli pilot area,Delhi,South Delhi,2026-08-10 13:00:00+00:00,28.9,93,6.9,41,0.9,973.9,Open-Meteo archive context,configured pilot anchor
DEL_MEH,Mehrauli pilot area,Delhi,South Delhi,2026-08-10 14:00:00+00:00,28.5,94,7.2,68,0.1,974.4,Open-Meteo archive context,configured pilot anchor
DEL_MEH,Mehrauli pilot area,Delhi,South Delhi,2026-08-10 15:00:00+00:00,28.2,94,5.4,94,0.0,975.2,Open-Meteo archive context,configured pilot anchor
DEL_MEH,Mehrauli pilot area,Delhi,South Delhi,2026-08-10 16:00:00+00:00,27.9,96,6.3,90,0.2,975.9,Open-Meteo archive context,configured pilot anchor
DEL_MEH,Mehrauli pilot area,Delhi,South Delhi,2026-08-10 17:00:00+00:00,27.8,96,5.8,92,0.1,975.6,Open-Meteo archive context,configured pilot anchor
DEL_MEH,Mehrauli pilot area,Delhi,South Delhi,2026-08-10 18:00:00+00:00,27.8,96,7.0,69,0.0,974.7,Open-Meteo archive context,configured pilot anchor
DEL_MEH,Mehrauli pilot area,Delhi,South Delhi,2026-08-10 19:00:00+00:00,27.5,96,10.2,97,0.2,974.7,Open-Meteo archive context,configured pilot anchor
DEL_MEH,Mehrauli pilot area,Delhi,South Delhi,2026-08-10 20:00:00+00:00,27.2,97,9.2,113,0.0,974.7,Open-Meteo archive context,configured pilot anchor
DEL_MEH,Mehrauli pilot area,Delhi,South Delhi,2026-08-10 21:00:00+00:00,27.0,97,9.7,106,0.1,974.6,Open-Meteo archive context,configured pilot anchor
DEL_MEH,Mehrauli pilot area,Delhi,South Delhi,2026-08-10 22:00:00+00:00,26.9,97,9.5,112,0.2,974.2,Open-Meteo archive context,configured pilot anchor
DEL_MEH,Mehrauli pilot area,Delhi,South Delhi,2026-08-10 23:00:00+00:00,26.6,95,9.7,133,0.2,974.7,Open-Meteo archive context,configured pilot anchor
DEL_MEH,Mehrauli pilot area,Delhi,South Delhi,2026-08-11 00:00:00+00:00,26.4,97,9.3,148,0.4,975.0,Open-Meteo archive context,configured pilot anchor
DEL_MEH,Mehrauli pilot area,Delhi,South Delhi,2026-08-11 01:00:00+00:00,26.5,97,7.9,129,0.0,975.1,Open-Meteo archive context,configured pilot anchor
DEL_MEH,Mehrauli pilot area,Delhi,South Delhi,2026-08-11 02:00:00+00:00,27.3,91,9.2,160,0.0,975.8,Open-Meteo archive context,configured pilot anchor
DEL_MEH,Mehrauli pilot area,Delhi,South Delhi,2026-08-11 03:00:00+00:00,28.4,86,7.7,159,0.0,976.2,Open-Meteo archive context,configured pilot anchor
DEL_MEH,Mehrauli pilot area,Delhi,South Delhi,2026-08-11 04:00:00+00:00,29.3,83,7.1,156,0.0,976.5,Open-Meteo archive context,configured pilot anchor
DEL_MEH,Mehrauli pilot area,Delhi,South Delhi,2026-08-11 05:00:00+00:00,30.1,81,5.4,127,0.1,976.7,Open-Meteo archive context,configured pilot anchor
DEL_MEH,Mehrauli pilot area,Delhi,South Delhi,2026-08-11 06:00:00+00:00,30.5,77,2.9,120,0.3,976.6,Open-Meteo archive context,configured pilot anchor
DEL_MEH,Mehrauli pilot area,Delhi,South Delhi,2026-08-11 07:00:00+00:00,28.2,85,6.7,92,0.9,976.0,Open-Meteo archive context,configured pilot anchor
DEL_MEH,Mehrauli pilot area,Delhi,South Delhi,2026-08-11 08:00:00+00:00,27.9,91,6.4,61,2.2,975.8,Open-Meteo archive context,configured pilot anchor
DEL_MEH,Mehrauli pilot area,Delhi,South Delhi,2026-08-11 09:00:00+00:00,28.4,91,5.2,61,1.2,974.9,Open-Meteo archive context,configured pilot anchor
DEL_MEH,Mehrauli pilot area,Delhi,South Delhi,2026-08-11 10:00:00+00:00,29.9,83,5.6,61,0.4,973.7,Open-Meteo archive context,configured pilot anchor
DEL_MEH,Mehrauli pilot area,Delhi,South Delhi,2026-08-11 11:00:00+00:00,30.4,78,5.1,36,0.1,973.5,Open-Meteo archive context,configured pilot anchor
DEL_MEH,Mehrauli pilot area,Delhi,South Delhi,2026-08-11 12:00:00+00:00,30.1,78,4.3,73,0.1,973.9,Open-Meteo archive context,configured pilot anchor
DEL_MEH,Mehrauli pilot area,Delhi,South Delhi,2026-08-11 13:00:00+00:00,29.6,83,3.1,80,0.0,973.9,Open-Meteo archive context,configured pilot anchor
DEL_MEH,Mehrauli pilot area,Delhi,South Delhi,2026-08-11 14:00:00+00:00,28.8,89,1.8,143,0.2,974.3,Open-Meteo archive context,configured pilot anchor
DEL_MEH,Mehrauli pilot area,Delhi,South Delhi,2026-08-11 15:00:00+00:00,28.5,92,3.1,100,0.7,975.3,Open-Meteo archive context,configured pilot anchor
DEL_MEH,Mehrauli pilot area,Delhi,South Delhi,2026-08-11 16:00:00+00:00,28.3,94,2.3,148,0.1,976.1,Open-Meteo archive context,configured pilot anchor
DEL_MEH,Mehrauli pilot area,Delhi,South Delhi,2026-08-11 17:00:00+00:00,27.8,97,3.5,156,0.0,976.3,Open-Meteo archive context,configured pilot anchor
DEL_MEH,Mehrauli pilot area,Delhi,South Delhi,2026-08-11 18:00:00+00:00,28.1,93,4.8,138,0.0,975.9,Open-Meteo archive context,configured pilot anchor
DEL_MEH,Mehrauli pilot area,Delhi,South Delhi,2026-08-11 19:00:00+00:00,27.9,94,3.5,168,0.0,975.7,Open-Meteo archive context,configured pilot anchor
DEL_MEH,Mehrauli pilot area,Delhi,South Delhi,2026-08-11 20:00:00+00:00,27.9,94,0.3,315,0.0,975.6,Open-Meteo archive context,configured pilot anchor
DEL_MEH,Mehrauli pilot area,Delhi,South Delhi,2026-08-11 21:00:00+00:00,27.4,96,2.9,43,0.0,975.6,Open-Meteo archive context,configured pilot anchor
DEL_MEH,Mehrauli pilot area,Delhi,South Delhi,2026-08-11 22:00:00+00:00,27.2,96,4.6,64,0.0,975.7,Open-Meteo archive context,configured pilot anchor
DEL_MEH,Mehrauli pilot area,Delhi,South Delhi,2026-08-11 23:00:00+00:00,27.0,96,3.3,61,0.0,975.7,Open-Meteo archive context,configured pilot anchor
DEL_MEH,Mehrauli pilot area,Delhi,South Delhi,2026-08-12 00:00:00+00:00,27.2,97,2.2,48,0.0,975.5,Open-Meteo archive context,configured pilot anchor
DEL_MEH,Mehrauli pilot area,Delhi,South Delhi,2026-08-12 01:00:00+00:00,27.3,97,3.6,33,0.0,975.8,Open-Meteo archive context,configured pilot anchor
DEL_MEH,Mehrauli pilot area,Delhi,South Delhi,2026-08-12 02:00:00+00:00,28.4,92,2.6,344,0.0,976.2,Open-Meteo archive context,configured pilot anchor
DEL_MEH,Mehrauli pilot area,Delhi,South Delhi,2026-08-12 03:00:00+00:00,29.9,82,3.1,353,0.0,976.6,Open-Meteo archive context,configured pilot anchor
DEL_MEH,Mehrauli pilot area,Delhi,South Delhi,2026-08-12 04:00:00+00:00,31.0,74,4.0,357,0.1,976.8,Open-Meteo archive context,configured pilot anchor
DEL_MEH,Mehrauli pilot area,Delhi,South Delhi,2026-08-12 05:00:00+00:00,31.8,70,3.1,10,0.2,976.9,Open-Meteo archive context,configured pilot anchor
DEL_MEH,Mehrauli pilot area,Delhi,South Delhi,2026-08-12 06:00:00+00:00,32.9,64,4.7,353,0.4,976.5,Open-Meteo archive context,configured pilot anchor
DEL_MEH,Mehrauli pilot area,Delhi,South Delhi,2026-08-12 07:00:00+00:00,33.3,62,4.4,351,0.2,976.2,Open-Meteo archive context,configured pilot anchor
DEL_MEH,Mehrauli pilot area,Delhi,South Delhi,2026-08-12 08:00:00+00:00,33.7,61,2.9,353,0.2,975.2,Open-Meteo archive context,configured pilot anchor
DEL_MEH,Mehrauli pilot area,Delhi,South Delhi,2026-08-12 09:00:00+00:00,34.0,60,1.7,32,0.1,974.7,Open-Meteo archive context,configured pilot anchor
DEL_MEH,Mehrauli pilot area,Delhi,South Delhi,2026-08-12 10:00:00+00:00,34.2,60,0.3,45,0.0,974.4,Open-Meteo archive context,configured pilot anchor
DEL_MEH,Mehrauli pilot area,Delhi,South Delhi,2026-08-12 11:00:00+00:00,34.1,61,0.7,270,0.0,973.7,Open-Meteo archive context,configured pilot anchor
DEL_MEH,Mehrauli pilot area,Delhi,South Delhi,2026-08-12 12:00:00+00:00,32.8,70,5.2,239,0.1,974.1,Open-Meteo archive context,configured pilot anchor
DEL_MEH,Mehrauli pilot area,Delhi,South Delhi,2026-08-12 13:00:00+00:00,28.8,93,9.9,238,0.9,974.9,Open-Meteo archive context,configured pilot anchor
DEL_MEH,Mehrauli pilot area,Delhi,South Delhi,2026-08-12 14:00:00+00:00,27.8,96,12.5,230,0.0,976.1,Open-Meteo archive context,configured pilot anchor
DEL_MEH,Mehrauli pilot area,Delhi,South Delhi,2026-08-12 15:00:00+00:00,27.5,94,1.1,360,0.1,976.2,Open-Meteo archive context,configured pilot anchor
DEL_MEH,Mehrauli pilot area,Delhi,South Delhi,2026-08-12 16:00:00+00:00,27.6,95,5.2,229,0.0,977.2,Open-Meteo archive context,configured pilot anchor
DEL_MEH,Mehrauli pilot area,Delhi,South Delhi,2026-08-12 17:00:00+00:00,27.5,95,6.1,183,0.0,977.6,Open-Meteo archive context,configured pilot anchor
DEL_MEH,Mehrauli pilot area,Delhi,South Delhi,2026-08-12 18:00:00+00:00,29.1,89,5.4,178,0.0,977.4,Open-Meteo archive context,configured pilot anchor
DEL_MEH,Mehrauli pilot area,Delhi,South Delhi,2026-08-12 19:00:00+00:00,28.6,90,3.8,191,0.0,977.5,Open-Meteo archive context,configured pilot anchor
DEL_MEH,Mehrauli pilot area,Delhi,South Delhi,2026-08-12 20:00:00+00:00,28.4,90,3.6,213,0.0,976.7,Open-Meteo archive context,configured pilot anchor
DEL_MEH,Mehrauli pilot area,Delhi,South Delhi,2026-08-12 21:00:00+00:00,28.2,90,5.9,247,0.0,976.2,Open-Meteo archive context,configured pilot anchor
DEL_MEH,Mehrauli pilot area,Delhi,South Delhi,2026-08-12 22:00:00+00:00,27.9,92,6.9,279,0.0,976.2,Open-Meteo archive context,configured pilot anchor
DEL_MEH,Mehrauli pilot area,Delhi,South Delhi,2026-08-12 23:00:00+00:00,27.5,94,4.8,281,0.0,975.9,Open-Meteo archive context,configured pilot anchor
DEL_MEH,Mehrauli pilot area,Delhi,South Delhi,2026-08-13 00:00:00+00:00,26.1,97,6.7,243,0.0,975.9,Open-Meteo archive context,configured pilot anchor
DEL_MEH,Mehrauli pilot area,Delhi,South Delhi,2026-08-13 01:00:00+00:00,26.3,95,9.6,283,0.8,976.2,Open-Meteo archive context,configured pilot anchor
DEL_MEH,Mehrauli pilot area,Delhi,South Delhi,2026-08-13 02:00:00+00:00,27.6,95,8.3,300,0.0,976.4,Open-Meteo archive context,configured pilot anchor
DEL_MEH,Mehrauli pilot area,Delhi,South Delhi,2026-08-13 03:00:00+00:00,29.8,83,3.8,329,0.0,976.3,Open-Meteo archive context,configured pilot anchor
DEL_MEH,Mehrauli pilot area,Delhi,South Delhi,2026-08-13 04:00:00+00:00,31.6,76,2.3,331,0.0,976.6,Open-Meteo archive context,configured pilot anchor
DEL_MEH,Mehrauli pilot area,Delhi,South Delhi,2026-08-13 05:00:00+00:00,32.8,70,0.3,45,0.0,976.9,Open-Meteo archive context,configured pilot anchor
DEL_MEH,Mehrauli pilot area,Delhi,South Delhi,2026-08-13 06:00:00+00:00,33.2,69,2.4,306,0.1,976.9,Open-Meteo archive context,configured pilot anchor
DEL_MEH,Mehrauli pilot area,Delhi,South Delhi,2026-08-13 07:00:00+00:00,32.1,73,0.9,233,0.3,976.2,Open-Meteo archive context,configured pilot anchor
DEL_MEH,Mehrauli pilot area,Delhi,South Delhi,2026-08-13 08:00:00+00:00,30.8,77,6.6,283,2.2,975.8,Open-Meteo archive context,configured pilot anchor
DEL_MEH,Mehrauli pilot area,Delhi,South Delhi,2026-08-13 09:00:00+00:00,32.0,74,1.5,306,0.3,975.2,Open-Meteo archive context,configured pilot anchor
DEL_MEH,Mehrauli pilot area,Delhi,South Delhi,2026-08-13 10:00:00+00:00,33.1,68,5.4,300,0.1,974.3,Open-Meteo archive context,configured pilot anchor
DEL_MEH,Mehrauli pilot area,Delhi,South Delhi,2026-08-13 11:00:00+00:00,32.8,70,6.8,299,0.1,973.7,Open-Meteo archive context,configured pilot anchor
DEL_MEH,Mehrauli pilot area,Delhi,South Delhi,2026-08-13 12:00:00+00:00,30.3,87,6.3,66,0.0,973.9,Open-Meteo archive context,configured pilot anchor
DEL_MEH,Mehrauli pilot area,Delhi,South Delhi,2026-08-13 13:00:00+00:00,30.4,86,2.7,32,0.0,974.4,Open-Meteo archive context,configured pilot anchor
DEL_MEH,Mehrauli pilot area,Delhi,South Delhi,2026-08-13 14:00:00+00:00,29.8,90,1.9,131,0.0,974.9,Open-Meteo archive context,configured pilot anchor
DEL_MEH,Mehrauli pilot area,Delhi,South Delhi,2026-08-13 15:00:00+00:00,29.5,92,3.8,197,0.0,975.5,Open-Meteo archive context,configured pilot anchor
DEL_MEH,Mehrauli pilot area,Delhi,South Delhi,2026-08-13 16:00:00+00:00,29.6,90,4.0,216,0.0,976.2,Open-Meteo archive context,configured pilot anchor
DEL_MEH,Mehrauli pilot area,Delhi,South Delhi,2026-08-13 17:00:00+00:00,29.6,88,5.4,210,0.0,976.1,Open-Meteo archive context,configured pilot anchor
DEL_MEH,Mehrauli pilot area,Delhi,South Delhi,2026-08-13 18:00:00+00:00,30.0,88,3.4,227,0.0,975.5,Open-Meteo archive context,configured pilot anchor
DEL_MEH,Mehrauli pilot area,Delhi,South Delhi,2026-08-13 19:00:00+00:00,29.4,89,4.6,231,0.0,975.2,Open-Meteo archive context,configured pilot anchor
DEL_MEH,Mehrauli pilot area,Delhi,South Delhi,2026-08-13 20:00:00+00:00,29.0,89,4.3,228,0.0,975.0,Open-Meteo archive context,configured pilot anchor
DEL_MEH,Mehrauli pilot area,Delhi,South Delhi,2026-08-13 21:00:00+00:00,28.7,89,5.6,245,0.0,974.8,Open-Meteo archive context,configured pilot anchor
DEL_MEH,Mehrauli pilot area,Delhi,South Delhi,2026-08-13 22:00:00+00:00,28.4,90,5.7,252,0.0,974.6,Open-Meteo archive context,configured pilot anchor
DEL_MEH,Mehrauli pilot area,Delhi,South Delhi,2026-08-13 23:00:00+00:00,28.2,91,5.6,263,0.0,974.8,Open-Meteo archive context,configured pilot anchor
DEL_MEH,Mehrauli pilot area,Delhi,South Delhi,2026-08-14 00:00:00+00:00,26.6,97,2.9,173,0.2,974.8,Open-Meteo archive context,configured pilot anchor
DEL_MEH,Mehrauli pilot area,Delhi,South Delhi,2026-08-14 01:00:00+00:00,26.8,97,3.6,90,1.3,975.6,Open-Meteo archive context,configured pilot anchor
DEL_MEH,Mehrauli pilot area,Delhi,South Delhi,2026-08-14 02:00:00+00:00,27.4,95,3.9,137,1.1,976.3,Open-Meteo archive context,configured pilot anchor
DEL_MEH,Mehrauli pilot area,Delhi,South Delhi,2026-08-14 03:00:00+00:00,27.9,88,6.6,163,0.4,977.2,Open-Meteo archive context,configured pilot anchor
DEL_MEH,Mehrauli pilot area,Delhi,South Delhi,2026-08-14 04:00:00+00:00,28.3,89,4.7,261,0.4,976.9,Open-Meteo archive context,configured pilot anchor
DEL_MEH,Mehrauli pilot area,Delhi,South Delhi,2026-08-14 05:00:00+00:00,29.6,81,2.7,247,0.1,977.0,Open-Meteo archive context,configured pilot anchor
DEL_MEH,Mehrauli pilot area,Delhi,South Delhi,2026-08-14 06:00:00+00:00,30.2,81,4.9,294,0.2,977.5,Open-Meteo archive context,configured pilot anchor
DEL_MEH,Mehrauli pilot area,Delhi,South Delhi,2026-08-14 07:00:00+00:00,30.6,81,3.1,336,0.6,977.9,Open-Meteo archive context,configured pilot anchor
DEL_MEH,Mehrauli pilot area,Delhi,South Delhi,2026-08-14 08:00:00+00:00,30.3,83,2.9,47,0.4,977.1,Open-Meteo archive context,configured pilot anchor
DEL_MEH,Mehrauli pilot area,Delhi,South Delhi,2026-08-14 09:00:00+00:00,30.6,81,3.9,66,0.4,976.8,Open-Meteo archive context,configured pilot anchor
DEL_MEH,Mehrauli pilot area,Delhi,South Delhi,2026-08-14 10:00:00+00:00,26.9,94,2.6,106,6.0,976.6,Open-Meteo archive context,configured pilot anchor
DEL_MEH,Mehrauli pilot area,Delhi,South Delhi,2026-08-14 11:00:00+00:00,27.2,94,2.6,192,1.6,975.5,Open-Meteo archive context,configured pilot anchor
DEL_MEH,Mehrauli pilot area,Delhi,South Delhi,2026-08-14 12:00:00+00:00,30.0,80,5.0,60,0.2,975.2,Open-Meteo archive context,configured pilot anchor
DEL_MEH,Mehrauli pilot area,Delhi,South Delhi,2026-08-14 13:00:00+00:00,29.3,84,4.3,75,0.0,975.4,Open-Meteo archive context,configured pilot anchor
DEL_MEH,Mehrauli pilot area,Delhi,South Delhi,2026-08-14 14:00:00+00:00,28.6,88,5.5,73,0.0,975.9,Open-Meteo archive context,configured pilot anchor
DEL_MEH,Mehrauli pilot area,Delhi,South Delhi,2026-08-14 15:00:00+00:00,28.2,89,6.1,90,0.0,976.4,Open-Meteo archive context,configured pilot anchor
DEL_MEH,Mehrauli pilot area,Delhi,South Delhi,2026-08-14 16:00:00+00:00,27.7,92,3.1,140,0.0,977.0,Open-Meteo archive context,configured pilot anchor
DEL_MEH,Mehrauli pilot area,Delhi,South Delhi,2026-08-14 17:00:00+00:00,27.5,93,4.0,162,0.0,977.0,Open-Meteo archive context,configured pilot anchor
DEL_MEH,Mehrauli pilot area,Delhi,South Delhi,2026-08-14 18:00:00+00:00,27.7,91,4.2,187,0.0,976.6,Open-Meteo archive context,configured pilot anchor
DEL_MEH,Mehrauli pilot area,Delhi,South Delhi,2026-08-14 19:00:00+00:00,27.5,93,2.3,212,0.0,976.5,Open-Meteo archive context,configured pilot anchor
DEL_MEH,Mehrauli pilot area,Delhi,South Delhi,2026-08-14 20:00:00+00:00,27.2,94,2.5,240,0.0,976.3,Open-Meteo archive context,configured pilot anchor
DEL_MEH,Mehrauli pilot area,Delhi,South Delhi,2026-08-14 21:00:00+00:00,27.0,95,2.7,217,0.0,976.4,Open-Meteo archive context,configured pilot anchor
DEL_MEH,Mehrauli pilot area,Delhi,South Delhi,2026-08-14 22:00:00+00:00,26.9,95,4.1,193,0.0,976.1,Open-Meteo archive context,configured pilot anchor
DEL_MEH,Mehrauli pilot area,Delhi,South Delhi,2026-08-14 23:00:00+00:00,26.8,95,3.4,198,0.0,976.4,Open-Meteo archive context,configured pilot anchor
DEL_MEH,Mehrauli pilot area,Delhi,South Delhi,2026-08-15 00:00:00+00:00,26.3,97,8.3,196,0.0,976.6,Open-Meteo archive context,configured pilot anchor
DEL_MEH,Mehrauli pilot area,Delhi,South Delhi,2026-08-15 01:00:00+00:00,26.5,98,3.9,236,0.9,976.9,Open-Meteo archive context,configured pilot anchor
DEL_MEH,Mehrauli pilot area,Delhi,South Delhi,2026-08-15 02:00:00+00:00,26.9,97,1.8,66,0.3,977.4,Open-Meteo archive context,configured pilot anchor
DEL_MEH,Mehrauli pilot area,Delhi,South Delhi,2026-08-15 03:00:00+00:00,27.9,93,3.3,96,0.2,977.9,Open-Meteo archive context,configured pilot anchor
DEL_MEH,Mehrauli pilot area,Delhi,South Delhi,2026-08-15 04:00:00+00:00,28.9,87,2.7,86,0.0,978.0,Open-Meteo archive context,configured pilot anchor
DEL_MEH,Mehrauli pilot area,Delhi,South Delhi,2026-08-15 05:00:00+00:00,30.2,81,1.5,315,0.0,978.0,Open-Meteo archive context,configured pilot anchor
DEL_MEH,Mehrauli pilot area,Delhi,South Delhi,2026-08-15 06:00:00+00:00,31.9,71,8.2,320,0.1,977.8,Open-Meteo archive context,configured pilot anchor
DEL_MEH,Mehrauli pilot area,Delhi,South Delhi,2026-08-15 07:00:00+00:00,32.1,72,7.4,319,0.5,976.9,Open-Meteo archive context,configured pilot anchor
DEL_MEH,Mehrauli pilot area,Delhi,South Delhi,2026-08-15 08:00:00+00:00,31.0,79,9.8,352,0.7,976.5,Open-Meteo archive context,configured pilot anchor
DEL_MEH,Mehrauli pilot area,Delhi,South Delhi,2026-08-15 09:00:00+00:00,31.7,76,5.4,354,0.8,975.6,Open-Meteo archive context,configured pilot anchor
DEL_MEH,Mehrauli pilot area,Delhi,South Delhi,2026-08-15 10:00:00+00:00,32.4,70,7.2,321,0.1,974.7,Open-Meteo archive context,configured pilot anchor
DEL_MEH,Mehrauli pilot area,Delhi,South Delhi,2026-08-15 11:00:00+00:00,32.3,67,7.2,309,0.0,974.1,Open-Meteo archive context,configured pilot anchor
DEL_MEH,Mehrauli pilot area,Delhi,South Delhi,2026-08-15 12:00:00+00:00,31.6,74,8.9,312,0.0,974.0,Open-Meteo archive context,configured pilot anchor
DEL_MEH,Mehrauli pilot area,Delhi,South Delhi,2026-08-15 13:00:00+00:00,30.9,80,4.9,278,0.0,974.3,Open-Meteo archive context,configured pilot anchor
DEL_MEH,Mehrauli pilot area,Delhi,South Delhi,2026-08-15 14:00:00+00:00,30.3,84,4.8,245,0.0,974.8,Open-Meteo archive context,configured pilot anchor
DEL_MEH,Mehrauli pilot area,Delhi,South Delhi,2026-08-15 15:00:00+00:00,29.9,85,4.0,238,0.0,975.3,Open-Meteo archive context,configured pilot anchor
DEL_MEH,Mehrauli pilot area,Delhi,South Delhi,2026-08-15 16:00:00+00:00,29.4,86,5.0,229,0.0,975.7,Open-Meteo archive context,configured pilot anchor
DEL_MEH,Mehrauli pilot area,Delhi,South Delhi,2026-08-15 17:00:00+00:00,29.0,87,4.1,229,0.0,976.0,Open-Meteo archive context,configured pilot anchor
DEL_MEH,Mehrauli pilot area,Delhi,South Delhi,2026-08-15 18:00:00+00:00,28.8,88,7.4,223,0.0,975.6,Open-Meteo archive context,configured pilot anchor
DEL_MEH,Mehrauli pilot area,Delhi,South Delhi,2026-08-15 19:00:00+00:00,28.6,91,8.1,227,0.0,975.5,Open-Meteo archive context,configured pilot anchor
DEL_MEH,Mehrauli pilot area,Delhi,South Delhi,2026-08-15 20:00:00+00:00,28.4,89,8.7,246,0.0,974.9,Open-Meteo archive context,configured pilot anchor
DEL_MEH,Mehrauli pilot area,Delhi,South Delhi,2026-08-15 21:00:00+00:00,28.3,88,7.6,245,0.0,974.4,Open-Meteo archive context,configured pilot anchor
DEL_MEH,Mehrauli pilot area,Delhi,South Delhi,2026-08-15 22:00:00+00:00,26.8,94,8.5,355,1.0,974.4,Open-Meteo archive context,configured pilot anchor
DEL_MEH,Mehrauli pilot area,Delhi,South Delhi,2026-08-15 23:00:00+00:00,26.7,95,8.0,256,0.3,974.3,Open-Meteo archive context,configured pilot anchor
DEL_MEH,Mehrauli pilot area,Delhi,South Delhi,2026-08-16 00:00:00+00:00,27.6,87,12.3,280,0.0,974.0,Open-Meteo archive context,configured pilot anchor
DEL_MEH,Mehrauli pilot area,Delhi,South Delhi,2026-08-16 01:00:00+00:00,27.8,85,10.3,286,0.0,974.8,Open-Meteo archive context,configured pilot anchor
DEL_MEH,Mehrauli pilot area,Delhi,South Delhi,2026-08-16 02:00:00+00:00,28.2,84,9.3,285,0.2,975.2,Open-Meteo archive context,configured pilot anchor
DEL_MEH,Mehrauli pilot area,Delhi,South Delhi,2026-08-16 03:00:00+00:00,29.3,79,9.6,275,0.0,975.6,Open-Meteo archive context,configured pilot anchor
DEL_MEH,Mehrauli pilot area,Delhi,South Delhi,2026-08-16 04:00:00+00:00,30.5,73,10.3,281,0.0,975.7,Open-Meteo archive context,configured pilot anchor
DEL_MEH,Mehrauli pilot area,Delhi,South Delhi,2026-08-16 05:00:00+00:00,31.7,69,9.5,284,0.0,975.7,Open-Meteo archive context,configured pilot anchor
DEL_MEH,Mehrauli pilot area,Delhi,South Delhi,2026-08-16 06:00:00+00:00,32.5,66,9.2,303,0.0,975.5,Open-Meteo archive context,configured pilot anchor
DEL_MEH,Mehrauli pilot area,Delhi,South Delhi,2026-08-16 07:00:00+00:00,32.9,64,8.1,315,0.1,975.1,Open-Meteo archive context,configured pilot anchor
DEL_MEH,Mehrauli pilot area,Delhi,South Delhi,2026-08-16 08:00:00+00:00,33.1,64,6.8,318,0.3,975.0,Open-Meteo archive context,configured pilot anchor
DEL_MEH,Mehrauli pilot area,Delhi,South Delhi,2026-08-16 09:00:00+00:00,32.9,64,7.9,283,0.1,974.1,Open-Meteo archive context,configured pilot anchor
DEL_MEH,Mehrauli pilot area,Delhi,South Delhi,2026-08-16 10:00:00+00:00,33.0,64,9.1,263,0.0,973.4,Open-Meteo archive context,configured pilot anchor
DEL_MEH,Mehrauli pilot area,Delhi,South Delhi,2026-08-16 11:00:00+00:00,32.9,65,9.3,261,0.0,973.1,Open-Meteo archive context,configured pilot anchor
DEL_MEH,Mehrauli pilot area,Delhi,South Delhi,2026-08-16 12:00:00+00:00,31.7,74,5.2,264,0.1,973.8,Open-Meteo archive context,configured pilot anchor
DEL_MEH,Mehrauli pilot area,Delhi,South Delhi,2026-08-16 13:00:00+00:00,31.0,81,2.7,266,0.0,974.1,Open-Meteo archive context,configured pilot anchor
DEL_MEH,Mehrauli pilot area,Delhi,South Delhi,2026-08-16 14:00:00+00:00,30.0,85,4.7,176,0.0,974.5,Open-Meteo archive context,configured pilot anchor
DEL_MEH,Mehrauli pilot area,Delhi,South Delhi,2026-08-16 15:00:00+00:00,29.3,87,5.7,148,0.0,975.2,Open-Meteo archive context,configured pilot anchor
DEL_MEH,Mehrauli pilot area,Delhi,South Delhi,2026-08-16 16:00:00+00:00,29.0,86,7.5,190,0.0,975.8,Open-Meteo archive context,configured pilot anchor
DEL_MEH,Mehrauli pilot area,Delhi,South Delhi,2026-08-16 17:00:00+00:00,28.9,86,6.7,211,0.0,975.9,Open-Meteo archive context,configured pilot anchor
DEL_MEH,Mehrauli pilot area,Delhi,South Delhi,2026-08-16 18:00:00+00:00,28.9,87,5.1,198,0.0,975.3,Open-Meteo archive context,configured pilot anchor
DEL_MEH,Mehrauli pilot area,Delhi,South Delhi,2026-08-16 19:00:00+00:00,28.4,87,7.1,221,0.0,975.2,Open-Meteo archive context,configured pilot anchor
DEL_MEH,Mehrauli pilot area,Delhi,South Delhi,2026-08-16 20:00:00+00:00,28.4,84,8.0,276,0.0,975.0,Open-Meteo archive context,configured pilot anchor
DEL_MEH,Mehrauli pilot area,Delhi,South Delhi,2026-08-16 21:00:00+00:00,27.9,86,7.2,269,0.0,974.6,Open-Meteo archive context,configured pilot anchor
DEL_MEH,Mehrauli pilot area,Delhi,South Delhi,2026-08-16 22:00:00+00:00,27.6,84,8.8,258,0.0,974.5,Open-Meteo archive context,configured pilot anchor
DEL_MEH,Mehrauli pilot area,Delhi,South Delhi,2026-08-16 23:00:00+00:00,27.4,82,9.6,257,0.0,974.6,Open-Meteo archive context,configured pilot anchor
DEL_MEH,Mehrauli pilot area,Delhi,South Delhi,2026-08-17 00:00:00+00:00,28.0,80,12.7,263,0.0,974.8,Open-Meteo archive context,configured pilot anchor
DEL_MEH,Mehrauli pilot area,Delhi,South Delhi,2026-08-17 01:00:00+00:00,27.8,80,12.1,267,0.0,975.4,Open-Meteo archive context,configured pilot anchor
DEL_MEH,Mehrauli pilot area,Delhi,South Delhi,2026-08-17 02:00:00+00:00,28.4,79,11.7,279,0.0,975.9,Open-Meteo archive context,configured pilot anchor
DEL_MEH,Mehrauli pilot area,Delhi,South Delhi,2026-08-17 03:00:00+00:00,29.4,76,11.8,299,0.0,976.4,Open-Meteo archive context,configured pilot anchor
DEL_MEH,Mehrauli pilot area,Delhi,South Delhi,2026-08-17 04:00:00+00:00,30.2,74,10.3,301,0.0,976.8,Open-Meteo archive context,configured pilot anchor
DEL_MEH,Mehrauli pilot area,Delhi,South Delhi,2026-08-17 05:00:00+00:00,31.3,71,10.2,294,0.0,977.2,Open-Meteo archive context,configured pilot anchor
DEL_MEH,Mehrauli pilot area,Delhi,South Delhi,2026-08-17 06:00:00+00:00,32.3,65,12.1,298,0.0,976.9,Open-Meteo archive context,configured pilot anchor
DEL_MEH,Mehrauli pilot area,Delhi,South Delhi,2026-08-17 07:00:00+00:00,32.9,64,9.9,295,0.0,976.3,Open-Meteo archive context,configured pilot anchor
DEL_MEH,Mehrauli pilot area,Delhi,South Delhi,2026-08-17 08:00:00+00:00,33.0,65,8.0,288,0.0,975.7,Open-Meteo archive context,configured pilot anchor
DEL_MEH,Mehrauli pilot area,Delhi,South Delhi,2026-08-17 09:00:00+00:00,28.9,84,4.1,52,3.6,975.4,Open-Meteo archive context,configured pilot anchor
DEL_MEH,Mehrauli pilot area,Delhi,South Delhi,2026-08-17 10:00:00+00:00,29.7,81,5.0,116,0.4,974.8,Open-Meteo archive context,configured pilot anchor
DEL_MEH,Mehrauli pilot area,Delhi,South Delhi,2026-08-17 11:00:00+00:00,30.0,81,6.4,162,0.5,974.1,Open-Meteo archive context,configured pilot anchor
DEL_MEH,Mehrauli pilot area,Delhi,South Delhi,2026-08-17 12:00:00+00:00,27.2,95,11.6,285,0.1,975.1,Open-Meteo archive context,configured pilot anchor
DEL_MEH,Mehrauli pilot area,Delhi,South Delhi,2026-08-17 13:00:00+00:00,27.5,93,2.4,163,0.9,975.1,Open-Meteo archive context,configured pilot anchor
DEL_MEH,Mehrauli pilot area,Delhi,South Delhi,2026-08-17 14:00:00+00:00,27.5,94,1.5,150,0.0,975.3,Open-Meteo archive context,configured pilot anchor
DEL_MEH,Mehrauli pilot area,Delhi,South Delhi,2026-08-17 15:00:00+00:00,27.6,94,1.6,186,0.0,976.0,Open-Meteo archive context,configured pilot anchor
DEL_MEH,Mehrauli pilot area,Delhi,South Delhi,2026-08-17 16:00:00+00:00,27.7,92,3.0,194,0.0,976.6,Open-Meteo archive context,configured pilot anchor
DEL_MEH,Mehrauli pilot area,Delhi,South Delhi,2026-08-17 17:00:00+00:00,27.8,89,4.3,208,0.0,976.9,Open-Meteo archive context,configured pilot anchor
DEL_MEH,Mehrauli pilot area,Delhi,South Delhi,2026-08-17 18:00:00+00:00,28.6,85,6.7,272,0.0,976.7,Open-Meteo archive context,configured pilot anchor
DEL_MEH,Mehrauli pilot area,Delhi,South Delhi,2026-08-17 19:00:00+00:00,28.0,86,5.0,249,0.0,976.6,Open-Meteo archive context,configured pilot anchor
DEL_MEH,Mehrauli pilot area,Delhi,South Delhi,2026-08-17 20:00:00+00:00,27.8,83,6.8,241,0.0,976.3,Open-Meteo archive context,configured pilot anchor
DEL_MEH,Mehrauli pilot area,Delhi,South Delhi,2026-08-17 21:00:00+00:00,27.6,82,6.7,251,0.0,976.0,Open-Meteo archive context,configured pilot anchor
DEL_MEH,Mehrauli pilot area,Delhi,South Delhi,2026-08-17 22:00:00+00:00,27.3,83,6.7,254,0.0,975.8,Open-Meteo archive context,configured pilot anchor
DEL_MEH,Mehrauli pilot area,Delhi,South Delhi,2026-08-17 23:00:00+00:00,27.0,84,7.5,253,0.0,976.0,Open-Meteo archive context,configured pilot anchor
DEL_MEH,Mehrauli pilot area,Delhi,South Delhi,2026-08-18 00:00:00+00:00,27.7,79,11.6,265,0.0,975.8,Open-Meteo archive context,configured pilot anchor
DEL_MEH,Mehrauli pilot area,Delhi,South Delhi,2026-08-18 01:00:00+00:00,27.6,80,8.4,277,0.0,976.3,Open-Meteo archive context,configured pilot anchor
DEL_MEH,Mehrauli pilot area,Delhi,South Delhi,2026-08-18 02:00:00+00:00,28.3,78,4.9,287,0.0,977.2,Open-Meteo archive context,configured pilot anchor
DEL_MEH,Mehrauli pilot area,Delhi,South Delhi,2026-08-18 03:00:00+00:00,29.3,75,9.2,268,0.0,977.4,Open-Meteo archive context,configured pilot anchor
DEL_MEH,Mehrauli pilot area,Delhi,South Delhi,2026-08-18 04:00:00+00:00,30.3,72,8.3,276,0.0,977.9,Open-Meteo archive context,configured pilot anchor
DEL_MEH,Mehrauli pilot area,Delhi,South Delhi,2026-08-18 05:00:00+00:00,31.3,68,7.9,283,0.0,978.0,Open-Meteo archive context,configured pilot anchor
DEL_MEH,Mehrauli pilot area,Delhi,South Delhi,2026-08-18 06:00:00+00:00,32.3,63,7.5,294,0.1,978.3,Open-Meteo archive context,configured pilot anchor
DEL_MEH,Mehrauli pilot area,Delhi,South Delhi,2026-08-18 07:00:00+00:00,32.8,60,5.8,292,0.1,977.9,Open-Meteo archive context,configured pilot anchor
DEL_MEH,Mehrauli pilot area,Delhi,South Delhi,2026-08-18 08:00:00+00:00,33.1,59,6.2,282,0.1,977.2,Open-Meteo archive context,configured pilot anchor
DEL_MEH,Mehrauli pilot area,Delhi,South Delhi,2026-08-18 09:00:00+00:00,33.0,61,5.1,287,0.1,976.5,Open-Meteo archive context,configured pilot anchor
DEL_MEH,Mehrauli pilot area,Delhi,South Delhi,2026-08-18 10:00:00+00:00,32.7,62,4.7,274,0.0,975.7,Open-Meteo archive context,configured pilot anchor
DEL_MEH,Mehrauli pilot area,Delhi,South Delhi,2026-08-18 11:00:00+00:00,32.1,66,6.2,218,0.1,975.2,Open-Meteo archive context,configured pilot anchor
DEL_MEH,Mehrauli pilot area,Delhi,South Delhi,2026-08-18 12:00:00+00:00,31.9,68,4.6,234,0.5,975.4,Open-Meteo archive context,configured pilot anchor
DEL_MEH,Mehrauli pilot area,Delhi,South Delhi,2026-08-18 13:00:00+00:00,30.7,77,4.2,149,0.0,976.0,Open-Meteo archive context,configured pilot anchor
DEL_MEH,Mehrauli pilot area,Delhi,South Delhi,2026-08-18 14:00:00+00:00,29.3,81,5.2,121,0.0,976.7,Open-Meteo archive context,configured pilot anchor
DEL_MEH,Mehrauli pilot area,Delhi,South Delhi,2026-08-18 15:00:00+00:00,27.0,88,1.7,252,0.9,977.8,Open-Meteo archive context,configured pilot anchor
DEL_MEH,Mehrauli pilot area,Delhi,South Delhi,2026-08-18 16:00:00+00:00,25.0,98,9.4,90,2.7,977.9,Open-Meteo archive context,configured pilot anchor
DEL_MEH,Mehrauli pilot area,Delhi,South Delhi,2026-08-18 17:00:00+00:00,25.7,95,3.6,177,0.4,977.9,Open-Meteo archive context,configured pilot anchor
DEL_MEH,Mehrauli pilot area,Delhi,South Delhi,2026-08-18 18:00:00+00:00,27.2,92,3.5,201,0.0,977.6,Open-Meteo archive context,configured pilot anchor
DEL_MEH,Mehrauli pilot area,Delhi,South Delhi,2026-08-18 19:00:00+00:00,27.3,89,1.3,286,0.0,977.3,Open-Meteo archive context,configured pilot anchor
DEL_MEH,Mehrauli pilot area,Delhi,South Delhi,2026-08-18 20:00:00+00:00,26.9,91,2.7,307,0.0,976.8,Open-Meteo archive context,configured pilot anchor
DEL_MEH,Mehrauli pilot area,Delhi,South Delhi,2026-08-18 21:00:00+00:00,27.0,90,1.4,293,0.0,976.7,Open-Meteo archive context,configured pilot anchor
DEL_MEH,Mehrauli pilot area,Delhi,South Delhi,2026-08-18 22:00:00+00:00,26.9,90,1.1,270,0.0,976.5,Open-Meteo archive context,configured pilot anchor
DEL_MEH,Mehrauli pilot area,Delhi,South Delhi,2026-08-18 23:00:00+00:00,26.7,90,1.3,225,0.0,977.0,Open-Meteo archive context,configured pilot anchor
DEL_MEH,Mehrauli pilot area,Delhi,South Delhi,2026-08-19 00:00:00+00:00,27.4,89,4.8,292,0.0,976.3,Open-Meteo archive context,configured pilot anchor
DEL_MEH,Mehrauli pilot area,Delhi,South Delhi,2026-08-19 01:00:00+00:00,27.5,87,7.5,281,0.0,977.1,Open-Meteo archive context,configured pilot anchor
DEL_MEH,Mehrauli pilot area,Delhi,South Delhi,2026-08-19 02:00:00+00:00,28.4,83,6.2,287,0.0,977.9,Open-Meteo archive context,configured pilot anchor
DEL_MEH,Mehrauli pilot area,Delhi,South Delhi,2026-08-19 03:00:00+00:00,29.5,76,6.2,303,0.0,978.5,Open-Meteo archive context,configured pilot anchor
DEL_MEH,Mehrauli pilot area,Delhi,South Delhi,2026-08-19 04:00:00+00:00,30.5,72,6.6,315,0.0,978.8,Open-Meteo archive context,configured pilot anchor
DEL_MEH,Mehrauli pilot area,Delhi,South Delhi,2026-08-19 05:00:00+00:00,31.2,68,4.8,329,0.0,978.6,Open-Meteo archive context,configured pilot anchor
DEL_MEH,Mehrauli pilot area,Delhi,South Delhi,2026-08-19 06:00:00+00:00,32.4,62,7.8,337,0.0,978.7,Open-Meteo archive context,configured pilot anchor
DEL_MEH,Mehrauli pilot area,Delhi,South Delhi,2026-08-19 07:00:00+00:00,32.4,61,6.0,357,0.0,978.0,Open-Meteo archive context,configured pilot anchor
DEL_MEH,Mehrauli pilot area,Delhi,South Delhi,2026-08-19 08:00:00+00:00,32.7,59,4.2,348,0.1,977.6,Open-Meteo archive context,configured pilot anchor
DEL_MEH,Mehrauli pilot area,Delhi,South Delhi,2026-08-19 09:00:00+00:00,33.0,58,3.5,348,0.1,977.0,Open-Meteo archive context,configured pilot anchor
DEL_MEH,Mehrauli pilot area,Delhi,South Delhi,2026-08-19 10:00:00+00:00,33.1,57,1.4,337,0.1,976.2,Open-Meteo archive context,configured pilot anchor
DEL_MEH,Mehrauli pilot area,Delhi,South Delhi,2026-08-19 11:00:00+00:00,32.9,57,1.7,283,0.1,975.8,Open-Meteo archive context,configured pilot anchor
DEL_MEH,Mehrauli pilot area,Delhi,South Delhi,2026-08-19 12:00:00+00:00,29.8,88,3.3,45,0.0,977.0,Open-Meteo archive context,configured pilot anchor
DEL_MEH,Mehrauli pilot area,Delhi,South Delhi,2026-08-19 13:00:00+00:00,28.0,95,5.6,112,5.3,976.9,Open-Meteo archive context,configured pilot anchor
DEL_MEH,Mehrauli pilot area,Delhi,South Delhi,2026-08-19 14:00:00+00:00,27.6,96,2.9,176,1.6,977.1,Open-Meteo archive context,configured pilot anchor
DEL_MEH,Mehrauli pilot area,Delhi,South Delhi,2026-08-19 15:00:00+00:00,27.4,98,3.8,169,0.3,978.0,Open-Meteo archive context,configured pilot anchor
DEL_MEH,Mehrauli pilot area,Delhi,South Delhi,2026-08-19 16:00:00+00:00,27.4,97,3.9,146,0.0,978.4,Open-Meteo archive context,configured pilot anchor
DEL_MEH,Mehrauli pilot area,Delhi,South Delhi,2026-08-19 17:00:00+00:00,27.5,95,4.0,111,0.0,978.3,Open-Meteo archive context,configured pilot anchor
DEL_MEH,Mehrauli pilot area,Delhi,South Delhi,2026-08-19 18:00:00+00:00,28.4,95,8.8,178,0.0,978.1,Open-Meteo archive context,configured pilot anchor
DEL_MEH,Mehrauli pilot area,Delhi,South Delhi,2026-08-19 19:00:00+00:00,27.8,91,4.9,197,0.0,977.7,Open-Meteo archive context,configured pilot anchor
DEL_MEH,Mehrauli pilot area,Delhi,South Delhi,2026-08-19 20:00:00+00:00,27.6,90,3.3,283,0.2,977.8,Open-Meteo archive context,configured pilot anchor
DEL_MEH,Mehrauli pilot area,Delhi,South Delhi,2026-08-19 21:00:00+00:00,26.5,97,9.1,335,0.9,977.6,Open-Meteo archive context,configured pilot anchor
DEL_MEH,Mehrauli pilot area,Delhi,South Delhi,2026-08-19 22:00:00+00:00,26.7,97,4.8,335,0.3,977.3,Open-Meteo archive context,configured pilot anchor
DEL_MEH,Mehrauli pilot area,Delhi,South Delhi,2026-08-19 23:00:00+00:00,26.8,96,2.4,333,0.1,977.6,Open-Meteo archive context,configured pilot anchor
DEL_MEH,Mehrauli pilot area,Delhi,South Delhi,2026-08-20 00:00:00+00:00,26.7,95,7.3,300,0.0,977.5,Open-Meteo archive context,configured pilot anchor
DEL_MEH,Mehrauli pilot area,Delhi,South Delhi,2026-08-20 01:00:00+00:00,26.5,95,9.4,299,0.9,977.8,Open-Meteo archive context,configured pilot anchor
DEL_MEH,Mehrauli pilot area,Delhi,South Delhi,2026-08-20 02:00:00+00:00,26.6,93,9.6,283,0.2,978.7,Open-Meteo archive context,configured pilot anchor
DEL_MEH,Mehrauli pilot area,Delhi,South Delhi,2026-08-20 03:00:00+00:00,26.9,90,8.1,273,0.1,979.1,Open-Meteo archive context,configured pilot anchor
DEL_MEH,Mehrauli pilot area,Delhi,South Delhi,2026-08-20 04:00:00+00:00,27.6,86,8.1,258,0.0,979.7,Open-Meteo archive context,configured pilot anchor
DEL_MEH,Mehrauli pilot area,Delhi,South Delhi,2026-08-20 05:00:00+00:00,28.4,81,5.8,284,0.0,979.7,Open-Meteo archive context,configured pilot anchor
DEL_MEH,Mehrauli pilot area,Delhi,South Delhi,2026-08-20 06:00:00+00:00,30.9,69,4.0,306,0.0,979.3,Open-Meteo archive context,configured pilot anchor
DEL_MEH,Mehrauli pilot area,Delhi,South Delhi,2026-08-20 07:00:00+00:00,31.7,68,5.2,311,0.2,978.5,Open-Meteo archive context,configured pilot anchor
DEL_MEH,Mehrauli pilot area,Delhi,South Delhi,2026-08-20 08:00:00+00:00,32.5,63,5.6,315,0.0,977.8,Open-Meteo archive context,configured pilot anchor
DEL_MEH,Mehrauli pilot area,Delhi,South Delhi,2026-08-20 09:00:00+00:00,32.7,62,4.6,306,0.0,976.9,Open-Meteo archive context,configured pilot anchor
DEL_MEH,Mehrauli pilot area,Delhi,South Delhi,2026-08-20 10:00:00+00:00,33.0,60,4.8,297,0.0,976.2,Open-Meteo archive context,configured pilot anchor
DEL_MEH,Mehrauli pilot area,Delhi,South Delhi,2026-08-20 11:00:00+00:00,33.0,57,4.8,295,0.1,975.6,Open-Meteo archive context,configured pilot anchor
DEL_MEH,Mehrauli pilot area,Delhi,South Delhi,2026-08-20 12:00:00+00:00,28.1,95,7.8,187,0.1,976.1,Open-Meteo archive context,configured pilot anchor
DEL_MEH,Mehrauli pilot area,Delhi,South Delhi,2026-08-20 13:00:00+00:00,27.8,96,5.9,169,1.5,976.6,Open-Meteo archive context,configured pilot anchor
DEL_MEH,Mehrauli pilot area,Delhi,South Delhi,2026-08-20 14:00:00+00:00,27.5,98,4.8,209,0.6,976.6,Open-Meteo archive context,configured pilot anchor
DEL_MEH,Mehrauli pilot area,Delhi,South Delhi,2026-08-20 15:00:00+00:00,27.5,98,4.7,212,0.1,977.1,Open-Meteo archive context,configured pilot anchor
DEL_MEH,Mehrauli pilot area,Delhi,South Delhi,2026-08-20 16:00:00+00:00,27.3,95,5.2,221,0.0,977.6,Open-Meteo archive context,configured pilot anchor
DEL_MEH,Mehrauli pilot area,Delhi,South Delhi,2026-08-20 17:00:00+00:00,27.0,95,6.1,225,0.0,977.6,Open-Meteo archive context,configured pilot anchor
DEL_MEH,Mehrauli pilot area,Delhi,South Delhi,2026-08-20 18:00:00+00:00,28.6,95,4.2,245,0.0,977.1,Open-Meteo archive context,configured pilot anchor
DEL_MEH,Mehrauli pilot area,Delhi,South Delhi,2026-08-20 19:00:00+00:00,28.1,95,5.8,277,0.0,977.3,Open-Meteo archive context,configured pilot anchor
DEL_MEH,Mehrauli pilot area,Delhi,South Delhi,2026-08-20 20:00:00+00:00,27.8,94,3.9,286,0.1,976.8,Open-Meteo archive context,configured pilot anchor
DEL_MEH,Mehrauli pilot area,Delhi,South Delhi,2026-08-20 21:00:00+00:00,27.6,92,5.6,270,0.0,976.3,Open-Meteo archive context,configured pilot anchor
DEL_MEH,Mehrauli pilot area,Delhi,South Delhi,2026-08-20 22:00:00+00:00,27.4,92,7.1,286,0.0,976.2,Open-Meteo archive context,configured pilot anchor
DEL_MEH,Mehrauli pilot area,Delhi,South Delhi,2026-08-20 23:00:00+00:00,27.2,94,6.3,285,0.0,976.3,Open-Meteo archive context,configured pilot anchor
DEL_MEH,Mehrauli pilot area,Delhi,South Delhi,2026-08-21 00:00:00+00:00,26.7,97,12.7,325,0.0,976.6,Open-Meteo archive context,configured pilot anchor
DEL_MEH,Mehrauli pilot area,Delhi,South Delhi,2026-08-21 01:00:00+00:00,27.0,95,5.6,310,0.6,976.7,Open-Meteo archive context,configured pilot anchor
DEL_MEH,Mehrauli pilot area,Delhi,South Delhi,2026-08-21 02:00:00+00:00,27.5,91,5.2,290,0.0,977.5,Open-Meteo archive context,configured pilot anchor
DEL_MEH,Mehrauli pilot area,Delhi,South Delhi,2026-08-21 03:00:00+00:00,28.9,82,8.3,290,0.0,978.2,Open-Meteo archive context,configured pilot anchor
DEL_MEH,Mehrauli pilot area,Delhi,South Delhi,2026-08-21 04:00:00+00:00,30.4,72,12.1,293,0.0,978.1,Open-Meteo archive context,configured pilot anchor
DEL_MEH,Mehrauli pilot area,Delhi,South Delhi,2026-08-21 05:00:00+00:00,31.8,66,11.6,298,0.0,978.3,Open-Meteo archive context,configured pilot anchor
DEL_MEH,Mehrauli pilot area,Delhi,South Delhi,2026-08-21 06:00:00+00:00,33.0,60,12.9,314,0.0,978.0,Open-Meteo archive context,configured pilot anchor
DEL_MEH,Mehrauli pilot area,Delhi,South Delhi,2026-08-21 07:00:00+00:00,33.5,58,11.9,318,0.1,977.2,Open-Meteo archive context,configured pilot anchor
DEL_MEH,Mehrauli pilot area,Delhi,South Delhi,2026-08-21 08:00:00+00:00,33.5,58,10.8,314,0.1,976.5,Open-Meteo archive context,configured pilot anchor
DEL_MEH,Mehrauli pilot area,Delhi,South Delhi,2026-08-21 09:00:00+00:00,33.4,58,10.9,306,0.0,975.6,Open-Meteo archive context,configured pilot anchor
DEL_MEH,Mehrauli pilot area,Delhi,South Delhi,2026-08-21 10:00:00+00:00,33.3,58,10.5,303,0.1,975.0,Open-Meteo archive context,configured pilot anchor
DEL_MEH,Mehrauli pilot area,Delhi,South Delhi,2026-08-21 11:00:00+00:00,32.4,62,11.9,302,0.3,974.4,Open-Meteo archive context,configured pilot anchor
DEL_MEH,Mehrauli pilot area,Delhi,South Delhi,2026-08-21 12:00:00+00:00,32.4,69,7.9,309,0.0,974.4,Open-Meteo archive context,configured pilot anchor
DEL_MEH,Mehrauli pilot area,Delhi,South Delhi,2026-08-21 13:00:00+00:00,31.0,75,8.2,251,0.0,974.7,Open-Meteo archive context,configured pilot anchor
DEL_MEH,Mehrauli pilot area,Delhi,South Delhi,2026-08-21 14:00:00+00:00,30.0,77,7.8,257,0.0,975.2,Open-Meteo archive context,configured pilot anchor
DEL_MEH,Mehrauli pilot area,Delhi,South Delhi,2026-08-21 15:00:00+00:00,29.6,79,6.9,263,0.0,975.6,Open-Meteo archive context,configured pilot anchor
DEL_MEH,Mehrauli pilot area,Delhi,South Delhi,2026-08-21 16:00:00+00:00,29.2,82,5.6,255,0.0,976.1,Open-Meteo archive context,configured pilot anchor
DEL_MEH,Mehrauli pilot area,Delhi,South Delhi,2026-08-21 17:00:00+00:00,28.8,84,5.1,243,0.0,976.2,Open-Meteo archive context,configured pilot anchor
DEL_MEH,Mehrauli pilot area,Delhi,South Delhi,2026-08-21 18:00:00+00:00,28.0,88,3.1,336,0.0,976.2,Open-Meteo archive context,configured pilot anchor
DEL_MEH,Mehrauli pilot area,Delhi,South Delhi,2026-08-21 19:00:00+00:00,27.4,93,9.9,192,0.2,976.0,Open-Meteo archive context,configured pilot anchor
DEL_MEH,Mehrauli pilot area,Delhi,South Delhi,2026-08-21 20:00:00+00:00,26.4,92,9.9,181,0.0,975.9,Open-Meteo archive context,configured pilot anchor
DEL_MEH,Mehrauli pilot area,Delhi,South Delhi,2026-08-21 21:00:00+00:00,25.1,94,4.7,356,1.2,976.2,Open-Meteo archive context,configured pilot anchor
DEL_MEH,Mehrauli pilot area,Delhi,South Delhi,2026-08-21 22:00:00+00:00,24.6,99,7.5,156,4.6,975.3,Open-Meteo archive context,configured pilot anchor
DEL_MEH,Mehrauli pilot area,Delhi,South Delhi,2026-08-21 23:00:00+00:00,24.8,99,6.8,212,0.3,975.5,Open-Meteo archive context,configured pilot anchor
DEL_MEH,Mehrauli pilot area,Delhi,South Delhi,2026-08-22 00:00:00+00:00,25.8,97,4.8,301,0.3,976.1,Open-Meteo archive context,configured pilot anchor
DEL_MEH,Mehrauli pilot area,Delhi,South Delhi,2026-08-22 01:00:00+00:00,26.5,94,3.9,283,0.4,976.6,Open-Meteo archive context,configured pilot anchor
DEL_MEH,Mehrauli pilot area,Delhi,South Delhi,2026-08-22 02:00:00+00:00,27.1,95,4.2,211,0.0,977.4,Open-Meteo archive context,configured pilot anchor
DEL_MEH,Mehrauli pilot area,Delhi,South Delhi,2026-08-22 03:00:00+00:00,28.8,86,6.4,292,0.0,977.6,Open-Meteo archive context,configured pilot anchor
DEL_MEH,Mehrauli pilot area,Delhi,South Delhi,2026-08-22 04:00:00+00:00,30.3,73,10.5,287,0.0,977.9,Open-Meteo archive context,configured pilot anchor
DEL_MEH,Mehrauli pilot area,Delhi,South Delhi,2026-08-22 05:00:00+00:00,31.4,68,10.1,273,0.0,977.9,Open-Meteo archive context,configured pilot anchor
DEL_MEH,Mehrauli pilot area,Delhi,South Delhi,2026-08-22 06:00:00+00:00,32.1,64,10.6,313,0.0,978.1,Open-Meteo archive context,configured pilot anchor
DEL_MEH,Mehrauli pilot area,Delhi,South Delhi,2026-08-22 07:00:00+00:00,32.6,62,9.3,310,0.0,977.3,Open-Meteo archive context,configured pilot anchor
DEL_MEH,Mehrauli pilot area,Delhi,South Delhi,2026-08-22 08:00:00+00:00,32.9,61,8.3,309,0.1,976.3,Open-Meteo archive context,configured pilot anchor
DEL_MEH,Mehrauli pilot area,Delhi,South Delhi,2026-08-22 09:00:00+00:00,33.2,62,8.7,313,0.0,975.5,Open-Meteo archive context,configured pilot anchor
DEL_MEH,Mehrauli pilot area,Delhi,South Delhi,2026-08-22 10:00:00+00:00,32.2,64,9.7,312,0.1,974.8,Open-Meteo archive context,configured pilot anchor
DEL_MEH,Mehrauli pilot area,Delhi,South Delhi,2026-08-22 11:00:00+00:00,32.3,64,7.0,314,0.9,974.2,Open-Meteo archive context,configured pilot anchor
DEL_MEH,Mehrauli pilot area,Delhi,South Delhi,2026-08-22 12:00:00+00:00,29.2,83,8.6,360,1.5,975.1,Open-Meteo archive context,configured pilot anchor
DEL_MEH,Mehrauli pilot area,Delhi,South Delhi,2026-08-22 13:00:00+00:00,29.0,90,5.5,163,0.6,975.3,Open-Meteo archive context,configured pilot anchor
DEL_MEH,Mehrauli pilot area,Delhi,South Delhi,2026-08-22 14:00:00+00:00,27.7,91,9.0,182,0.1,975.7,Open-Meteo archive context,configured pilot anchor
DEL_MEH,Mehrauli pilot area,Delhi,South Delhi,2026-08-22 15:00:00+00:00,27.5,91,2.6,196,0.0,976.1,Open-Meteo archive context,configured pilot anchor
DEL_MEH,Mehrauli pilot area,Delhi,South Delhi,2026-08-22 16:00:00+00:00,27.2,90,6.4,196,0.0,976.7,Open-Meteo archive context,configured pilot anchor
DEL_MEH,Mehrauli pilot area,Delhi,South Delhi,2026-08-22 17:00:00+00:00,27.0,88,7.9,197,0.0,977.0,Open-Meteo archive context,configured pilot anchor
DEL_MEH,Mehrauli pilot area,Delhi,South Delhi,2026-08-22 18:00:00+00:00,28.4,85,7.6,179,0.0,977.0,Open-Meteo archive context,configured pilot anchor
DEL_MEH,Mehrauli pilot area,Delhi,South Delhi,2026-08-22 19:00:00+00:00,27.8,89,9.9,178,0.0,976.8,Open-Meteo archive context,configured pilot anchor
DEL_MEH,Mehrauli pilot area,Delhi,South Delhi,2026-08-22 20:00:00+00:00,27.5,92,9.1,195,0.0,976.7,Open-Meteo archive context,configured pilot anchor
DEL_MEH,Mehrauli pilot area,Delhi,South Delhi,2026-08-22 21:00:00+00:00,27.0,93,8.5,212,0.0,976.2,Open-Meteo archive context,configured pilot anchor
DEL_MEH,Mehrauli pilot area,Delhi,South Delhi,2026-08-22 22:00:00+00:00,26.7,94,6.2,224,0.0,976.1,Open-Meteo archive context,configured pilot anchor
DEL_MEH,Mehrauli pilot area,Delhi,South Delhi,2026-08-22 23:00:00+00:00,26.5,93,5.7,246,0.0,976.4,Open-Meteo archive context,configured pilot anchor
DEL_MEH,Mehrauli pilot area,Delhi,South Delhi,2026-08-23 00:00:00+00:00,27.1,85,8.4,40,0.4,976.6,Open-Meteo archive context,configured pilot anchor
DEL_MEH,Mehrauli pilot area,Delhi,South Delhi,2026-08-23 01:00:00+00:00,25.0,98,6.0,139,3.4,977.7,Open-Meteo archive context,configured pilot anchor
DEL_MEH,Mehrauli pilot area,Delhi,South Delhi,2026-08-23 02:00:00+00:00,26.2,97,4.1,225,0.8,977.6,Open-Meteo archive context,configured pilot anchor
DEL_MEH,Mehrauli pilot area,Delhi,South Delhi,2026-08-23 03:00:00+00:00,28.2,86,2.3,266,0.1,978.3,Open-Meteo archive context,configured pilot anchor
DEL_MEH,Mehrauli pilot area,Delhi,South Delhi,2026-08-23 04:00:00+00:00,30.0,77,4.1,319,0.0,978.8,Open-Meteo archive context,configured pilot anchor
DEL_MEH,Mehrauli pilot area,Delhi,South Delhi,2026-08-23 05:00:00+00:00,29.2,79,8.9,326,1.2,979.2,Open-Meteo archive context,configured pilot anchor
DEL_MEH,Mehrauli pilot area,Delhi,South Delhi,2026-08-23 06:00:00+00:00,29.4,79,9.4,306,0.4,979.4,Open-Meteo archive context,configured pilot anchor
DEL_MEH,Mehrauli pilot area,Delhi,South Delhi,2026-08-23 07:00:00+00:00,30.6,74,10.8,300,0.0,978.7,Open-Meteo archive context,configured pilot anchor
DEL_MEH,Mehrauli pilot area,Delhi,South Delhi,2026-08-23 08:00:00+00:00,31.3,70,12.1,307,0.0,977.8,Open-Meteo archive context,configured pilot anchor
DEL_MEH,Mehrauli pilot area,Delhi,South Delhi,2026-08-23 09:00:00+00:00,32.3,66,11.7,313,0.0,976.8,Open-Meteo archive context,configured pilot anchor
DEL_MEH,Mehrauli pilot area,Delhi,South Delhi,2026-08-23 10:00:00+00:00,32.4,65,10.9,326,0.1,976.0,Open-Meteo archive context,configured pilot anchor
DEL_MEH,Mehrauli pilot area,Delhi,South Delhi,2026-08-23 11:00:00+00:00,32.3,65,8.1,323,0.0,975.4,Open-Meteo archive context,configured pilot anchor
DEL_MEH,Mehrauli pilot area,Delhi,South Delhi,2026-08-23 12:00:00+00:00,32.3,70,8.4,326,0.0,975.1,Open-Meteo archive context,configured pilot anchor
DEL_MEH,Mehrauli pilot area,Delhi,South Delhi,2026-08-23 13:00:00+00:00,31.1,77,4.7,313,0.0,975.8,Open-Meteo archive context,configured pilot anchor
DEL_MEH,Mehrauli pilot area,Delhi,South Delhi,2026-08-23 14:00:00+00:00,30.2,81,4.7,298,0.0,976.4,Open-Meteo archive context,configured pilot anchor
DEL_MEH,Mehrauli pilot area,Delhi,South Delhi,2026-08-23 15:00:00+00:00,29.8,83,3.8,289,0.0,977.4,Open-Meteo archive context,configured pilot anchor
DEL_MEH,Mehrauli pilot area,Delhi,South Delhi,2026-08-23 16:00:00+00:00,29.6,84,2.3,309,0.0,978.2,Open-Meteo archive context,configured pilot anchor
DEL_MEH,Mehrauli pilot area,Delhi,South Delhi,2026-08-23 17:00:00+00:00,29.3,86,2.9,47,0.0,977.8,Open-Meteo archive context,configured pilot anchor
DEL_MEH,Mehrauli pilot area,Delhi,South Delhi,2026-08-23 18:00:00+00:00,28.5,82,1.5,83,0.0,978.1,Open-Meteo archive context,configured pilot anchor
DEL_MEH,Mehrauli pilot area,Delhi,South Delhi,2026-08-23 19:00:00+00:00,27.5,91,3.1,301,0.0,977.5,Open-Meteo archive context,configured pilot anchor
DEL_MEH,Mehrauli pilot area,Delhi,South Delhi,2026-08-23 20:00:00+00:00,27.2,92,5.0,270,0.0,976.9,Open-Meteo archive context,configured pilot anchor
DEL_MEH,Mehrauli pilot area,Delhi,South Delhi,2026-08-23 21:00:00+00:00,27.1,93,2.3,266,0.0,976.7,Open-Meteo archive context,configured pilot anchor
DEL_MEH,Mehrauli pilot area,Delhi,South Delhi,2026-08-23 22:00:00+00:00,25.6,92,8.2,260,0.4,977.1,Open-Meteo archive context,configured pilot anchor
DEL_MEH,Mehrauli pilot area,Delhi,South Delhi,2026-08-23 23:00:00+00:00,24.4,97,5.4,20,5.1,977.4,Open-Meteo archive context,configured pilot anchor
DEL_MEH,Mehrauli pilot area,Delhi,South Delhi,2026-08-24 00:00:00+00:00,25.9,97,11.7,270,1.7,977.6,Open-Meteo archive context,configured pilot anchor
DEL_MEH,Mehrauli pilot area,Delhi,South Delhi,2026-08-24 01:00:00+00:00,25.4,97,5.6,274,1.5,978.0,Open-Meteo archive context,configured pilot anchor
DEL_MEH,Mehrauli pilot area,Delhi,South Delhi,2026-08-24 02:00:00+00:00,26.3,95,2.3,266,0.3,978.3,Open-Meteo archive context,configured pilot anchor
DEL_MEH,Mehrauli pilot area,Delhi,South Delhi,2026-08-24 03:00:00+00:00,27.5,90,2.9,330,0.0,978.2,Open-Meteo archive context,configured pilot anchor
DEL_MEH,Mehrauli pilot area,Delhi,South Delhi,2026-08-24 04:00:00+00:00,29.0,83,2.0,270,0.0,978.6,Open-Meteo archive context,configured pilot anchor
DEL_MEH,Mehrauli pilot area,Delhi,South Delhi,2026-08-24 05:00:00+00:00,30.7,74,3.6,300,0.0,978.7,Open-Meteo archive context,configured pilot anchor
DEL_MEH,Mehrauli pilot area,Delhi,South Delhi,2026-08-24 06:00:00+00:00,28.8,88,4.7,279,0.0,978.8,Open-Meteo archive context,configured pilot anchor
DEL_MEH,Mehrauli pilot area,Delhi,South Delhi,2026-08-24 07:00:00+00:00,28.8,83,5.1,276,0.2,978.6,Open-Meteo archive context,configured pilot anchor
DEL_MEH,Mehrauli pilot area,Delhi,South Delhi,2026-08-24 08:00:00+00:00,30.0,74,5.0,296,0.0,977.5,Open-Meteo archive context,configured pilot anchor
DEL_MEH,Mehrauli pilot area,Delhi,South Delhi,2026-08-24 09:00:00+00:00,31.5,64,4.8,349,0.0,976.7,Open-Meteo archive context,configured pilot anchor
DEL_MEH,Mehrauli pilot area,Delhi,South Delhi,2026-08-24 10:00:00+00:00,31.8,63,5.5,324,0.0,976.0,Open-Meteo archive context,configured pilot anchor
DEL_MEH,Mehrauli pilot area,Delhi,South Delhi,2026-08-24 11:00:00+00:00,31.2,67,3.1,291,0.0,975.8,Open-Meteo archive context,configured pilot anchor
DEL_MEH,Mehrauli pilot area,Delhi,South Delhi,2026-08-24 12:00:00+00:00,30.7,76,6.5,328,0.0,975.4,Open-Meteo archive context,configured pilot anchor
DEL_MEH,Mehrauli pilot area,Delhi,South Delhi,2026-08-24 13:00:00+00:00,30.2,82,1.9,17,0.0,976.1,Open-Meteo archive context,configured pilot anchor
DEL_MEH,Mehrauli pilot area,Delhi,South Delhi,2026-08-24 14:00:00+00:00,29.8,83,1.9,139,0.0,976.6,Open-Meteo archive context,configured pilot anchor
DEL_MEH,Mehrauli pilot area,Delhi,South Delhi,2026-08-24 15:00:00+00:00,29.2,85,4.9,147,0.0,977.4,Open-Meteo archive context,configured pilot anchor
DEL_MEH,Mehrauli pilot area,Delhi,South Delhi,2026-08-24 16:00:00+00:00,28.7,87,6.6,151,0.0,978.1,Open-Meteo archive context,configured pilot anchor
DEL_MEH,Mehrauli pilot area,Delhi,South Delhi,2026-08-24 17:00:00+00:00,28.3,89,6.1,152,0.0,978.0,Open-Meteo archive context,configured pilot anchor
DEL_MEH,Mehrauli pilot area,Delhi,South Delhi,2026-08-24 18:00:00+00:00,28.3,89,4.4,142,0.0,977.5,Open-Meteo archive context,configured pilot anchor
DEL_MEH,Mehrauli pilot area,Delhi,South Delhi,2026-08-24 19:00:00+00:00,28.0,91,3.0,163,0.0,977.5,Open-Meteo archive context,configured pilot anchor
DEL_MEH,Mehrauli pilot area,Delhi,South Delhi,2026-08-24 20:00:00+00:00,27.7,92,1.9,202,0.0,977.1,Open-Meteo archive context,configured pilot anchor
DEL_MEH,Mehrauli pilot area,Delhi,South Delhi,2026-08-24 21:00:00+00:00,27.5,93,3.2,232,0.0,976.9,Open-Meteo archive context,configured pilot anchor
DEL_MEH,Mehrauli pilot area,Delhi,South Delhi,2026-08-24 22:00:00+00:00,27.4,94,2.4,257,0.0,977.0,Open-Meteo archive context,configured pilot anchor
DEL_MEH,Mehrauli pilot area,Delhi,South Delhi,2026-08-24 23:00:00+00:00,27.3,94,2.2,256,0.0,977.0,Open-Meteo archive context,configured pilot anchor
DEL_MEH,Mehrauli pilot area,Delhi,South Delhi,2026-08-25 00:00:00+00:00,26.0,97,3.3,283,0.0,977.6,Open-Meteo archive context,configured pilot anchor
DEL_MEH,Mehrauli pilot area,Delhi,South Delhi,2026-08-25 01:00:00+00:00,25.9,99,3.7,157,1.3,978.4,Open-Meteo archive context,configured pilot anchor
DEL_MEH,Mehrauli pilot area,Delhi,South Delhi,2026-08-25 02:00:00+00:00,26.2,98,5.2,264,1.7,978.2,Open-Meteo archive context,configured pilot anchor
DEL_MEH,Mehrauli pilot area,Delhi,South Delhi,2026-08-25 03:00:00+00:00,26.8,95,3.6,288,1.0,978.6,Open-Meteo archive context,configured pilot anchor
DEL_MEH,Mehrauli pilot area,Delhi,South Delhi,2026-08-25 04:00:00+00:00,28.2,90,3.1,21,0.1,978.9,Open-Meteo archive context,configured pilot anchor
DEL_MEH,Mehrauli pilot area,Delhi,South Delhi,2026-08-25 05:00:00+00:00,29.5,83,4.1,88,0.0,979.3,Open-Meteo archive context,configured pilot anchor
DEL_MEH,Mehrauli pilot area,Delhi,South Delhi,2026-08-25 06:00:00+00:00,30.7,71,2.9,60,0.0,979.0,Open-Meteo archive context,configured pilot anchor
DEL_MEH,Mehrauli pilot area,Delhi,South Delhi,2026-08-25 07:00:00+00:00,31.3,66,4.8,59,0.1,978.7,Open-Meteo archive context,configured pilot anchor
DEL_MEH,Mehrauli pilot area,Delhi,South Delhi,2026-08-25 08:00:00+00:00,32.1,63,4.1,41,0.1,978.0,Open-Meteo archive context,configured pilot anchor
DEL_MEH,Mehrauli pilot area,Delhi,South Delhi,2026-08-25 09:00:00+00:00,32.3,62,4.2,59,0.0,977.2,Open-Meteo archive context,configured pilot anchor
DEL_MEH,Mehrauli pilot area,Delhi,South Delhi,2026-08-25 10:00:00+00:00,32.5,61,4.0,69,0.0,976.5,Open-Meteo archive context,configured pilot anchor
DEL_MEH,Mehrauli pilot area,Delhi,South Delhi,2026-08-25 11:00:00+00:00,32.3,63,2.5,69,0.0,976.2,Open-Meteo archive context,configured pilot anchor
DEL_MEH,Mehrauli pilot area,Delhi,South Delhi,2026-08-25 12:00:00+00:00,31.9,64,1.5,54,0.0,975.8,Open-Meteo archive context,configured pilot anchor
DEL_MEH,Mehrauli pilot area,Delhi,South Delhi,2026-08-25 13:00:00+00:00,30.7,78,2.6,12,0.0,975.8,Open-Meteo archive context,configured pilot anchor
DEL_MEH,Mehrauli pilot area,Delhi,South Delhi,2026-08-25 14:00:00+00:00,29.8,84,0.0,270,0.0,976.1,Open-Meteo archive context,configured pilot anchor
DEL_MEH,Mehrauli pilot area,Delhi,South Delhi,2026-08-25 15:00:00+00:00,29.0,88,2.7,180,0.0,977.2,Open-Meteo archive context,configured pilot anchor
DEL_MEH,Mehrauli pilot area,Delhi,South Delhi,2026-08-25 16:00:00+00:00,28.5,90,4.1,218,0.0,977.7,Open-Meteo archive context,configured pilot anchor
DEL_MEH,Mehrauli pilot area,Delhi,South Delhi,2026-08-25 17:00:00+00:00,28.2,89,5.7,193,0.0,978.0,Open-Meteo archive context,configured pilot anchor
DEL_MEH,Mehrauli pilot area,Delhi,South Delhi,2026-08-25 18:00:00+00:00,27.9,88,5.4,201,0.0,978.1,Open-Meteo archive context,configured pilot anchor
DEL_MEH,Mehrauli pilot area,Delhi,South Delhi,2026-08-25 19:00:00+00:00,27.7,89,5.0,232,0.0,977.8,Open-Meteo archive context,configured pilot anchor
DEL_MEH,Mehrauli pilot area,Delhi,South Delhi,2026-08-25 20:00:00+00:00,27.5,90,4.4,240,0.0,977.2,Open-Meteo archive context,configured pilot anchor
DEL_MEH,Mehrauli pilot area,Delhi,South Delhi,2026-08-25 21:00:00+00:00,27.3,90,4.4,243,0.0,976.6,Open-Meteo archive context,configured pilot anchor
DEL_MEH,Mehrauli pilot area,Delhi,South Delhi,2026-08-25 22:00:00+00:00,27.3,90,3.6,233,0.0,976.5,Open-Meteo archive context,configured pilot anchor
DEL_MEH,Mehrauli pilot area,Delhi,South Delhi,2026-08-25 23:00:00+00:00,27.1,89,4.0,260,0.0,976.5,Open-Meteo archive context,configured pilot anchor
DEL_SFE,Safdarjung Enclave pilot area,Delhi,South Delhi,2026-07-26 00:00:00+00:00,28.3,91,4.3,135,0.0,975.1,Open-Meteo archive context,configured pilot anchor
DEL_SFE,Safdarjung Enclave pilot area,Delhi,South Delhi,2026-07-26 01:00:00+00:00,27.6,94,4.7,140,0.4,975.3,Open-Meteo archive context,configured pilot anchor
DEL_SFE,Safdarjung Enclave pilot area,Delhi,South Delhi,2026-07-26 02:00:00+00:00,28.5,90,5.0,154,0.1,975.5,Open-Meteo archive context,configured pilot anchor
DEL_SFE,Safdarjung Enclave pilot area,Delhi,South Delhi,2026-07-26 03:00:00+00:00,29.5,84,2.3,122,0.0,975.8,Open-Meteo archive context,configured pilot anchor
DEL_SFE,Safdarjung Enclave pilot area,Delhi,South Delhi,2026-07-26 04:00:00+00:00,30.7,78,3.3,81,0.0,975.7,Open-Meteo archive context,configured pilot anchor
DEL_SFE,Safdarjung Enclave pilot area,Delhi,South Delhi,2026-07-26 05:00:00+00:00,31.5,73,3.8,93,0.1,976.0,Open-Meteo archive context,configured pilot anchor
DEL_SFE,Safdarjung Enclave pilot area,Delhi,South Delhi,2026-07-26 06:00:00+00:00,32.5,63,3.9,68,0.1,976.2,Open-Meteo archive context,configured pilot anchor
DEL_SFE,Safdarjung Enclave pilot area,Delhi,South Delhi,2026-07-26 07:00:00+00:00,32.9,63,3.7,113,0.2,976.0,Open-Meteo archive context,configured pilot anchor
DEL_SFE,Safdarjung Enclave pilot area,Delhi,South Delhi,2026-07-26 08:00:00+00:00,33.5,62,4.3,132,0.2,975.5,Open-Meteo archive context,configured pilot anchor
DEL_SFE,Safdarjung Enclave pilot area,Delhi,South Delhi,2026-07-26 09:00:00+00:00,33.7,60,4.2,144,0.1,974.4,Open-Meteo archive context,configured pilot anchor
DEL_SFE,Safdarjung Enclave pilot area,Delhi,South Delhi,2026-07-26 10:00:00+00:00,33.7,59,3.3,144,0.1,973.7,Open-Meteo archive context,configured pilot anchor
DEL_SFE,Safdarjung Enclave pilot area,Delhi,South Delhi,2026-07-26 11:00:00+00:00,33.5,61,3.2,117,0.0,973.0,Open-Meteo archive context,configured pilot anchor
DEL_SFE,Safdarjung Enclave pilot area,Delhi,South Delhi,2026-07-26 12:00:00+00:00,33.7,60,3.9,77,0.0,972.7,Open-Meteo archive context,configured pilot anchor
DEL_SFE,Safdarjung Enclave pilot area,Delhi,South Delhi,2026-07-26 13:00:00+00:00,32.6,70,4.1,45,0.0,972.7,Open-Meteo archive context,configured pilot anchor
DEL_SFE,Safdarjung Enclave pilot area,Delhi,South Delhi,2026-07-26 14:00:00+00:00,31.7,77,3.1,54,0.0,973.1,Open-Meteo archive context,configured pilot anchor
DEL_SFE,Safdarjung Enclave pilot area,Delhi,South Delhi,2026-07-26 15:00:00+00:00,31.3,80,0.2,270,0.0,973.6,Open-Meteo archive context,configured pilot anchor
DEL_SFE,Safdarjung Enclave pilot area,Delhi,South Delhi,2026-07-26 16:00:00+00:00,31.1,83,0.3,315,0.0,974.2,Open-Meteo archive context,configured pilot anchor
DEL_SFE,Safdarjung Enclave pilot area,Delhi,South Delhi,2026-07-26 17:00:00+00:00,30.9,83,0.9,180,0.0,974.5,Open-Meteo archive context,configured pilot anchor
DEL_SFE,Safdarjung Enclave pilot area,Delhi,South Delhi,2026-07-26 18:00:00+00:00,30.6,85,1.2,141,0.0,974.0,Open-Meteo archive context,configured pilot anchor
DEL_SFE,Safdarjung Enclave pilot area,Delhi,South Delhi,2026-07-26 19:00:00+00:00,30.2,86,1.2,117,0.0,973.7,Open-Meteo archive context,configured pilot anchor
DEL_SFE,Safdarjung Enclave pilot area,Delhi,South Delhi,2026-07-26 20:00:00+00:00,29.8,88,0.5,180,0.0,973.0,Open-Meteo archive context,configured pilot anchor
DEL_SFE,Safdarjung Enclave pilot area,Delhi,South Delhi,2026-07-26 21:00:00+00:00,29.5,87,2.7,208,0.0,972.7,Open-Meteo archive context,configured pilot anchor
DEL_SFE,Safdarjung Enclave pilot area,Delhi,South Delhi,2026-07-26 22:00:00+00:00,29.4,84,2.1,211,0.0,972.6,Open-Meteo archive context,configured pilot anchor
DEL_SFE,Safdarjung Enclave pilot area,Delhi,South Delhi,2026-07-26 23:00:00+00:00,29.2,84,2.1,211,0.0,972.7,Open-Meteo archive context,configured pilot anchor
DEL_SFE,Safdarjung Enclave pilot area,Delhi,South Delhi,2026-07-27 00:00:00+00:00,29.7,84,2.3,293,0.0,972.7,Open-Meteo archive context,configured pilot anchor
DEL_SFE,Safdarjung Enclave pilot area,Delhi,South Delhi,2026-07-27 01:00:00+00:00,29.9,82,2.4,306,0.0,972.8,Open-Meteo archive context,configured pilot anchor
DEL_SFE,Safdarjung Enclave pilot area,Delhi,South Delhi,2026-07-27 02:00:00+00:00,30.5,79,1.7,302,0.0,973.3,Open-Meteo archive context,configured pilot anchor
DEL_SFE,Safdarjung Enclave pilot area,Delhi,South Delhi,2026-07-27 03:00:00+00:00,31.4,75,2.3,288,0.0,973.3,Open-Meteo archive context,configured pilot anchor
DEL_SFE,Safdarjung Enclave pilot area,Delhi,South Delhi,2026-07-27 04:00:00+00:00,32.4,69,2.1,285,0.0,973.2,Open-Meteo archive context,configured pilot anchor
DEL_SFE,Safdarjung Enclave pilot area,Delhi,South Delhi,2026-07-27 05:00:00+00:00,33.2,65,2.3,299,0.2,973.6,Open-Meteo archive context,configured pilot anchor
DEL_SFE,Safdarjung Enclave pilot area,Delhi,South Delhi,2026-07-27 06:00:00+00:00,34.3,55,1.4,270,0.1,973.0,Open-Meteo archive context,configured pilot anchor
DEL_SFE,Safdarjung Enclave pilot area,Delhi,South Delhi,2026-07-27 07:00:00+00:00,35.1,53,4.2,227,0.0,973.2,Open-Meteo archive context,configured pilot anchor
DEL_SFE,Safdarjung Enclave pilot area,Delhi,South Delhi,2026-07-27 08:00:00+00:00,35.2,54,4.4,232,0.0,972.4,Open-Meteo archive context,configured pilot anchor
DEL_SFE,Safdarjung Enclave pilot area,Delhi,South Delhi,2026-07-27 09:00:00+00:00,35.3,53,5.4,256,0.0,971.4,Open-Meteo archive context,configured pilot anchor
DEL_SFE,Safdarjung Enclave pilot area,Delhi,South Delhi,2026-07-27 10:00:00+00:00,34.2,55,4.5,268,0.0,970.9,Open-Meteo archive context,configured pilot anchor
DEL_SFE,Safdarjung Enclave pilot area,Delhi,South Delhi,2026-07-27 11:00:00+00:00,33.7,58,1.4,310,0.2,970.7,Open-Meteo archive context,configured pilot anchor
DEL_SFE,Safdarjung Enclave pilot area,Delhi,South Delhi,2026-07-27 12:00:00+00:00,33.0,64,2.1,195,0.0,970.7,Open-Meteo archive context,configured pilot anchor
DEL_SFE,Safdarjung Enclave pilot area,Delhi,South Delhi,2026-07-27 13:00:00+00:00,32.0,76,1.6,360,0.0,970.6,Open-Meteo archive context,configured pilot anchor
DEL_SFE,Safdarjung Enclave pilot area,Delhi,South Delhi,2026-07-27 14:00:00+00:00,31.6,78,1.5,111,0.0,970.8,Open-Meteo archive context,configured pilot anchor
DEL_SFE,Safdarjung Enclave pilot area,Delhi,South Delhi,2026-07-27 15:00:00+00:00,31.1,77,6.5,118,0.0,971.7,Open-Meteo archive context,configured pilot anchor
DEL_SFE,Safdarjung Enclave pilot area,Delhi,South Delhi,2026-07-27 16:00:00+00:00,30.0,83,9.6,118,0.0,972.3,Open-Meteo archive context,configured pilot anchor
DEL_SFE,Safdarjung Enclave pilot area,Delhi,South Delhi,2026-07-27 17:00:00+00:00,29.2,84,11.6,132,0.0,972.9,Open-Meteo archive context,configured pilot anchor
DEL_SFE,Safdarjung Enclave pilot area,Delhi,South Delhi,2026-07-27 18:00:00+00:00,30.1,87,10.6,137,0.1,972.4,Open-Meteo archive context,configured pilot anchor
DEL_SFE,Safdarjung Enclave pilot area,Delhi,South Delhi,2026-07-27 19:00:00+00:00,28.4,87,13.3,161,0.2,972.8,Open-Meteo archive context,configured pilot anchor
DEL_SFE,Safdarjung Enclave pilot area,Delhi,South Delhi,2026-07-27 20:00:00+00:00,27.3,92,6.9,135,0.5,972.6,Open-Meteo archive context,configured pilot anchor
DEL_SFE,Safdarjung Enclave pilot area,Delhi,South Delhi,2026-07-27 21:00:00+00:00,27.0,94,10.6,124,0.5,972.3,Open-Meteo archive context,configured pilot anchor
DEL_SFE,Safdarjung Enclave pilot area,Delhi,South Delhi,2026-07-27 22:00:00+00:00,26.3,96,7.6,128,0.3,971.9,Open-Meteo archive context,configured pilot anchor
DEL_SFE,Safdarjung Enclave pilot area,Delhi,South Delhi,2026-07-27 23:00:00+00:00,26.1,97,9.1,122,0.4,971.7,Open-Meteo archive context,configured pilot anchor
DEL_SFE,Safdarjung Enclave pilot area,Delhi,South Delhi,2026-07-28 00:00:00+00:00,28.5,92,7.9,153,0.2,971.3,Open-Meteo archive context,configured pilot anchor
DEL_SFE,Safdarjung Enclave pilot area,Delhi,South Delhi,2026-07-28 01:00:00+00:00,28.5,93,8.0,128,0.3,971.9,Open-Meteo archive context,configured pilot anchor
DEL_SFE,Safdarjung Enclave pilot area,Delhi,South Delhi,2026-07-28 02:00:00+00:00,28.8,93,7.9,184,0.4,972.3,Open-Meteo archive context,configured pilot anchor
DEL_SFE,Safdarjung Enclave pilot area,Delhi,South Delhi,2026-07-28 03:00:00+00:00,28.3,88,12.0,126,0.8,972.8,Open-Meteo archive context,configured pilot anchor
DEL_SFE,Safdarjung Enclave pilot area,Delhi,South Delhi,2026-07-28 04:00:00+00:00,28.1,90,10.5,143,0.7,973.6,Open-Meteo archive context,configured pilot anchor
DEL_SFE,Safdarjung Enclave pilot area,Delhi,South Delhi,2026-07-28 05:00:00+00:00,27.2,94,9.4,148,3.1,974.5,Open-Meteo archive context,configured pilot anchor
DEL_SFE,Safdarjung Enclave pilot area,Delhi,South Delhi,2026-07-28 06:00:00+00:00,27.5,93,8.7,111,1.4,974.2,Open-Meteo archive context,configured pilot anchor
DEL_SFE,Safdarjung Enclave pilot area,Delhi,South Delhi,2026-07-28 07:00:00+00:00,26.7,95,9.1,141,4.2,973.4,Open-Meteo archive context,configured pilot anchor
DEL_SFE,Safdarjung Enclave pilot area,Delhi,South Delhi,2026-07-28 08:00:00+00:00,26.9,93,7.8,146,2.5,973.4,Open-Meteo archive context,configured pilot anchor
DEL_SFE,Safdarjung Enclave pilot area,Delhi,South Delhi,2026-07-28 09:00:00+00:00,26.9,94,4.0,180,1.7,972.3,Open-Meteo archive context,configured pilot anchor
DEL_SFE,Safdarjung Enclave pilot area,Delhi,South Delhi,2026-07-28 10:00:00+00:00,27.3,92,5.1,163,1.3,971.7,Open-Meteo archive context,configured pilot anchor
DEL_SFE,Safdarjung Enclave pilot area,Delhi,South Delhi,2026-07-28 11:00:00+00:00,27.1,94,4.7,162,0.7,971.1,Open-Meteo archive context,configured pilot anchor
DEL_SFE,Safdarjung Enclave pilot area,Delhi,South Delhi,2026-07-28 12:00:00+00:00,31.0,72,3.8,329,0.2,971.3,Open-Meteo archive context,configured pilot anchor
DEL_SFE,Safdarjung Enclave pilot area,Delhi,South Delhi,2026-07-28 13:00:00+00:00,30.2,77,4.3,338,0.1,971.4,Open-Meteo archive context,configured pilot anchor
DEL_SFE,Safdarjung Enclave pilot area,Delhi,South Delhi,2026-07-28 14:00:00+00:00,29.5,83,2.3,45,0.0,971.9,Open-Meteo archive context,configured pilot anchor
DEL_SFE,Safdarjung Enclave pilot area,Delhi,South Delhi,2026-07-28 15:00:00+00:00,28.9,86,3.8,109,0.0,972.7,Open-Meteo archive context,configured pilot anchor
DEL_SFE,Safdarjung Enclave pilot area,Delhi,South Delhi,2026-07-28 16:00:00+00:00,28.6,87,5.2,104,0.0,973.6,Open-Meteo archive context,configured pilot anchor
DEL_SFE,Safdarjung Enclave pilot area,Delhi,South Delhi,2026-07-28 17:00:00+00:00,28.2,88,6.3,105,0.0,974.2,Open-Meteo archive context,configured pilot anchor
DEL_SFE,Safdarjung Enclave pilot area,Delhi,South Delhi,2026-07-28 18:00:00+00:00,27.9,89,2.4,171,0.0,973.9,Open-Meteo archive context,configured pilot anchor
DEL_SFE,Safdarjung Enclave pilot area,Delhi,South Delhi,2026-07-28 19:00:00+00:00,27.7,91,1.7,162,0.0,973.8,Open-Meteo archive context,configured pilot anchor
DEL_SFE,Safdarjung Enclave pilot area,Delhi,South Delhi,2026-07-28 20:00:00+00:00,27.6,91,1.7,108,0.0,973.8,Open-Meteo archive context,configured pilot anchor
DEL_SFE,Safdarjung Enclave pilot area,Delhi,South Delhi,2026-07-28 21:00:00+00:00,27.1,94,5.5,81,0.4,973.4,Open-Meteo archive context,configured pilot anchor
DEL_SFE,Safdarjung Enclave pilot area,Delhi,South Delhi,2026-07-28 22:00:00+00:00,26.7,95,4.7,108,0.2,973.3,Open-Meteo archive context,configured pilot anchor
DEL_SFE,Safdarjung Enclave pilot area,Delhi,South Delhi,2026-07-28 23:00:00+00:00,26.7,95,3.2,128,0.0,973.6,Open-Meteo archive context,configured pilot anchor
DEL_SFE,Safdarjung Enclave pilot area,Delhi,South Delhi,2026-07-29 00:00:00+00:00,26.7,97,2.4,167,0.0,973.1,Open-Meteo archive context,configured pilot anchor
DEL_SFE,Safdarjung Enclave pilot area,Delhi,South Delhi,2026-07-29 01:00:00+00:00,26.4,96,2.3,119,1.3,973.8,Open-Meteo archive context,configured pilot anchor
DEL_SFE,Safdarjung Enclave pilot area,Delhi,South Delhi,2026-07-29 02:00:00+00:00,26.3,99,5.1,113,1.6,974.3,Open-Meteo archive context,configured pilot anchor
DEL_SFE,Safdarjung Enclave pilot area,Delhi,South Delhi,2026-07-29 03:00:00+00:00,26.8,93,2.9,90,0.6,974.5,Open-Meteo archive context,configured pilot anchor
DEL_SFE,Safdarjung Enclave pilot area,Delhi,South Delhi,2026-07-29 04:00:00+00:00,28.0,87,1.8,114,0.6,974.8,Open-Meteo archive context,configured pilot anchor
DEL_SFE,Safdarjung Enclave pilot area,Delhi,South Delhi,2026-07-29 05:00:00+00:00,28.8,84,2.9,112,0.3,975.0,Open-Meteo archive context,configured pilot anchor
DEL_SFE,Safdarjung Enclave pilot area,Delhi,South Delhi,2026-07-29 06:00:00+00:00,30.9,75,1.9,299,0.1,974.6,Open-Meteo archive context,configured pilot anchor
DEL_SFE,Safdarjung Enclave pilot area,Delhi,South Delhi,2026-07-29 07:00:00+00:00,31.7,73,1.1,18,0.0,974.3,Open-Meteo archive context,configured pilot anchor
DEL_SFE,Safdarjung Enclave pilot area,Delhi,South Delhi,2026-07-29 08:00:00+00:00,32.0,72,1.5,14,0.1,973.7,Open-Meteo archive context,configured pilot anchor
DEL_SFE,Safdarjung Enclave pilot area,Delhi,South Delhi,2026-07-29 09:00:00+00:00,32.3,68,1.6,6,0.1,972.7,Open-Meteo archive context,configured pilot anchor
DEL_SFE,Safdarjung Enclave pilot area,Delhi,South Delhi,2026-07-29 10:00:00+00:00,32.5,67,1.9,253,0.1,972.1,Open-Meteo archive context,configured pilot anchor
DEL_SFE,Safdarjung Enclave pilot area,Delhi,South Delhi,2026-07-29 11:00:00+00:00,32.3,67,1.7,13,0.1,971.3,Open-Meteo archive context,configured pilot anchor
DEL_SFE,Safdarjung Enclave pilot area,Delhi,South Delhi,2026-07-29 12:00:00+00:00,32.5,68,5.3,172,0.1,971.1,Open-Meteo archive context,configured pilot anchor
DEL_SFE,Safdarjung Enclave pilot area,Delhi,South Delhi,2026-07-29 13:00:00+00:00,31.7,77,4.3,163,0.0,971.1,Open-Meteo archive context,configured pilot anchor
DEL_SFE,Safdarjung Enclave pilot area,Delhi,South Delhi,2026-07-29 14:00:00+00:00,30.8,82,3.3,144,0.0,971.9,Open-Meteo archive context,configured pilot anchor
DEL_SFE,Safdarjung Enclave pilot area,Delhi,South Delhi,2026-07-29 15:00:00+00:00,30.3,83,4.6,141,0.0,972.8,Open-Meteo archive context,configured pilot anchor
DEL_SFE,Safdarjung Enclave pilot area,Delhi,South Delhi,2026-07-29 16:00:00+00:00,29.8,85,4.5,127,0.0,973.6,Open-Meteo archive context,configured pilot anchor
DEL_SFE,Safdarjung Enclave pilot area,Delhi,South Delhi,2026-07-29 17:00:00+00:00,29.4,88,3.5,118,0.0,973.8,Open-Meteo archive context,configured pilot anchor
DEL_SFE,Safdarjung Enclave pilot area,Delhi,South Delhi,2026-07-29 18:00:00+00:00,29.8,86,7.0,113,0.0,973.4,Open-Meteo archive context,configured pilot anchor
DEL_SFE,Safdarjung Enclave pilot area,Delhi,South Delhi,2026-07-29 19:00:00+00:00,29.2,89,7.5,107,0.0,973.0,Open-Meteo archive context,configured pilot anchor
DEL_SFE,Safdarjung Enclave pilot area,Delhi,South Delhi,2026-07-29 20:00:00+00:00,28.0,85,2.5,356,0.0,973.1,Open-Meteo archive context,configured pilot anchor
DEL_SFE,Safdarjung Enclave pilot area,Delhi,South Delhi,2026-07-29 21:00:00+00:00,25.5,96,1.9,34,6.1,972.8,Open-Meteo archive context,configured pilot anchor
DEL_SFE,Safdarjung Enclave pilot area,Delhi,South Delhi,2026-07-29 22:00:00+00:00,26.1,95,2.7,138,0.6,972.4,Open-Meteo archive context,configured pilot anchor
DEL_SFE,Safdarjung Enclave pilot area,Delhi,South Delhi,2026-07-29 23:00:00+00:00,26.3,97,1.9,107,0.1,972.3,Open-Meteo archive context,configured pilot anchor
DEL_SFE,Safdarjung Enclave pilot area,Delhi,South Delhi,2026-07-30 00:00:00+00:00,28.3,95,0.8,207,0.0,971.8,Open-Meteo archive context,configured pilot anchor
DEL_SFE,Safdarjung Enclave pilot area,Delhi,South Delhi,2026-07-30 01:00:00+00:00,28.4,95,2.1,31,0.8,972.2,Open-Meteo archive context,configured pilot anchor
DEL_SFE,Safdarjung Enclave pilot area,Delhi,South Delhi,2026-07-30 02:00:00+00:00,28.4,89,11.5,132,1.0,973.1,Open-Meteo archive context,configured pilot anchor
DEL_SFE,Safdarjung Enclave pilot area,Delhi,South Delhi,2026-07-30 03:00:00+00:00,29.2,85,9.1,144,0.4,973.6,Open-Meteo archive context,configured pilot anchor
DEL_SFE,Safdarjung Enclave pilot area,Delhi,South Delhi,2026-07-30 04:00:00+00:00,30.4,78,5.8,166,0.1,973.8,Open-Meteo archive context,configured pilot anchor
DEL_SFE,Safdarjung Enclave pilot area,Delhi,South Delhi,2026-07-30 05:00:00+00:00,31.6,72,6.9,155,0.0,974.2,Open-Meteo archive context,configured pilot anchor
DEL_SFE,Safdarjung Enclave pilot area,Delhi,South Delhi,2026-07-30 06:00:00+00:00,32.8,64,6.1,120,0.0,974.1,Open-Meteo archive context,configured pilot anchor
DEL_SFE,Safdarjung Enclave pilot area,Delhi,South Delhi,2026-07-30 07:00:00+00:00,32.9,63,7.7,115,0.1,973.6,Open-Meteo archive context,configured pilot anchor
DEL_SFE,Safdarjung Enclave pilot area,Delhi,South Delhi,2026-07-30 08:00:00+00:00,32.0,67,7.5,138,0.6,973.4,Open-Meteo archive context,configured pilot anchor
DEL_SFE,Safdarjung Enclave pilot area,Delhi,South Delhi,2026-07-30 09:00:00+00:00,32.8,64,4.6,111,0.1,972.4,Open-Meteo archive context,configured pilot anchor
DEL_SFE,Safdarjung Enclave pilot area,Delhi,South Delhi,2026-07-30 10:00:00+00:00,33.1,62,5.0,105,0.1,971.5,Open-Meteo archive context,configured pilot anchor
DEL_SFE,Safdarjung Enclave pilot area,Delhi,South Delhi,2026-07-30 11:00:00+00:00,33.2,61,6.7,104,0.1,971.0,Open-Meteo archive context,configured pilot anchor
DEL_SFE,Safdarjung Enclave pilot area,Delhi,South Delhi,2026-07-30 12:00:00+00:00,31.5,73,9.4,88,0.0,970.8,Open-Meteo archive context,configured pilot anchor
DEL_SFE,Safdarjung Enclave pilot area,Delhi,South Delhi,2026-07-30 13:00:00+00:00,29.0,84,13.0,70,0.7,971.3,Open-Meteo archive context,configured pilot anchor
DEL_SFE,Safdarjung Enclave pilot area,Delhi,South Delhi,2026-07-30 14:00:00+00:00,28.5,86,6.8,63,0.0,972.0,Open-Meteo archive context,configured pilot anchor
DEL_SFE,Safdarjung Enclave pilot area,Delhi,South Delhi,2026-07-30 15:00:00+00:00,28.5,88,7.0,67,0.0,972.8,Open-Meteo archive context,configured pilot anchor
DEL_SFE,Safdarjung Enclave pilot area,Delhi,South Delhi,2026-07-30 16:00:00+00:00,28.4,90,7.1,80,0.0,973.6,Open-Meteo archive context,configured pilot anchor
DEL_SFE,Safdarjung Enclave pilot area,Delhi,South Delhi,2026-07-30 17:00:00+00:00,28.3,91,7.9,89,0.0,973.9,Open-Meteo archive context,configured pilot anchor
DEL_SFE,Safdarjung Enclave pilot area,Delhi,South Delhi,2026-07-30 18:00:00+00:00,28.8,90,11.1,104,0.0,973.6,Open-Meteo archive context,configured pilot anchor
DEL_SFE,Safdarjung Enclave pilot area,Delhi,South Delhi,2026-07-30 19:00:00+00:00,28.6,89,11.2,101,0.0,973.1,Open-Meteo archive context,configured pilot anchor
DEL_SFE,Safdarjung Enclave pilot area,Delhi,South Delhi,2026-07-30 20:00:00+00:00,28.4,89,10.5,106,0.0,973.1,Open-Meteo archive context,configured pilot anchor
DEL_SFE,Safdarjung Enclave pilot area,Delhi,South Delhi,2026-07-30 21:00:00+00:00,28.3,88,10.3,103,0.0,973.0,Open-Meteo archive context,configured pilot anchor
DEL_SFE,Safdarjung Enclave pilot area,Delhi,South Delhi,2026-07-30 22:00:00+00:00,28.1,87,10.4,99,0.0,972.9,Open-Meteo archive context,configured pilot anchor
DEL_SFE,Safdarjung Enclave pilot area,Delhi,South Delhi,2026-07-30 23:00:00+00:00,27.9,87,10.9,96,0.0,973.2,Open-Meteo archive context,configured pilot anchor
DEL_SFE,Safdarjung Enclave pilot area,Delhi,South Delhi,2026-07-31 00:00:00+00:00,28.1,84,12.6,107,0.0,972.9,Open-Meteo archive context,configured pilot anchor
DEL_SFE,Safdarjung Enclave pilot area,Delhi,South Delhi,2026-07-31 01:00:00+00:00,27.9,85,10.9,97,0.0,973.3,Open-Meteo archive context,configured pilot anchor
DEL_SFE,Safdarjung Enclave pilot area,Delhi,South Delhi,2026-07-31 02:00:00+00:00,28.6,82,11.2,94,0.0,973.9,Open-Meteo archive context,configured pilot anchor
DEL_SFE,Safdarjung Enclave pilot area,Delhi,South Delhi,2026-07-31 03:00:00+00:00,28.9,80,14.2,98,0.1,974.2,Open-Meteo archive context,configured pilot anchor
DEL_SFE,Safdarjung Enclave pilot area,Delhi,South Delhi,2026-07-31 04:00:00+00:00,29.5,77,14.4,99,0.2,974.5,Open-Meteo archive context,configured pilot anchor
DEL_SFE,Safdarjung Enclave pilot area,Delhi,South Delhi,2026-07-31 05:00:00+00:00,29.8,75,14.4,99,0.2,974.6,Open-Meteo archive context,configured pilot anchor
DEL_SFE,Safdarjung Enclave pilot area,Delhi,South Delhi,2026-07-31 06:00:00+00:00,30.5,72,12.0,99,0.1,974.8,Open-Meteo archive context,configured pilot anchor
DEL_SFE,Safdarjung Enclave pilot area,Delhi,South Delhi,2026-07-31 07:00:00+00:00,31.4,68,14.4,102,0.1,974.1,Open-Meteo archive context,configured pilot anchor
DEL_SFE,Safdarjung Enclave pilot area,Delhi,South Delhi,2026-07-31 08:00:00+00:00,32.0,64,13.6,102,0.1,973.4,Open-Meteo archive context,configured pilot anchor
DEL_SFE,Safdarjung Enclave pilot area,Delhi,South Delhi,2026-07-31 09:00:00+00:00,32.5,63,12.3,101,0.3,972.5,Open-Meteo archive context,configured pilot anchor
DEL_SFE,Safdarjung Enclave pilot area,Delhi,South Delhi,2026-07-31 10:00:00+00:00,32.4,63,12.5,98,0.3,971.7,Open-Meteo archive context,configured pilot anchor
DEL_SFE,Safdarjung Enclave pilot area,Delhi,South Delhi,2026-07-31 11:00:00+00:00,29.4,78,10.4,111,2.1,970.9,Open-Meteo archive context,configured pilot anchor
DEL_SFE,Safdarjung Enclave pilot area,Delhi,South Delhi,2026-07-31 12:00:00+00:00,31.4,73,7.2,90,1.1,971.1,Open-Meteo archive context,configured pilot anchor
DEL_SFE,Safdarjung Enclave pilot area,Delhi,South Delhi,2026-07-31 13:00:00+00:00,30.9,75,7.9,79,0.0,971.6,Open-Meteo archive context,configured pilot anchor
DEL_SFE,Safdarjung Enclave pilot area,Delhi,South Delhi,2026-07-31 14:00:00+00:00,30.0,80,8.7,77,0.0,972.3,Open-Meteo archive context,configured pilot anchor
DEL_SFE,Safdarjung Enclave pilot area,Delhi,South Delhi,2026-07-31 15:00:00+00:00,29.6,83,8.5,77,0.0,972.9,Open-Meteo archive context,configured pilot anchor
DEL_SFE,Safdarjung Enclave pilot area,Delhi,South Delhi,2026-07-31 16:00:00+00:00,29.1,84,11.4,101,0.3,973.7,Open-Meteo archive context,configured pilot anchor
DEL_SFE,Safdarjung Enclave pilot area,Delhi,South Delhi,2026-07-31 17:00:00+00:00,28.8,85,11.1,99,0.0,974.1,Open-Meteo archive context,configured pilot anchor
DEL_SFE,Safdarjung Enclave pilot area,Delhi,South Delhi,2026-07-31 18:00:00+00:00,28.0,87,9.2,87,0.0,973.6,Open-Meteo archive context,configured pilot anchor
DEL_SFE,Safdarjung Enclave pilot area,Delhi,South Delhi,2026-07-31 19:00:00+00:00,27.9,88,10.8,101,0.0,973.6,Open-Meteo archive context,configured pilot anchor
DEL_SFE,Safdarjung Enclave pilot area,Delhi,South Delhi,2026-07-31 20:00:00+00:00,27.1,94,9.4,93,2.6,973.6,Open-Meteo archive context,configured pilot anchor
DEL_SFE,Safdarjung Enclave pilot area,Delhi,South Delhi,2026-07-31 21:00:00+00:00,27.1,92,11.0,96,0.0,973.0,Open-Meteo archive context,configured pilot anchor
DEL_SFE,Safdarjung Enclave pilot area,Delhi,South Delhi,2026-07-31 22:00:00+00:00,27.1,91,11.1,97,0.0,973.0,Open-Meteo archive context,configured pilot anchor
DEL_SFE,Safdarjung Enclave pilot area,Delhi,South Delhi,2026-07-31 23:00:00+00:00,27.2,91,10.3,91,0.0,973.2,Open-Meteo archive context,configured pilot anchor
DEL_SFE,Safdarjung Enclave pilot area,Delhi,South Delhi,2026-08-01 00:00:00+00:00,26.7,95,9.9,95,0.1,973.0,Open-Meteo archive context,configured pilot anchor
DEL_SFE,Safdarjung Enclave pilot area,Delhi,South Delhi,2026-08-01 01:00:00+00:00,27.0,93,10.4,88,0.0,973.5,Open-Meteo archive context,configured pilot anchor
DEL_SFE,Safdarjung Enclave pilot area,Delhi,South Delhi,2026-08-01 02:00:00+00:00,27.1,90,12.0,78,0.1,974.0,Open-Meteo archive context,configured pilot anchor
DEL_SFE,Safdarjung Enclave pilot area,Delhi,South Delhi,2026-08-01 03:00:00+00:00,27.8,87,12.3,96,0.0,974.0,Open-Meteo archive context,configured pilot anchor
DEL_SFE,Safdarjung Enclave pilot area,Delhi,South Delhi,2026-08-01 04:00:00+00:00,29.4,78,12.1,105,0.1,973.9,Open-Meteo archive context,configured pilot anchor
DEL_SFE,Safdarjung Enclave pilot area,Delhi,South Delhi,2026-08-01 05:00:00+00:00,30.6,73,12.2,106,0.2,973.9,Open-Meteo archive context,configured pilot anchor
DEL_SFE,Safdarjung Enclave pilot area,Delhi,South Delhi,2026-08-01 06:00:00+00:00,31.5,70,11.6,105,0.4,973.8,Open-Meteo archive context,configured pilot anchor
DEL_SFE,Safdarjung Enclave pilot area,Delhi,South Delhi,2026-08-01 07:00:00+00:00,32.1,69,11.3,100,0.1,973.1,Open-Meteo archive context,configured pilot anchor
DEL_SFE,Safdarjung Enclave pilot area,Delhi,South Delhi,2026-08-01 08:00:00+00:00,32.4,66,12.5,108,0.1,972.7,Open-Meteo archive context,configured pilot anchor
DEL_SFE,Safdarjung Enclave pilot area,Delhi,South Delhi,2026-08-01 09:00:00+00:00,32.0,64,10.5,82,0.2,971.9,Open-Meteo archive context,configured pilot anchor
DEL_SFE,Safdarjung Enclave pilot area,Delhi,South Delhi,2026-08-01 10:00:00+00:00,31.2,71,9.1,72,0.7,971.1,Open-Meteo archive context,configured pilot anchor
DEL_SFE,Safdarjung Enclave pilot area,Delhi,South Delhi,2026-08-01 11:00:00+00:00,31.4,74,8.0,70,0.1,970.7,Open-Meteo archive context,configured pilot anchor
DEL_SFE,Safdarjung Enclave pilot area,Delhi,South Delhi,2026-08-01 12:00:00+00:00,30.5,78,10.3,87,0.7,971.2,Open-Meteo archive context,configured pilot anchor
DEL_SFE,Safdarjung Enclave pilot area,Delhi,South Delhi,2026-08-01 13:00:00+00:00,30.3,81,7.1,96,0.1,971.6,Open-Meteo archive context,configured pilot anchor
DEL_SFE,Safdarjung Enclave pilot area,Delhi,South Delhi,2026-08-01 14:00:00+00:00,29.7,84,7.0,90,0.0,971.9,Open-Meteo archive context,configured pilot anchor
DEL_SFE,Safdarjung Enclave pilot area,Delhi,South Delhi,2026-08-01 15:00:00+00:00,29.4,86,7.0,87,0.0,972.7,Open-Meteo archive context,configured pilot anchor
DEL_SFE,Safdarjung Enclave pilot area,Delhi,South Delhi,2026-08-01 16:00:00+00:00,29.3,87,8.3,89,0.0,973.5,Open-Meteo archive context,configured pilot anchor
DEL_SFE,Safdarjung Enclave pilot area,Delhi,South Delhi,2026-08-01 17:00:00+00:00,29.2,87,9.9,111,0.0,973.8,Open-Meteo archive context,configured pilot anchor
DEL_SFE,Safdarjung Enclave pilot area,Delhi,South Delhi,2026-08-01 18:00:00+00:00,27.2,89,12.1,93,0.0,973.9,Open-Meteo archive context,configured pilot anchor
DEL_SFE,Safdarjung Enclave pilot area,Delhi,South Delhi,2026-08-01 19:00:00+00:00,26.7,90,11.0,108,0.2,973.4,Open-Meteo archive context,configured pilot anchor
DEL_SFE,Safdarjung Enclave pilot area,Delhi,South Delhi,2026-08-01 20:00:00+00:00,26.7,92,8.8,121,0.3,973.8,Open-Meteo archive context,configured pilot anchor
DEL_SFE,Safdarjung Enclave pilot area,Delhi,South Delhi,2026-08-01 21:00:00+00:00,26.9,93,7.9,106,0.3,973.6,Open-Meteo archive context,configured pilot anchor
DEL_SFE,Safdarjung Enclave pilot area,Delhi,South Delhi,2026-08-01 22:00:00+00:00,26.7,94,6.5,104,0.1,973.0,Open-Meteo archive context,configured pilot anchor
DEL_SFE,Safdarjung Enclave pilot area,Delhi,South Delhi,2026-08-01 23:00:00+00:00,26.8,94,6.9,118,0.0,973.6,Open-Meteo archive context,configured pilot anchor
DEL_SFE,Safdarjung Enclave pilot area,Delhi,South Delhi,2026-08-02 00:00:00+00:00,27.1,95,9.4,93,0.0,973.6,Open-Meteo archive context,configured pilot anchor
DEL_SFE,Safdarjung Enclave pilot area,Delhi,South Delhi,2026-08-02 01:00:00+00:00,26.6,96,12.0,98,0.2,974.4,Open-Meteo archive context,configured pilot anchor
DEL_SFE,Safdarjung Enclave pilot area,Delhi,South Delhi,2026-08-02 02:00:00+00:00,26.9,95,7.0,94,0.3,974.5,Open-Meteo archive context,configured pilot anchor
DEL_SFE,Safdarjung Enclave pilot area,Delhi,South Delhi,2026-08-02 03:00:00+00:00,28.5,88,8.5,97,0.1,974.8,Open-Meteo archive context,configured pilot anchor
DEL_SFE,Safdarjung Enclave pilot area,Delhi,South Delhi,2026-08-02 04:00:00+00:00,30.2,79,9.0,105,0.0,974.7,Open-Meteo archive context,configured pilot anchor
DEL_SFE,Safdarjung Enclave pilot area,Delhi,South Delhi,2026-08-02 05:00:00+00:00,31.6,71,8.3,112,0.1,974.6,Open-Meteo archive context,configured pilot anchor
DEL_SFE,Safdarjung Enclave pilot area,Delhi,South Delhi,2026-08-02 06:00:00+00:00,32.8,64,8.1,129,0.1,974.5,Open-Meteo archive context,configured pilot anchor
DEL_SFE,Safdarjung Enclave pilot area,Delhi,South Delhi,2026-08-02 07:00:00+00:00,33.7,59,7.3,121,0.1,974.1,Open-Meteo archive context,configured pilot anchor
DEL_SFE,Safdarjung Enclave pilot area,Delhi,South Delhi,2026-08-02 08:00:00+00:00,32.9,61,10.9,97,0.8,973.9,Open-Meteo archive context,configured pilot anchor
DEL_SFE,Safdarjung Enclave pilot area,Delhi,South Delhi,2026-08-02 09:00:00+00:00,32.2,68,9.9,102,0.8,973.0,Open-Meteo archive context,configured pilot anchor
DEL_SFE,Safdarjung Enclave pilot area,Delhi,South Delhi,2026-08-02 10:00:00+00:00,32.6,67,7.6,108,0.0,972.4,Open-Meteo archive context,configured pilot anchor
DEL_SFE,Safdarjung Enclave pilot area,Delhi,South Delhi,2026-08-02 11:00:00+00:00,32.4,67,8.4,115,0.4,972.0,Open-Meteo archive context,configured pilot anchor
DEL_SFE,Safdarjung Enclave pilot area,Delhi,South Delhi,2026-08-02 12:00:00+00:00,27.6,93,4.6,167,0.3,972.5,Open-Meteo archive context,configured pilot anchor
DEL_SFE,Safdarjung Enclave pilot area,Delhi,South Delhi,2026-08-02 13:00:00+00:00,28.3,91,8.9,65,0.5,973.3,Open-Meteo archive context,configured pilot anchor
DEL_SFE,Safdarjung Enclave pilot area,Delhi,South Delhi,2026-08-02 14:00:00+00:00,27.5,93,5.4,64,0.1,973.0,Open-Meteo archive context,configured pilot anchor
DEL_SFE,Safdarjung Enclave pilot area,Delhi,South Delhi,2026-08-02 15:00:00+00:00,27.7,94,5.5,67,0.1,973.9,Open-Meteo archive context,configured pilot anchor
DEL_SFE,Safdarjung Enclave pilot area,Delhi,South Delhi,2026-08-02 16:00:00+00:00,27.8,94,5.2,68,0.0,975.0,Open-Meteo archive context,configured pilot anchor
DEL_SFE,Safdarjung Enclave pilot area,Delhi,South Delhi,2026-08-02 17:00:00+00:00,27.9,94,6.9,85,0.0,975.3,Open-Meteo archive context,configured pilot anchor
DEL_SFE,Safdarjung Enclave pilot area,Delhi,South Delhi,2026-08-02 18:00:00+00:00,28.6,94,6.2,98,0.0,974.6,Open-Meteo archive context,configured pilot anchor
DEL_SFE,Safdarjung Enclave pilot area,Delhi,South Delhi,2026-08-02 19:00:00+00:00,28.5,94,6.1,102,0.0,974.4,Open-Meteo archive context,configured pilot anchor
DEL_SFE,Safdarjung Enclave pilot area,Delhi,South Delhi,2026-08-02 20:00:00+00:00,28.4,94,7.3,100,0.0,974.3,Open-Meteo archive context,configured pilot anchor
DEL_SFE,Safdarjung Enclave pilot area,Delhi,South Delhi,2026-08-02 21:00:00+00:00,27.9,93,8.5,103,0.0,973.9,Open-Meteo archive context,configured pilot anchor
DEL_SFE,Safdarjung Enclave pilot area,Delhi,South Delhi,2026-08-02 22:00:00+00:00,27.4,94,7.6,109,0.0,973.7,Open-Meteo archive context,configured pilot anchor
DEL_SFE,Safdarjung Enclave pilot area,Delhi,South Delhi,2026-08-02 23:00:00+00:00,27.2,95,7.6,117,0.0,973.8,Open-Meteo archive context,configured pilot anchor
DEL_SFE,Safdarjung Enclave pilot area,Delhi,South Delhi,2026-08-03 00:00:00+00:00,27.4,94,7.6,142,0.2,973.6,Open-Meteo archive context,configured pilot anchor
DEL_SFE,Safdarjung Enclave pilot area,Delhi,South Delhi,2026-08-03 01:00:00+00:00,27.7,96,4.3,132,0.3,974.2,Open-Meteo archive context,configured pilot anchor
DEL_SFE,Safdarjung Enclave pilot area,Delhi,South Delhi,2026-08-03 02:00:00+00:00,27.8,94,5.7,99,0.3,974.3,Open-Meteo archive context,configured pilot anchor
DEL_SFE,Safdarjung Enclave pilot area,Delhi,South Delhi,2026-08-03 03:00:00+00:00,28.4,88,3.6,135,0.9,975.2,Open-Meteo archive context,configured pilot anchor
DEL_SFE,Safdarjung Enclave pilot area,Delhi,South Delhi,2026-08-03 04:00:00+00:00,29.5,83,3.9,146,0.1,975.5,Open-Meteo archive context,configured pilot anchor
DEL_SFE,Safdarjung Enclave pilot area,Delhi,South Delhi,2026-08-03 05:00:00+00:00,30.4,81,4.7,118,0.2,975.7,Open-Meteo archive context,configured pilot anchor
DEL_SFE,Safdarjung Enclave pilot area,Delhi,South Delhi,2026-08-03 06:00:00+00:00,31.3,73,7.4,83,0.2,975.3,Open-Meteo archive context,configured pilot anchor
DEL_SFE,Safdarjung Enclave pilot area,Delhi,South Delhi,2026-08-03 07:00:00+00:00,32.6,69,8.4,118,0.2,975.2,Open-Meteo archive context,configured pilot anchor
DEL_SFE,Safdarjung Enclave pilot area,Delhi,South Delhi,2026-08-03 08:00:00+00:00,33.4,67,6.1,113,0.0,974.7,Open-Meteo archive context,configured pilot anchor
DEL_SFE,Safdarjung Enclave pilot area,Delhi,South Delhi,2026-08-03 09:00:00+00:00,30.7,75,11.9,142,1.1,974.2,Open-Meteo archive context,configured pilot anchor
DEL_SFE,Safdarjung Enclave pilot area,Delhi,South Delhi,2026-08-03 10:00:00+00:00,30.9,79,4.1,157,0.6,973.9,Open-Meteo archive context,configured pilot anchor
DEL_SFE,Safdarjung Enclave pilot area,Delhi,South Delhi,2026-08-03 11:00:00+00:00,30.1,80,6.7,171,0.8,973.2,Open-Meteo archive context,configured pilot anchor
DEL_SFE,Safdarjung Enclave pilot area,Delhi,South Delhi,2026-08-03 12:00:00+00:00,32.3,75,8.6,147,0.1,972.7,Open-Meteo archive context,configured pilot anchor
DEL_SFE,Safdarjung Enclave pilot area,Delhi,South Delhi,2026-08-03 13:00:00+00:00,29.8,84,7.8,199,0.9,972.8,Open-Meteo archive context,configured pilot anchor
DEL_SFE,Safdarjung Enclave pilot area,Delhi,South Delhi,2026-08-03 14:00:00+00:00,27.7,94,6.9,104,2.5,974.0,Open-Meteo archive context,configured pilot anchor
DEL_SFE,Safdarjung Enclave pilot area,Delhi,South Delhi,2026-08-03 15:00:00+00:00,27.3,95,8.3,134,1.2,974.9,Open-Meteo archive context,configured pilot anchor
DEL_SFE,Safdarjung Enclave pilot area,Delhi,South Delhi,2026-08-03 16:00:00+00:00,27.3,94,0.9,281,2.6,975.9,Open-Meteo archive context,configured pilot anchor
DEL_SFE,Safdarjung Enclave pilot area,Delhi,South Delhi,2026-08-03 17:00:00+00:00,27.1,95,2.8,130,1.8,975.8,Open-Meteo archive context,configured pilot anchor
DEL_SFE,Safdarjung Enclave pilot area,Delhi,South Delhi,2026-08-03 18:00:00+00:00,26.9,98,5.5,142,0.3,976.0,Open-Meteo archive context,configured pilot anchor
DEL_SFE,Safdarjung Enclave pilot area,Delhi,South Delhi,2026-08-03 19:00:00+00:00,26.9,97,8.2,148,1.2,975.3,Open-Meteo archive context,configured pilot anchor
DEL_SFE,Safdarjung Enclave pilot area,Delhi,South Delhi,2026-08-03 20:00:00+00:00,26.7,98,7.2,145,0.5,975.0,Open-Meteo archive context,configured pilot anchor
DEL_SFE,Safdarjung Enclave pilot area,Delhi,South Delhi,2026-08-03 21:00:00+00:00,26.5,98,7.1,146,0.2,974.8,Open-Meteo archive context,configured pilot anchor
DEL_SFE,Safdarjung Enclave pilot area,Delhi,South Delhi,2026-08-03 22:00:00+00:00,26.6,98,6.0,129,0.1,975.2,Open-Meteo archive context,configured pilot anchor
DEL_SFE,Safdarjung Enclave pilot area,Delhi,South Delhi,2026-08-03 23:00:00+00:00,26.6,98,4.5,137,0.1,975.1,Open-Meteo archive context,configured pilot anchor
DEL_SFE,Safdarjung Enclave pilot area,Delhi,South Delhi,2026-08-04 00:00:00+00:00,26.6,97,8.7,156,0.1,974.6,Open-Meteo archive context,configured pilot anchor
DEL_SFE,Safdarjung Enclave pilot area,Delhi,South Delhi,2026-08-04 01:00:00+00:00,26.3,98,7.2,179,1.4,975.4,Open-Meteo archive context,configured pilot anchor
DEL_SFE,Safdarjung Enclave pilot area,Delhi,South Delhi,2026-08-04 02:00:00+00:00,26.7,95,2.7,222,1.1,975.5,Open-Meteo archive context,configured pilot anchor
DEL_SFE,Safdarjung Enclave pilot area,Delhi,South Delhi,2026-08-04 03:00:00+00:00,27.3,93,4.6,193,0.6,976.1,Open-Meteo archive context,configured pilot anchor
DEL_SFE,Safdarjung Enclave pilot area,Delhi,South Delhi,2026-08-04 04:00:00+00:00,28.5,86,3.9,146,0.2,976.4,Open-Meteo archive context,configured pilot anchor
DEL_SFE,Safdarjung Enclave pilot area,Delhi,South Delhi,2026-08-04 05:00:00+00:00,29.5,83,1.8,180,0.3,977.0,Open-Meteo archive context,configured pilot anchor
DEL_SFE,Safdarjung Enclave pilot area,Delhi,South Delhi,2026-08-04 06:00:00+00:00,27.8,93,5.9,282,0.6,976.8,Open-Meteo archive context,configured pilot anchor
DEL_SFE,Safdarjung Enclave pilot area,Delhi,South Delhi,2026-08-04 07:00:00+00:00,27.8,93,4.3,343,0.9,976.4,Open-Meteo archive context,configured pilot anchor
DEL_SFE,Safdarjung Enclave pilot area,Delhi,South Delhi,2026-08-04 08:00:00+00:00,28.4,89,6.1,2,0.8,975.9,Open-Meteo archive context,configured pilot anchor
DEL_SFE,Safdarjung Enclave pilot area,Delhi,South Delhi,2026-08-04 09:00:00+00:00,28.5,86,6.0,353,0.6,975.3,Open-Meteo archive context,configured pilot anchor
DEL_SFE,Safdarjung Enclave pilot area,Delhi,South Delhi,2026-08-04 10:00:00+00:00,29.3,83,5.1,352,0.6,974.7,Open-Meteo archive context,configured pilot anchor
DEL_SFE,Safdarjung Enclave pilot area,Delhi,South Delhi,2026-08-04 11:00:00+00:00,29.4,83,4.7,2,0.0,973.9,Open-Meteo archive context,configured pilot anchor
DEL_SFE,Safdarjung Enclave pilot area,Delhi,South Delhi,2026-08-04 12:00:00+00:00,27.3,95,2.8,55,0.0,974.2,Open-Meteo archive context,configured pilot anchor
DEL_SFE,Safdarjung Enclave pilot area,Delhi,South Delhi,2026-08-04 13:00:00+00:00,27.3,94,3.4,74,1.8,974.2,Open-Meteo archive context,configured pilot anchor
DEL_SFE,Safdarjung Enclave pilot area,Delhi,South Delhi,2026-08-04 14:00:00+00:00,27.2,95,1.1,9,0.9,974.5,Open-Meteo archive context,configured pilot anchor
DEL_SFE,Safdarjung Enclave pilot area,Delhi,South Delhi,2026-08-04 15:00:00+00:00,27.1,97,1.3,344,0.5,975.1,Open-Meteo archive context,configured pilot anchor
DEL_SFE,Safdarjung Enclave pilot area,Delhi,South Delhi,2026-08-04 16:00:00+00:00,27.1,96,1.0,68,0.5,975.9,Open-Meteo archive context,configured pilot anchor
DEL_SFE,Safdarjung Enclave pilot area,Delhi,South Delhi,2026-08-04 17:00:00+00:00,26.8,97,2.5,86,0.4,976.0,Open-Meteo archive context,configured pilot anchor
DEL_SFE,Safdarjung Enclave pilot area,Delhi,South Delhi,2026-08-04 18:00:00+00:00,27.4,97,2.4,318,0.2,975.2,Open-Meteo archive context,configured pilot anchor
DEL_SFE,Safdarjung Enclave pilot area,Delhi,South Delhi,2026-08-04 19:00:00+00:00,27.4,97,1.7,18,0.0,974.5,Open-Meteo archive context,configured pilot anchor
DEL_SFE,Safdarjung Enclave pilot area,Delhi,South Delhi,2026-08-04 20:00:00+00:00,27.3,97,2.1,345,0.0,974.3,Open-Meteo archive context,configured pilot anchor
DEL_SFE,Safdarjung Enclave pilot area,Delhi,South Delhi,2026-08-04 21:00:00+00:00,27.2,93,1.7,283,0.0,974.0,Open-Meteo archive context,configured pilot anchor
DEL_SFE,Safdarjung Enclave pilot area,Delhi,South Delhi,2026-08-04 22:00:00+00:00,26.9,95,1.8,294,0.0,973.8,Open-Meteo archive context,configured pilot anchor
DEL_SFE,Safdarjung Enclave pilot area,Delhi,South Delhi,2026-08-04 23:00:00+00:00,26.9,93,3.1,21,0.0,973.7,Open-Meteo archive context,configured pilot anchor
DEL_SFE,Safdarjung Enclave pilot area,Delhi,South Delhi,2026-08-05 00:00:00+00:00,26.5,97,4.4,12,0.1,973.8,Open-Meteo archive context,configured pilot anchor
DEL_SFE,Safdarjung Enclave pilot area,Delhi,South Delhi,2026-08-05 01:00:00+00:00,26.2,97,2.9,43,1.1,974.1,Open-Meteo archive context,configured pilot anchor
DEL_SFE,Safdarjung Enclave pilot area,Delhi,South Delhi,2026-08-05 02:00:00+00:00,26.9,95,1.8,354,0.0,974.1,Open-Meteo archive context,configured pilot anchor
DEL_SFE,Safdarjung Enclave pilot area,Delhi,South Delhi,2026-08-05 03:00:00+00:00,28.1,89,2.2,325,0.0,974.2,Open-Meteo archive context,configured pilot anchor
DEL_SFE,Safdarjung Enclave pilot area,Delhi,South Delhi,2026-08-05 04:00:00+00:00,29.9,78,4.1,322,0.0,974.3,Open-Meteo archive context,configured pilot anchor
DEL_SFE,Safdarjung Enclave pilot area,Delhi,South Delhi,2026-08-05 05:00:00+00:00,31.1,70,5.0,316,0.0,974.2,Open-Meteo archive context,configured pilot anchor
DEL_SFE,Safdarjung Enclave pilot area,Delhi,South Delhi,2026-08-05 06:00:00+00:00,31.3,71,4.8,292,0.0,974.3,Open-Meteo archive context,configured pilot anchor
DEL_SFE,Safdarjung Enclave pilot area,Delhi,South Delhi,2026-08-05 07:00:00+00:00,30.7,72,5.3,280,0.0,973.1,Open-Meteo archive context,configured pilot anchor
DEL_SFE,Safdarjung Enclave pilot area,Delhi,South Delhi,2026-08-05 08:00:00+00:00,31.5,67,6.1,289,0.0,972.8,Open-Meteo archive context,configured pilot anchor
DEL_SFE,Safdarjung Enclave pilot area,Delhi,South Delhi,2026-08-05 09:00:00+00:00,31.8,65,7.2,292,0.0,971.8,Open-Meteo archive context,configured pilot anchor
DEL_SFE,Safdarjung Enclave pilot area,Delhi,South Delhi,2026-08-05 10:00:00+00:00,32.5,63,6.6,296,0.0,971.5,Open-Meteo archive context,configured pilot anchor
DEL_SFE,Safdarjung Enclave pilot area,Delhi,South Delhi,2026-08-05 11:00:00+00:00,32.4,63,4.8,295,0.0,971.0,Open-Meteo archive context,configured pilot anchor
DEL_SFE,Safdarjung Enclave pilot area,Delhi,South Delhi,2026-08-05 12:00:00+00:00,29.9,82,7.7,91,0.0,971.3,Open-Meteo archive context,configured pilot anchor
DEL_SFE,Safdarjung Enclave pilot area,Delhi,South Delhi,2026-08-05 13:00:00+00:00,28.5,88,5.4,250,0.5,971.6,Open-Meteo archive context,configured pilot anchor
DEL_SFE,Safdarjung Enclave pilot area,Delhi,South Delhi,2026-08-05 14:00:00+00:00,28.3,88,5.6,187,0.1,972.7,Open-Meteo archive context,configured pilot anchor
DEL_SFE,Safdarjung Enclave pilot area,Delhi,South Delhi,2026-08-05 15:00:00+00:00,28.1,90,7.2,179,0.1,973.3,Open-Meteo archive context,configured pilot anchor
DEL_SFE,Safdarjung Enclave pilot area,Delhi,South Delhi,2026-08-05 16:00:00+00:00,27.8,92,4.1,182,0.0,973.7,Open-Meteo archive context,configured pilot anchor
DEL_SFE,Safdarjung Enclave pilot area,Delhi,South Delhi,2026-08-05 17:00:00+00:00,27.7,94,4.2,155,0.0,973.8,Open-Meteo archive context,configured pilot anchor
DEL_SFE,Safdarjung Enclave pilot area,Delhi,South Delhi,2026-08-05 18:00:00+00:00,27.3,99,3.7,101,0.0,973.4,Open-Meteo archive context,configured pilot anchor
DEL_SFE,Safdarjung Enclave pilot area,Delhi,South Delhi,2026-08-05 19:00:00+00:00,27.8,98,3.1,208,3.0,972.9,Open-Meteo archive context,configured pilot anchor
DEL_SFE,Safdarjung Enclave pilot area,Delhi,South Delhi,2026-08-05 20:00:00+00:00,27.3,90,3.5,159,2.0,972.9,Open-Meteo archive context,configured pilot anchor
DEL_SFE,Safdarjung Enclave pilot area,Delhi,South Delhi,2026-08-05 21:00:00+00:00,27.0,96,2.2,189,0.5,972.5,Open-Meteo archive context,configured pilot anchor
DEL_SFE,Safdarjung Enclave pilot area,Delhi,South Delhi,2026-08-05 22:00:00+00:00,27.0,97,4.5,209,0.0,972.3,Open-Meteo archive context,configured pilot anchor
DEL_SFE,Safdarjung Enclave pilot area,Delhi,South Delhi,2026-08-05 23:00:00+00:00,26.9,96,7.8,233,0.0,972.8,Open-Meteo archive context,configured pilot anchor
DEL_SFE,Safdarjung Enclave pilot area,Delhi,South Delhi,2026-08-06 00:00:00+00:00,27.1,95,5.7,101,0.0,972.2,Open-Meteo archive context,configured pilot anchor
DEL_SFE,Safdarjung Enclave pilot area,Delhi,South Delhi,2026-08-06 01:00:00+00:00,27.3,93,3.8,98,0.4,973.3,Open-Meteo archive context,configured pilot anchor
DEL_SFE,Safdarjung Enclave pilot area,Delhi,South Delhi,2026-08-06 02:00:00+00:00,27.5,90,6.4,119,0.3,973.9,Open-Meteo archive context,configured pilot anchor
DEL_SFE,Safdarjung Enclave pilot area,Delhi,South Delhi,2026-08-06 03:00:00+00:00,27.4,91,6.6,119,1.0,974.7,Open-Meteo archive context,configured pilot anchor
DEL_SFE,Safdarjung Enclave pilot area,Delhi,South Delhi,2026-08-06 04:00:00+00:00,27.1,90,4.2,115,1.1,975.3,Open-Meteo archive context,configured pilot anchor
DEL_SFE,Safdarjung Enclave pilot area,Delhi,South Delhi,2026-08-06 05:00:00+00:00,26.9,89,1.7,108,1.6,975.3,Open-Meteo archive context,configured pilot anchor
DEL_SFE,Safdarjung Enclave pilot area,Delhi,South Delhi,2026-08-06 06:00:00+00:00,27.0,84,5.0,64,0.8,975.2,Open-Meteo archive context,configured pilot anchor
DEL_SFE,Safdarjung Enclave pilot area,Delhi,South Delhi,2026-08-06 07:00:00+00:00,27.7,80,4.0,360,0.6,974.9,Open-Meteo archive context,configured pilot anchor
DEL_SFE,Safdarjung Enclave pilot area,Delhi,South Delhi,2026-08-06 08:00:00+00:00,27.4,82,5.4,330,0.3,974.3,Open-Meteo archive context,configured pilot anchor
DEL_SFE,Safdarjung Enclave pilot area,Delhi,South Delhi,2026-08-06 09:00:00+00:00,27.2,83,5.7,319,0.2,973.6,Open-Meteo archive context,configured pilot anchor
DEL_SFE,Safdarjung Enclave pilot area,Delhi,South Delhi,2026-08-06 10:00:00+00:00,27.0,84,4.8,331,0.3,973.4,Open-Meteo archive context,configured pilot anchor
DEL_SFE,Safdarjung Enclave pilot area,Delhi,South Delhi,2026-08-06 11:00:00+00:00,27.5,82,6.3,325,0.1,972.9,Open-Meteo archive context,configured pilot anchor
DEL_SFE,Safdarjung Enclave pilot area,Delhi,South Delhi,2026-08-06 12:00:00+00:00,27.7,87,7.8,5,0.0,972.6,Open-Meteo archive context,configured pilot anchor
DEL_SFE,Safdarjung Enclave pilot area,Delhi,South Delhi,2026-08-06 13:00:00+00:00,27.4,90,6.4,8,0.5,972.8,Open-Meteo archive context,configured pilot anchor
DEL_SFE,Safdarjung Enclave pilot area,Delhi,South Delhi,2026-08-06 14:00:00+00:00,27.2,91,4.9,354,0.1,973.4,Open-Meteo archive context,configured pilot anchor
DEL_SFE,Safdarjung Enclave pilot area,Delhi,South Delhi,2026-08-06 15:00:00+00:00,27.0,93,5.2,4,0.0,973.8,Open-Meteo archive context,configured pilot anchor
DEL_SFE,Safdarjung Enclave pilot area,Delhi,South Delhi,2026-08-06 16:00:00+00:00,26.9,93,5.6,29,0.0,974.3,Open-Meteo archive context,configured pilot anchor
DEL_SFE,Safdarjung Enclave pilot area,Delhi,South Delhi,2026-08-06 17:00:00+00:00,26.9,93,3.9,53,0.0,974.3,Open-Meteo archive context,configured pilot anchor
DEL_SFE,Safdarjung Enclave pilot area,Delhi,South Delhi,2026-08-06 18:00:00+00:00,26.7,93,8.4,74,0.0,974.2,Open-Meteo archive context,configured pilot anchor
DEL_SFE,Safdarjung Enclave pilot area,Delhi,South Delhi,2026-08-06 19:00:00+00:00,26.0,97,8.1,86,0.5,974.0,Open-Meteo archive context,configured pilot anchor
DEL_SFE,Safdarjung Enclave pilot area,Delhi,South Delhi,2026-08-06 20:00:00+00:00,25.8,97,3.6,70,1.4,973.7,Open-Meteo archive context,configured pilot anchor
DEL_SFE,Safdarjung Enclave pilot area,Delhi,South Delhi,2026-08-06 21:00:00+00:00,25.7,99,4.1,358,0.5,973.4,Open-Meteo archive context,configured pilot anchor
DEL_SFE,Safdarjung Enclave pilot area,Delhi,South Delhi,2026-08-06 22:00:00+00:00,25.8,98,5.2,6,0.0,973.2,Open-Meteo archive context,configured pilot anchor
DEL_SFE,Safdarjung Enclave pilot area,Delhi,South Delhi,2026-08-06 23:00:00+00:00,25.8,96,5.4,6,0.0,973.3,Open-Meteo archive context,configured pilot anchor
DEL_SFE,Safdarjung Enclave pilot area,Delhi,South Delhi,2026-08-07 00:00:00+00:00,26.1,97,7.5,57,1.8,972.9,Open-Meteo archive context,configured pilot anchor
DEL_SFE,Safdarjung Enclave pilot area,Delhi,South Delhi,2026-08-07 01:00:00+00:00,25.6,93,3.6,319,2.2,973.2,Open-Meteo archive context,configured pilot anchor
DEL_SFE,Safdarjung Enclave pilot area,Delhi,South Delhi,2026-08-07 02:00:00+00:00,26.0,96,5.6,40,2.3,973.7,Open-Meteo archive context,configured pilot anchor
DEL_SFE,Safdarjung Enclave pilot area,Delhi,South Delhi,2026-08-07 03:00:00+00:00,26.4,96,9.1,25,2.3,974.0,Open-Meteo archive context,configured pilot anchor
DEL_SFE,Safdarjung Enclave pilot area,Delhi,South Delhi,2026-08-07 04:00:00+00:00,26.5,95,11.0,24,2.5,974.2,Open-Meteo archive context,configured pilot anchor
DEL_SFE,Safdarjung Enclave pilot area,Delhi,South Delhi,2026-08-07 05:00:00+00:00,26.9,93,10.3,35,3.4,974.3,Open-Meteo archive context,configured pilot anchor
DEL_SFE,Safdarjung Enclave pilot area,Delhi,South Delhi,2026-08-07 06:00:00+00:00,27.8,89,11.2,35,1.0,974.1,Open-Meteo archive context,configured pilot anchor
DEL_SFE,Safdarjung Enclave pilot area,Delhi,South Delhi,2026-08-07 07:00:00+00:00,26.1,96,13.8,53,12.0,973.6,Open-Meteo archive context,configured pilot anchor
DEL_SFE,Safdarjung Enclave pilot area,Delhi,South Delhi,2026-08-07 08:00:00+00:00,26.9,95,14.4,53,2.4,972.9,Open-Meteo archive context,configured pilot anchor
DEL_SFE,Safdarjung Enclave pilot area,Delhi,South Delhi,2026-08-07 09:00:00+00:00,27.8,92,11.4,33,0.9,972.4,Open-Meteo archive context,configured pilot anchor
DEL_SFE,Safdarjung Enclave pilot area,Delhi,South Delhi,2026-08-07 10:00:00+00:00,29.1,80,11.1,22,0.3,972.0,Open-Meteo archive context,configured pilot anchor
DEL_SFE,Safdarjung Enclave pilot area,Delhi,South Delhi,2026-08-07 11:00:00+00:00,28.7,81,12.5,20,0.3,971.8,Open-Meteo archive context,configured pilot anchor
DEL_SFE,Safdarjung Enclave pilot area,Delhi,South Delhi,2026-08-07 12:00:00+00:00,27.0,93,10.2,24,4.9,972.1,Open-Meteo archive context,configured pilot anchor
DEL_SFE,Safdarjung Enclave pilot area,Delhi,South Delhi,2026-08-07 13:00:00+00:00,26.7,95,9.2,39,1.6,972.1,Open-Meteo archive context,configured pilot anchor
DEL_SFE,Safdarjung Enclave pilot area,Delhi,South Delhi,2026-08-07 14:00:00+00:00,26.3,95,8.2,50,1.4,972.9,Open-Meteo archive context,configured pilot anchor
DEL_SFE,Safdarjung Enclave pilot area,Delhi,South Delhi,2026-08-07 15:00:00+00:00,26.5,93,10.5,35,0.1,973.6,Open-Meteo archive context,configured pilot anchor
DEL_SFE,Safdarjung Enclave pilot area,Delhi,South Delhi,2026-08-07 16:00:00+00:00,25.6,97,12.7,47,0.9,974.3,Open-Meteo archive context,configured pilot anchor
DEL_SFE,Safdarjung Enclave pilot area,Delhi,South Delhi,2026-08-07 17:00:00+00:00,25.4,97,10.1,40,3.0,974.6,Open-Meteo archive context,configured pilot anchor
DEL_SFE,Safdarjung Enclave pilot area,Delhi,South Delhi,2026-08-07 18:00:00+00:00,25.6,97,8.9,61,12.6,974.5,Open-Meteo archive context,configured pilot anchor
DEL_SFE,Safdarjung Enclave pilot area,Delhi,South Delhi,2026-08-07 19:00:00+00:00,25.9,96,7.4,26,2.7,974.0,Open-Meteo archive context,configured pilot anchor
DEL_SFE,Safdarjung Enclave pilot area,Delhi,South Delhi,2026-08-07 20:00:00+00:00,25.9,96,10.1,25,0.3,973.5,Open-Meteo archive context,configured pilot anchor
DEL_SFE,Safdarjung Enclave pilot area,Delhi,South Delhi,2026-08-07 21:00:00+00:00,25.1,97,8.7,38,0.7,973.4,Open-Meteo archive context,configured pilot anchor
DEL_SFE,Safdarjung Enclave pilot area,Delhi,South Delhi,2026-08-07 22:00:00+00:00,24.7,99,7.9,13,5.6,973.5,Open-Meteo archive context,configured pilot anchor
DEL_SFE,Safdarjung Enclave pilot area,Delhi,South Delhi,2026-08-07 23:00:00+00:00,24.6,99,7.7,16,6.4,973.5,Open-Meteo archive context,configured pilot anchor
DEL_SFE,Safdarjung Enclave pilot area,Delhi,South Delhi,2026-08-08 00:00:00+00:00,25.6,97,8.4,99,0.2,973.2,Open-Meteo archive context,configured pilot anchor
DEL_SFE,Safdarjung Enclave pilot area,Delhi,South Delhi,2026-08-08 01:00:00+00:00,25.6,96,11.7,104,6.0,973.8,Open-Meteo archive context,configured pilot anchor
DEL_SFE,Safdarjung Enclave pilot area,Delhi,South Delhi,2026-08-08 02:00:00+00:00,25.7,96,9.9,78,1.2,974.2,Open-Meteo archive context,configured pilot anchor
DEL_SFE,Safdarjung Enclave pilot area,Delhi,South Delhi,2026-08-08 03:00:00+00:00,27.0,93,7.0,80,0.3,974.8,Open-Meteo archive context,configured pilot anchor
DEL_SFE,Safdarjung Enclave pilot area,Delhi,South Delhi,2026-08-08 04:00:00+00:00,29.2,87,7.7,91,0.1,975.2,Open-Meteo archive context,configured pilot anchor
DEL_SFE,Safdarjung Enclave pilot area,Delhi,South Delhi,2026-08-08 05:00:00+00:00,30.7,78,12.9,113,0.1,975.1,Open-Meteo archive context,configured pilot anchor
DEL_SFE,Safdarjung Enclave pilot area,Delhi,South Delhi,2026-08-08 06:00:00+00:00,29.6,78,15.8,107,0.5,975.6,Open-Meteo archive context,configured pilot anchor
DEL_SFE,Safdarjung Enclave pilot area,Delhi,South Delhi,2026-08-08 07:00:00+00:00,31.0,74,11.1,113,0.8,975.5,Open-Meteo archive context,configured pilot anchor
DEL_SFE,Safdarjung Enclave pilot area,Delhi,South Delhi,2026-08-08 08:00:00+00:00,30.2,75,14.1,127,1.4,974.9,Open-Meteo archive context,configured pilot anchor
DEL_SFE,Safdarjung Enclave pilot area,Delhi,South Delhi,2026-08-08 09:00:00+00:00,30.6,76,6.9,113,0.7,973.9,Open-Meteo archive context,configured pilot anchor
DEL_SFE,Safdarjung Enclave pilot area,Delhi,South Delhi,2026-08-08 10:00:00+00:00,32.1,68,8.2,122,0.1,973.4,Open-Meteo archive context,configured pilot anchor
DEL_SFE,Safdarjung Enclave pilot area,Delhi,South Delhi,2026-08-08 11:00:00+00:00,31.2,72,8.8,121,0.4,972.7,Open-Meteo archive context,configured pilot anchor
DEL_SFE,Safdarjung Enclave pilot area,Delhi,South Delhi,2026-08-08 12:00:00+00:00,30.9,75,8.8,116,1.3,973.7,Open-Meteo archive context,configured pilot anchor
DEL_SFE,Safdarjung Enclave pilot area,Delhi,South Delhi,2026-08-08 13:00:00+00:00,30.0,80,6.8,115,0.1,973.7,Open-Meteo archive context,configured pilot anchor
DEL_SFE,Safdarjung Enclave pilot area,Delhi,South Delhi,2026-08-08 14:00:00+00:00,29.2,84,5.3,123,0.0,974.1,Open-Meteo archive context,configured pilot anchor
DEL_SFE,Safdarjung Enclave pilot area,Delhi,South Delhi,2026-08-08 15:00:00+00:00,28.9,87,3.4,133,0.0,975.1,Open-Meteo archive context,configured pilot anchor
DEL_SFE,Safdarjung Enclave pilot area,Delhi,South Delhi,2026-08-08 16:00:00+00:00,28.7,88,6.0,106,0.0,975.9,Open-Meteo archive context,configured pilot anchor
DEL_SFE,Safdarjung Enclave pilot area,Delhi,South Delhi,2026-08-08 17:00:00+00:00,28.5,89,4.3,92,0.0,976.4,Open-Meteo archive context,configured pilot anchor
DEL_SFE,Safdarjung Enclave pilot area,Delhi,South Delhi,2026-08-08 18:00:00+00:00,29.1,88,1.2,27,0.0,976.2,Open-Meteo archive context,configured pilot anchor
DEL_SFE,Safdarjung Enclave pilot area,Delhi,South Delhi,2026-08-08 19:00:00+00:00,28.6,89,2.9,47,0.2,976.0,Open-Meteo archive context,configured pilot anchor
DEL_SFE,Safdarjung Enclave pilot area,Delhi,South Delhi,2026-08-08 20:00:00+00:00,28.3,90,3.0,123,0.2,975.8,Open-Meteo archive context,configured pilot anchor
DEL_SFE,Safdarjung Enclave pilot area,Delhi,South Delhi,2026-08-08 21:00:00+00:00,28.2,88,2.8,79,0.1,975.7,Open-Meteo archive context,configured pilot anchor
DEL_SFE,Safdarjung Enclave pilot area,Delhi,South Delhi,2026-08-08 22:00:00+00:00,26.7,95,8.3,92,0.7,975.8,Open-Meteo archive context,configured pilot anchor
DEL_SFE,Safdarjung Enclave pilot area,Delhi,South Delhi,2026-08-08 23:00:00+00:00,26.2,94,8.3,103,0.4,975.7,Open-Meteo archive context,configured pilot anchor
DEL_SFE,Safdarjung Enclave pilot area,Delhi,South Delhi,2026-08-09 00:00:00+00:00,25.1,99,4.4,78,0.1,975.8,Open-Meteo archive context,configured pilot anchor
DEL_SFE,Safdarjung Enclave pilot area,Delhi,South Delhi,2026-08-09 01:00:00+00:00,25.7,96,4.2,100,0.1,976.1,Open-Meteo archive context,configured pilot anchor
DEL_SFE,Safdarjung Enclave pilot area,Delhi,South Delhi,2026-08-09 02:00:00+00:00,27.0,94,2.7,48,0.0,976.6,Open-Meteo archive context,configured pilot anchor
DEL_SFE,Safdarjung Enclave pilot area,Delhi,South Delhi,2026-08-09 03:00:00+00:00,28.9,88,4.0,87,0.0,976.8,Open-Meteo archive context,configured pilot anchor
DEL_SFE,Safdarjung Enclave pilot area,Delhi,South Delhi,2026-08-09 04:00:00+00:00,30.5,79,6.1,104,0.1,977.1,Open-Meteo archive context,configured pilot anchor
DEL_SFE,Safdarjung Enclave pilot area,Delhi,South Delhi,2026-08-09 05:00:00+00:00,31.4,75,7.6,118,0.1,977.3,Open-Meteo archive context,configured pilot anchor
DEL_SFE,Safdarjung Enclave pilot area,Delhi,South Delhi,2026-08-09 06:00:00+00:00,31.2,73,8.4,121,0.0,976.6,Open-Meteo archive context,configured pilot anchor
DEL_SFE,Safdarjung Enclave pilot area,Delhi,South Delhi,2026-08-09 07:00:00+00:00,32.5,67,6.8,117,0.4,976.3,Open-Meteo archive context,configured pilot anchor
DEL_SFE,Safdarjung Enclave pilot area,Delhi,South Delhi,2026-08-09 08:00:00+00:00,33.2,64,5.1,132,0.0,975.6,Open-Meteo archive context,configured pilot anchor
DEL_SFE,Safdarjung Enclave pilot area,Delhi,South Delhi,2026-08-09 09:00:00+00:00,33.7,63,4.8,115,0.0,974.7,Open-Meteo archive context,configured pilot anchor
DEL_SFE,Safdarjung Enclave pilot area,Delhi,South Delhi,2026-08-09 10:00:00+00:00,33.8,62,2.2,81,0.0,974.0,Open-Meteo archive context,configured pilot anchor
DEL_SFE,Safdarjung Enclave pilot area,Delhi,South Delhi,2026-08-09 11:00:00+00:00,33.6,62,3.6,45,0.0,973.4,Open-Meteo archive context,configured pilot anchor
DEL_SFE,Safdarjung Enclave pilot area,Delhi,South Delhi,2026-08-09 12:00:00+00:00,32.9,65,6.7,189,0.6,973.3,Open-Meteo archive context,configured pilot anchor
DEL_SFE,Safdarjung Enclave pilot area,Delhi,South Delhi,2026-08-09 13:00:00+00:00,31.5,76,2.3,360,0.0,973.8,Open-Meteo archive context,configured pilot anchor
DEL_SFE,Safdarjung Enclave pilot area,Delhi,South Delhi,2026-08-09 14:00:00+00:00,30.6,81,4.2,78,0.0,974.4,Open-Meteo archive context,configured pilot anchor
DEL_SFE,Safdarjung Enclave pilot area,Delhi,South Delhi,2026-08-09 15:00:00+00:00,30.1,83,4.6,135,0.0,974.7,Open-Meteo archive context,configured pilot anchor
DEL_SFE,Safdarjung Enclave pilot area,Delhi,South Delhi,2026-08-09 16:00:00+00:00,29.8,84,4.4,148,0.0,975.6,Open-Meteo archive context,configured pilot anchor
DEL_SFE,Safdarjung Enclave pilot area,Delhi,South Delhi,2026-08-09 17:00:00+00:00,29.5,83,5.2,121,0.0,975.9,Open-Meteo archive context,configured pilot anchor
DEL_SFE,Safdarjung Enclave pilot area,Delhi,South Delhi,2026-08-09 18:00:00+00:00,29.9,83,3.5,125,0.0,975.5,Open-Meteo archive context,configured pilot anchor
DEL_SFE,Safdarjung Enclave pilot area,Delhi,South Delhi,2026-08-09 19:00:00+00:00,28.8,86,3.7,191,0.1,975.2,Open-Meteo archive context,configured pilot anchor
DEL_SFE,Safdarjung Enclave pilot area,Delhi,South Delhi,2026-08-09 20:00:00+00:00,27.4,89,10.8,349,0.9,975.1,Open-Meteo archive context,configured pilot anchor
DEL_SFE,Safdarjung Enclave pilot area,Delhi,South Delhi,2026-08-09 21:00:00+00:00,26.5,94,4.6,9,0.3,974.6,Open-Meteo archive context,configured pilot anchor
DEL_SFE,Safdarjung Enclave pilot area,Delhi,South Delhi,2026-08-09 22:00:00+00:00,26.8,94,4.7,86,0.0,974.1,Open-Meteo archive context,configured pilot anchor
DEL_SFE,Safdarjung Enclave pilot area,Delhi,South Delhi,2026-08-09 23:00:00+00:00,27.1,94,5.5,77,0.0,974.6,Open-Meteo archive context,configured pilot anchor
DEL_SFE,Safdarjung Enclave pilot area,Delhi,South Delhi,2026-08-10 00:00:00+00:00,27.7,90,8.5,119,0.0,974.5,Open-Meteo archive context,configured pilot anchor
DEL_SFE,Safdarjung Enclave pilot area,Delhi,South Delhi,2026-08-10 01:00:00+00:00,26.8,92,7.8,119,0.2,975.3,Open-Meteo archive context,configured pilot anchor
DEL_SFE,Safdarjung Enclave pilot area,Delhi,South Delhi,2026-08-10 02:00:00+00:00,27.1,92,6.1,95,0.3,975.3,Open-Meteo archive context,configured pilot anchor
DEL_SFE,Safdarjung Enclave pilot area,Delhi,South Delhi,2026-08-10 03:00:00+00:00,28.2,87,6.7,114,0.0,975.7,Open-Meteo archive context,configured pilot anchor
DEL_SFE,Safdarjung Enclave pilot area,Delhi,South Delhi,2026-08-10 04:00:00+00:00,29.6,82,6.8,125,0.0,975.9,Open-Meteo archive context,configured pilot anchor
DEL_SFE,Safdarjung Enclave pilot area,Delhi,South Delhi,2026-08-10 05:00:00+00:00,30.9,77,4.9,114,0.0,976.0,Open-Meteo archive context,configured pilot anchor
DEL_SFE,Safdarjung Enclave pilot area,Delhi,South Delhi,2026-08-10 06:00:00+00:00,32.9,66,6.0,139,0.0,975.6,Open-Meteo archive context,configured pilot anchor
DEL_SFE,Safdarjung Enclave pilot area,Delhi,South Delhi,2026-08-10 07:00:00+00:00,33.2,64,5.5,131,0.0,975.3,Open-Meteo archive context,configured pilot anchor
DEL_SFE,Safdarjung Enclave pilot area,Delhi,South Delhi,2026-08-10 08:00:00+00:00,31.9,70,8.4,99,0.0,975.0,Open-Meteo archive context,configured pilot anchor
DEL_SFE,Safdarjung Enclave pilot area,Delhi,South Delhi,2026-08-10 09:00:00+00:00,27.7,93,3.3,68,4.8,974.4,Open-Meteo archive context,configured pilot anchor
DEL_SFE,Safdarjung Enclave pilot area,Delhi,South Delhi,2026-08-10 10:00:00+00:00,28.8,86,0.9,307,0.8,974.1,Open-Meteo archive context,configured pilot anchor
DEL_SFE,Safdarjung Enclave pilot area,Delhi,South Delhi,2026-08-10 11:00:00+00:00,28.9,86,2.7,352,0.2,973.3,Open-Meteo archive context,configured pilot anchor
DEL_SFE,Safdarjung Enclave pilot area,Delhi,South Delhi,2026-08-10 12:00:00+00:00,29.4,88,6.4,27,0.0,973.6,Open-Meteo archive context,configured pilot anchor
DEL_SFE,Safdarjung Enclave pilot area,Delhi,South Delhi,2026-08-10 13:00:00+00:00,29.2,89,7.0,44,0.1,973.8,Open-Meteo archive context,configured pilot anchor
DEL_SFE,Safdarjung Enclave pilot area,Delhi,South Delhi,2026-08-10 14:00:00+00:00,28.7,90,7.1,63,0.0,974.2,Open-Meteo archive context,configured pilot anchor
DEL_SFE,Safdarjung Enclave pilot area,Delhi,South Delhi,2026-08-10 15:00:00+00:00,28.5,91,5.5,79,0.0,975.1,Open-Meteo archive context,configured pilot anchor
DEL_SFE,Safdarjung Enclave pilot area,Delhi,South Delhi,2026-08-10 16:00:00+00:00,28.3,92,4.5,95,0.0,975.7,Open-Meteo archive context,configured pilot anchor
DEL_SFE,Safdarjung Enclave pilot area,Delhi,South Delhi,2026-08-10 17:00:00+00:00,28.1,93,4.4,83,0.0,975.5,Open-Meteo archive context,configured pilot anchor
DEL_SFE,Safdarjung Enclave pilot area,Delhi,South Delhi,2026-08-10 18:00:00+00:00,27.8,98,8.2,61,0.0,974.6,Open-Meteo archive context,configured pilot anchor
DEL_SFE,Safdarjung Enclave pilot area,Delhi,South Delhi,2026-08-10 19:00:00+00:00,27.7,94,9.7,91,0.2,974.5,Open-Meteo archive context,configured pilot anchor
DEL_SFE,Safdarjung Enclave pilot area,Delhi,South Delhi,2026-08-10 20:00:00+00:00,27.3,96,8.8,113,0.1,974.5,Open-Meteo archive context,configured pilot anchor
DEL_SFE,Safdarjung Enclave pilot area,Delhi,South Delhi,2026-08-10 21:00:00+00:00,27.2,96,9.2,106,0.0,974.5,Open-Meteo archive context,configured pilot anchor
DEL_SFE,Safdarjung Enclave pilot area,Delhi,South Delhi,2026-08-10 22:00:00+00:00,27.1,96,8.3,106,0.1,974.2,Open-Meteo archive context,configured pilot anchor
DEL_SFE,Safdarjung Enclave pilot area,Delhi,South Delhi,2026-08-10 23:00:00+00:00,27.0,91,8.1,127,0.3,974.5,Open-Meteo archive context,configured pilot anchor
DEL_SFE,Safdarjung Enclave pilot area,Delhi,South Delhi,2026-08-11 00:00:00+00:00,26.7,95,8.1,149,0.3,974.8,Open-Meteo archive context,configured pilot anchor
DEL_SFE,Safdarjung Enclave pilot area,Delhi,South Delhi,2026-08-11 01:00:00+00:00,26.8,95,7.6,128,0.0,975.0,Open-Meteo archive context,configured pilot anchor
DEL_SFE,Safdarjung Enclave pilot area,Delhi,South Delhi,2026-08-11 02:00:00+00:00,27.6,89,8.5,159,0.0,975.7,Open-Meteo archive context,configured pilot anchor
DEL_SFE,Safdarjung Enclave pilot area,Delhi,South Delhi,2026-08-11 03:00:00+00:00,28.6,85,6.9,163,0.0,976.0,Open-Meteo archive context,configured pilot anchor
DEL_SFE,Safdarjung Enclave pilot area,Delhi,South Delhi,2026-08-11 04:00:00+00:00,29.5,82,5.9,157,0.0,976.3,Open-Meteo archive context,configured pilot anchor
DEL_SFE,Safdarjung Enclave pilot area,Delhi,South Delhi,2026-08-11 05:00:00+00:00,30.2,81,4.3,114,0.1,976.6,Open-Meteo archive context,configured pilot anchor
DEL_SFE,Safdarjung Enclave pilot area,Delhi,South Delhi,2026-08-11 06:00:00+00:00,30.4,81,2.2,104,0.3,976.4,Open-Meteo archive context,configured pilot anchor
DEL_SFE,Safdarjung Enclave pilot area,Delhi,South Delhi,2026-08-11 07:00:00+00:00,28.6,88,7.2,63,2.8,975.9,Open-Meteo archive context,configured pilot anchor
DEL_SFE,Safdarjung Enclave pilot area,Delhi,South Delhi,2026-08-11 08:00:00+00:00,27.9,92,5.1,80,5.4,975.6,Open-Meteo archive context,configured pilot anchor
DEL_SFE,Safdarjung Enclave pilot area,Delhi,South Delhi,2026-08-11 09:00:00+00:00,28.5,91,3.6,60,1.4,974.8,Open-Meteo archive context,configured pilot anchor
DEL_SFE,Safdarjung Enclave pilot area,Delhi,South Delhi,2026-08-11 10:00:00+00:00,29.9,83,5.2,56,0.3,973.6,Open-Meteo archive context,configured pilot anchor
DEL_SFE,Safdarjung Enclave pilot area,Delhi,South Delhi,2026-08-11 11:00:00+00:00,30.4,79,4.8,34,0.0,973.4,Open-Meteo archive context,configured pilot anchor
DEL_SFE,Safdarjung Enclave pilot area,Delhi,South Delhi,2026-08-11 12:00:00+00:00,30.1,79,4.2,80,0.1,973.8,Open-Meteo archive context,configured pilot anchor
DEL_SFE,Safdarjung Enclave pilot area,Delhi,South Delhi,2026-08-11 13:00:00+00:00,29.8,82,3.1,90,0.0,973.7,Open-Meteo archive context,configured pilot anchor
DEL_SFE,Safdarjung Enclave pilot area,Delhi,South Delhi,2026-08-11 14:00:00+00:00,29.1,88,2.1,160,0.5,974.2,Open-Meteo archive context,configured pilot anchor
DEL_SFE,Safdarjung Enclave pilot area,Delhi,South Delhi,2026-08-11 15:00:00+00:00,28.8,90,3.2,109,0.5,975.1,Open-Meteo archive context,configured pilot anchor
DEL_SFE,Safdarjung Enclave pilot area,Delhi,South Delhi,2026-08-11 16:00:00+00:00,28.5,92,2.9,137,0.1,975.9,Open-Meteo archive context,configured pilot anchor
DEL_SFE,Safdarjung Enclave pilot area,Delhi,South Delhi,2026-08-11 17:00:00+00:00,28.1,94,3.9,152,0.0,976.1,Open-Meteo archive context,configured pilot anchor
DEL_SFE,Safdarjung Enclave pilot area,Delhi,South Delhi,2026-08-11 18:00:00+00:00,28.4,90,5.5,134,0.0,975.6,Open-Meteo archive context,configured pilot anchor
DEL_SFE,Safdarjung Enclave pilot area,Delhi,South Delhi,2026-08-11 19:00:00+00:00,28.1,92,3.7,169,0.0,975.5,Open-Meteo archive context,configured pilot anchor
DEL_SFE,Safdarjung Enclave pilot area,Delhi,South Delhi,2026-08-11 20:00:00+00:00,28.1,92,0.3,315,0.0,975.5,Open-Meteo archive context,configured pilot anchor
DEL_SFE,Safdarjung Enclave pilot area,Delhi,South Delhi,2026-08-11 21:00:00+00:00,27.7,94,2.7,48,0.0,975.5,Open-Meteo archive context,configured pilot anchor
DEL_SFE,Safdarjung Enclave pilot area,Delhi,South Delhi,2026-08-11 22:00:00+00:00,27.4,93,4.3,62,0.0,975.5,Open-Meteo archive context,configured pilot anchor
DEL_SFE,Safdarjung Enclave pilot area,Delhi,South Delhi,2026-08-11 23:00:00+00:00,27.2,94,2.9,68,0.0,975.6,Open-Meteo archive context,configured pilot anchor
DEL_SFE,Safdarjung Enclave pilot area,Delhi,South Delhi,2026-08-12 00:00:00+00:00,27.5,97,1.5,76,0.0,975.5,Open-Meteo archive context,configured pilot anchor
DEL_SFE,Safdarjung Enclave pilot area,Delhi,South Delhi,2026-08-12 01:00:00+00:00,27.6,95,2.8,35,0.0,975.8,Open-Meteo archive context,configured pilot anchor
DEL_SFE,Safdarjung Enclave pilot area,Delhi,South Delhi,2026-08-12 02:00:00+00:00,28.6,92,2.9,349,0.0,976.0,Open-Meteo archive context,configured pilot anchor
DEL_SFE,Safdarjung Enclave pilot area,Delhi,South Delhi,2026-08-12 03:00:00+00:00,29.9,83,2.9,349,0.0,976.5,Open-Meteo archive context,configured pilot anchor
DEL_SFE,Safdarjung Enclave pilot area,Delhi,South Delhi,2026-08-12 04:00:00+00:00,31.0,75,3.6,357,0.1,976.7,Open-Meteo archive context,configured pilot anchor
DEL_SFE,Safdarjung Enclave pilot area,Delhi,South Delhi,2026-08-12 05:00:00+00:00,31.8,71,2.9,11,0.3,976.7,Open-Meteo archive context,configured pilot anchor
DEL_SFE,Safdarjung Enclave pilot area,Delhi,South Delhi,2026-08-12 06:00:00+00:00,32.9,65,4.2,350,0.3,976.4,Open-Meteo archive context,configured pilot anchor
DEL_SFE,Safdarjung Enclave pilot area,Delhi,South Delhi,2026-08-12 07:00:00+00:00,33.4,64,3.7,337,0.1,976.0,Open-Meteo archive context,configured pilot anchor
DEL_SFE,Safdarjung Enclave pilot area,Delhi,South Delhi,2026-08-12 08:00:00+00:00,33.9,62,2.5,339,0.1,975.0,Open-Meteo archive context,configured pilot anchor
DEL_SFE,Safdarjung Enclave pilot area,Delhi,South Delhi,2026-08-12 09:00:00+00:00,34.2,61,0.8,27,0.1,974.5,Open-Meteo archive context,configured pilot anchor
DEL_SFE,Safdarjung Enclave pilot area,Delhi,South Delhi,2026-08-12 10:00:00+00:00,34.4,60,0.8,243,0.0,974.2,Open-Meteo archive context,configured pilot anchor
DEL_SFE,Safdarjung Enclave pilot area,Delhi,South Delhi,2026-08-12 11:00:00+00:00,34.2,61,1.5,256,0.0,973.5,Open-Meteo archive context,configured pilot anchor
DEL_SFE,Safdarjung Enclave pilot area,Delhi,South Delhi,2026-08-12 12:00:00+00:00,33.5,67,1.9,214,0.3,973.8,Open-Meteo archive context,configured pilot anchor
DEL_SFE,Safdarjung Enclave pilot area,Delhi,South Delhi,2026-08-12 13:00:00+00:00,29.6,88,11.1,240,0.7,974.8,Open-Meteo archive context,configured pilot anchor
DEL_SFE,Safdarjung Enclave pilot area,Delhi,South Delhi,2026-08-12 14:00:00+00:00,28.4,93,10.1,237,0.0,975.8,Open-Meteo archive context,configured pilot anchor
DEL_SFE,Safdarjung Enclave pilot area,Delhi,South Delhi,2026-08-12 15:00:00+00:00,27.9,92,2.2,222,0.0,976.0,Open-Meteo archive context,configured pilot anchor
DEL_SFE,Safdarjung Enclave pilot area,Delhi,South Delhi,2026-08-12 16:00:00+00:00,28.0,93,5.6,225,0.0,977.0,Open-Meteo archive context,configured pilot anchor
DEL_SFE,Safdarjung Enclave pilot area,Delhi,South Delhi,2026-08-12 17:00:00+00:00,27.9,94,6.5,182,0.0,977.3,Open-Meteo archive context,configured pilot anchor
DEL_SFE,Safdarjung Enclave pilot area,Delhi,South Delhi,2026-08-12 18:00:00+00:00,29.5,87,5.7,171,0.0,977.2,Open-Meteo archive context,configured pilot anchor
DEL_SFE,Safdarjung Enclave pilot area,Delhi,South Delhi,2026-08-12 19:00:00+00:00,28.9,89,4.0,185,0.0,977.3,Open-Meteo archive context,configured pilot anchor
DEL_SFE,Safdarjung Enclave pilot area,Delhi,South Delhi,2026-08-12 20:00:00+00:00,28.7,89,3.8,211,0.0,976.5,Open-Meteo archive context,configured pilot anchor
DEL_SFE,Safdarjung Enclave pilot area,Delhi,South Delhi,2026-08-12 21:00:00+00:00,28.4,89,6.0,245,0.0,976.0,Open-Meteo archive context,configured pilot anchor
DEL_SFE,Safdarjung Enclave pilot area,Delhi,South Delhi,2026-08-12 22:00:00+00:00,28.1,91,6.3,275,0.0,976.1,Open-Meteo archive context,configured pilot anchor
DEL_SFE,Safdarjung Enclave pilot area,Delhi,South Delhi,2026-08-12 23:00:00+00:00,27.7,94,4.0,270,0.0,975.8,Open-Meteo archive context,configured pilot anchor
DEL_SFE,Safdarjung Enclave pilot area,Delhi,South Delhi,2026-08-13 00:00:00+00:00,26.7,97,5.0,257,0.0,975.8,Open-Meteo archive context,configured pilot anchor
DEL_SFE,Safdarjung Enclave pilot area,Delhi,South Delhi,2026-08-13 01:00:00+00:00,26.4,98,9.2,250,0.6,976.2,Open-Meteo archive context,configured pilot anchor
DEL_SFE,Safdarjung Enclave pilot area,Delhi,South Delhi,2026-08-13 02:00:00+00:00,27.8,95,6.7,289,0.0,976.3,Open-Meteo archive context,configured pilot anchor
DEL_SFE,Safdarjung Enclave pilot area,Delhi,South Delhi,2026-08-13 03:00:00+00:00,29.9,83,3.6,327,0.0,976.1,Open-Meteo archive context,configured pilot anchor
DEL_SFE,Safdarjung Enclave pilot area,Delhi,South Delhi,2026-08-13 04:00:00+00:00,31.6,76,3.1,329,0.0,976.4,Open-Meteo archive context,configured pilot anchor
DEL_SFE,Safdarjung Enclave pilot area,Delhi,South Delhi,2026-08-13 05:00:00+00:00,32.7,70,1.3,352,0.0,976.7,Open-Meteo archive context,configured pilot anchor
DEL_SFE,Safdarjung Enclave pilot area,Delhi,South Delhi,2026-08-13 06:00:00+00:00,33.2,66,2.5,315,0.2,976.7,Open-Meteo archive context,configured pilot anchor
DEL_SFE,Safdarjung Enclave pilot area,Delhi,South Delhi,2026-08-13 07:00:00+00:00,33.6,65,2.2,265,0.0,976.3,Open-Meteo archive context,configured pilot anchor
DEL_SFE,Safdarjung Enclave pilot area,Delhi,South Delhi,2026-08-13 08:00:00+00:00,31.5,73,7.8,241,1.1,975.6,Open-Meteo archive context,configured pilot anchor
DEL_SFE,Safdarjung Enclave pilot area,Delhi,South Delhi,2026-08-13 09:00:00+00:00,32.6,71,2.1,239,0.3,974.9,Open-Meteo archive context,configured pilot anchor
DEL_SFE,Safdarjung Enclave pilot area,Delhi,South Delhi,2026-08-13 10:00:00+00:00,33.3,67,6.0,295,0.2,974.2,Open-Meteo archive context,configured pilot anchor
DEL_SFE,Safdarjung Enclave pilot area,Delhi,South Delhi,2026-08-13 11:00:00+00:00,33.2,67,5.4,290,0.0,973.5,Open-Meteo archive context,configured pilot anchor
DEL_SFE,Safdarjung Enclave pilot area,Delhi,South Delhi,2026-08-13 12:00:00+00:00,30.9,86,6.7,59,0.2,973.9,Open-Meteo archive context,configured pilot anchor
DEL_SFE,Safdarjung Enclave pilot area,Delhi,South Delhi,2026-08-13 13:00:00+00:00,30.8,84,1.3,34,0.0,974.2,Open-Meteo archive context,configured pilot anchor
DEL_SFE,Safdarjung Enclave pilot area,Delhi,South Delhi,2026-08-13 14:00:00+00:00,30.2,88,3.0,163,0.0,974.7,Open-Meteo archive context,configured pilot anchor
DEL_SFE,Safdarjung Enclave pilot area,Delhi,South Delhi,2026-08-13 15:00:00+00:00,30.0,90,3.1,216,0.0,975.4,Open-Meteo archive context,configured pilot anchor
DEL_SFE,Safdarjung Enclave pilot area,Delhi,South Delhi,2026-08-13 16:00:00+00:00,30.1,88,3.0,213,0.0,976.0,Open-Meteo archive context,configured pilot anchor
DEL_SFE,Safdarjung Enclave pilot area,Delhi,South Delhi,2026-08-13 17:00:00+00:00,29.9,86,4.2,211,0.0,976.0,Open-Meteo archive context,configured pilot anchor
DEL_SFE,Safdarjung Enclave pilot area,Delhi,South Delhi,2026-08-13 18:00:00+00:00,30.2,88,2.7,212,0.0,975.4,Open-Meteo archive context,configured pilot anchor
DEL_SFE,Safdarjung Enclave pilot area,Delhi,South Delhi,2026-08-13 19:00:00+00:00,29.7,89,3.6,225,0.0,975.1,Open-Meteo archive context,configured pilot anchor
DEL_SFE,Safdarjung Enclave pilot area,Delhi,South Delhi,2026-08-13 20:00:00+00:00,29.3,89,3.4,227,0.0,974.8,Open-Meteo archive context,configured pilot anchor
DEL_SFE,Safdarjung Enclave pilot area,Delhi,South Delhi,2026-08-13 21:00:00+00:00,28.9,90,4.4,243,0.0,974.7,Open-Meteo archive context,configured pilot anchor
DEL_SFE,Safdarjung Enclave pilot area,Delhi,South Delhi,2026-08-13 22:00:00+00:00,28.7,90,4.7,247,0.0,974.4,Open-Meteo archive context,configured pilot anchor
DEL_SFE,Safdarjung Enclave pilot area,Delhi,South Delhi,2026-08-13 23:00:00+00:00,28.4,91,4.8,255,0.0,974.6,Open-Meteo archive context,configured pilot anchor
DEL_SFE,Safdarjung Enclave pilot area,Delhi,South Delhi,2026-08-14 00:00:00+00:00,27.1,97,2.0,207,0.0,974.5,Open-Meteo archive context,configured pilot anchor
DEL_SFE,Safdarjung Enclave pilot area,Delhi,South Delhi,2026-08-14 01:00:00+00:00,27.0,97,3.5,99,1.6,975.5,Open-Meteo archive context,configured pilot anchor
DEL_SFE,Safdarjung Enclave pilot area,Delhi,South Delhi,2026-08-14 02:00:00+00:00,27.6,94,3.8,149,1.1,976.1,Open-Meteo archive context,configured pilot anchor
DEL_SFE,Safdarjung Enclave pilot area,Delhi,South Delhi,2026-08-14 03:00:00+00:00,28.4,90,1.9,163,0.3,976.9,Open-Meteo archive context,configured pilot anchor
DEL_SFE,Safdarjung Enclave pilot area,Delhi,South Delhi,2026-08-14 04:00:00+00:00,28.7,88,3.9,286,0.1,976.7,Open-Meteo archive context,configured pilot anchor
DEL_SFE,Safdarjung Enclave pilot area,Delhi,South Delhi,2026-08-14 05:00:00+00:00,30.0,80,2.4,279,0.0,976.8,Open-Meteo archive context,configured pilot anchor
DEL_SFE,Safdarjung Enclave pilot area,Delhi,South Delhi,2026-08-14 06:00:00+00:00,30.2,80,4.7,288,0.1,977.3,Open-Meteo archive context,configured pilot anchor
DEL_SFE,Safdarjung Enclave pilot area,Delhi,South Delhi,2026-08-14 07:00:00+00:00,30.6,81,2.4,347,1.0,977.7,Open-Meteo archive context,configured pilot anchor
DEL_SFE,Safdarjung Enclave pilot area,Delhi,South Delhi,2026-08-14 08:00:00+00:00,30.9,80,1.7,72,0.4,976.9,Open-Meteo archive context,configured pilot anchor
DEL_SFE,Safdarjung Enclave pilot area,Delhi,South Delhi,2026-08-14 09:00:00+00:00,30.3,81,3.8,19,0.4,976.7,Open-Meteo archive context,configured pilot anchor
DEL_SFE,Safdarjung Enclave pilot area,Delhi,South Delhi,2026-08-14 10:00:00+00:00,27.6,92,1.8,186,5.4,976.3,Open-Meteo archive context,configured pilot anchor
DEL_SFE,Safdarjung Enclave pilot area,Delhi,South Delhi,2026-08-14 11:00:00+00:00,28.0,91,2.3,176,1.0,975.3,Open-Meteo archive context,configured pilot anchor
DEL_SFE,Safdarjung Enclave pilot area,Delhi,South Delhi,2026-08-14 12:00:00+00:00,30.1,79,4.0,69,0.2,975.1,Open-Meteo archive context,configured pilot anchor
DEL_SFE,Safdarjung Enclave pilot area,Delhi,South Delhi,2026-08-14 13:00:00+00:00,29.5,82,3.5,81,0.0,975.2,Open-Meteo archive context,configured pilot anchor
DEL_SFE,Safdarjung Enclave pilot area,Delhi,South Delhi,2026-08-14 14:00:00+00:00,28.8,87,4.3,75,0.0,975.8,Open-Meteo archive context,configured pilot anchor
DEL_SFE,Safdarjung Enclave pilot area,Delhi,South Delhi,2026-08-14 15:00:00+00:00,28.4,89,6.0,95,0.0,976.2,Open-Meteo archive context,configured pilot anchor
DEL_SFE,Safdarjung Enclave pilot area,Delhi,South Delhi,2026-08-14 16:00:00+00:00,28.0,91,3.0,142,0.0,977.0,Open-Meteo archive context,configured pilot anchor
DEL_SFE,Safdarjung Enclave pilot area,Delhi,South Delhi,2026-08-14 17:00:00+00:00,27.8,92,3.8,169,0.0,976.8,Open-Meteo archive context,configured pilot anchor
DEL_SFE,Safdarjung Enclave pilot area,Delhi,South Delhi,2026-08-14 18:00:00+00:00,28.0,89,3.8,185,0.0,976.4,Open-Meteo archive context,configured pilot anchor
DEL_SFE,Safdarjung Enclave pilot area,Delhi,South Delhi,2026-08-14 19:00:00+00:00,27.7,92,2.1,195,0.0,976.3,Open-Meteo archive context,configured pilot anchor
DEL_SFE,Safdarjung Enclave pilot area,Delhi,South Delhi,2026-08-14 20:00:00+00:00,27.4,93,1.8,246,0.0,976.2,Open-Meteo archive context,configured pilot anchor
DEL_SFE,Safdarjung Enclave pilot area,Delhi,South Delhi,2026-08-14 21:00:00+00:00,27.2,95,2.2,204,0.0,976.3,Open-Meteo archive context,configured pilot anchor
DEL_SFE,Safdarjung Enclave pilot area,Delhi,South Delhi,2026-08-14 22:00:00+00:00,27.1,95,3.8,180,0.0,975.9,Open-Meteo archive context,configured pilot anchor
DEL_SFE,Safdarjung Enclave pilot area,Delhi,South Delhi,2026-08-14 23:00:00+00:00,27.0,95,1.9,197,0.0,976.2,Open-Meteo archive context,configured pilot anchor
DEL_SFE,Safdarjung Enclave pilot area,Delhi,South Delhi,2026-08-15 00:00:00+00:00,26.5,97,6.6,215,0.0,976.4,Open-Meteo archive context,configured pilot anchor
DEL_SFE,Safdarjung Enclave pilot area,Delhi,South Delhi,2026-08-15 01:00:00+00:00,26.6,97,2.8,220,1.0,976.8,Open-Meteo archive context,configured pilot anchor
DEL_SFE,Safdarjung Enclave pilot area,Delhi,South Delhi,2026-08-15 02:00:00+00:00,26.8,98,2.8,63,1.0,977.1,Open-Meteo archive context,configured pilot anchor
DEL_SFE,Safdarjung Enclave pilot area,Delhi,South Delhi,2026-08-15 03:00:00+00:00,27.5,95,3.1,97,0.5,977.7,Open-Meteo archive context,configured pilot anchor
DEL_SFE,Safdarjung Enclave pilot area,Delhi,South Delhi,2026-08-15 04:00:00+00:00,28.3,90,3.2,87,0.1,977.9,Open-Meteo archive context,configured pilot anchor
DEL_SFE,Safdarjung Enclave pilot area,Delhi,South Delhi,2026-08-15 05:00:00+00:00,29.7,84,0.4,297,0.0,977.9,Open-Meteo archive context,configured pilot anchor
DEL_SFE,Safdarjung Enclave pilot area,Delhi,South Delhi,2026-08-15 06:00:00+00:00,31.8,73,6.0,314,0.1,977.7,Open-Meteo archive context,configured pilot anchor
DEL_SFE,Safdarjung Enclave pilot area,Delhi,South Delhi,2026-08-15 07:00:00+00:00,31.9,74,8.5,318,0.6,976.8,Open-Meteo archive context,configured pilot anchor
DEL_SFE,Safdarjung Enclave pilot area,Delhi,South Delhi,2026-08-15 08:00:00+00:00,31.1,81,7.6,360,0.9,976.4,Open-Meteo archive context,configured pilot anchor
DEL_SFE,Safdarjung Enclave pilot area,Delhi,South Delhi,2026-08-15 09:00:00+00:00,32.2,73,4.1,345,0.2,975.5,Open-Meteo archive context,configured pilot anchor
DEL_SFE,Safdarjung Enclave pilot area,Delhi,South Delhi,2026-08-15 10:00:00+00:00,32.5,68,7.5,320,0.1,974.5,Open-Meteo archive context,configured pilot anchor
DEL_SFE,Safdarjung Enclave pilot area,Delhi,South Delhi,2026-08-15 11:00:00+00:00,32.4,67,6.4,306,0.0,973.9,Open-Meteo archive context,configured pilot anchor
DEL_SFE,Safdarjung Enclave pilot area,Delhi,South Delhi,2026-08-15 12:00:00+00:00,31.6,74,8.2,320,0.0,973.8,Open-Meteo archive context,configured pilot anchor
DEL_SFE,Safdarjung Enclave pilot area,Delhi,South Delhi,2026-08-15 13:00:00+00:00,31.2,79,4.2,265,0.0,974.0,Open-Meteo archive context,configured pilot anchor
DEL_SFE,Safdarjung Enclave pilot area,Delhi,South Delhi,2026-08-15 14:00:00+00:00,30.5,84,4.6,234,0.0,974.5,Open-Meteo archive context,configured pilot anchor
DEL_SFE,Safdarjung Enclave pilot area,Delhi,South Delhi,2026-08-15 15:00:00+00:00,30.0,87,4.1,236,0.0,975.2,Open-Meteo archive context,configured pilot anchor
DEL_SFE,Safdarjung Enclave pilot area,Delhi,South Delhi,2026-08-15 16:00:00+00:00,29.7,87,4.5,241,0.0,975.5,Open-Meteo archive context,configured pilot anchor
DEL_SFE,Safdarjung Enclave pilot area,Delhi,South Delhi,2026-08-15 17:00:00+00:00,29.2,88,3.6,229,0.0,975.8,Open-Meteo archive context,configured pilot anchor
DEL_SFE,Safdarjung Enclave pilot area,Delhi,South Delhi,2026-08-15 18:00:00+00:00,29.0,86,8.3,221,0.0,975.4,Open-Meteo archive context,configured pilot anchor
DEL_SFE,Safdarjung Enclave pilot area,Delhi,South Delhi,2026-08-15 19:00:00+00:00,28.7,89,7.6,227,0.0,975.3,Open-Meteo archive context,configured pilot anchor
DEL_SFE,Safdarjung Enclave pilot area,Delhi,South Delhi,2026-08-15 20:00:00+00:00,28.6,89,7.0,247,0.0,974.8,Open-Meteo archive context,configured pilot anchor
DEL_SFE,Safdarjung Enclave pilot area,Delhi,South Delhi,2026-08-15 21:00:00+00:00,28.4,88,5.5,297,0.1,974.4,Open-Meteo archive context,configured pilot anchor
DEL_SFE,Safdarjung Enclave pilot area,Delhi,South Delhi,2026-08-15 22:00:00+00:00,26.2,94,4.0,339,2.9,974.2,Open-Meteo archive context,configured pilot anchor
DEL_SFE,Safdarjung Enclave pilot area,Delhi,South Delhi,2026-08-15 23:00:00+00:00,26.4,95,7.9,246,0.3,974.1,Open-Meteo archive context,configured pilot anchor
DEL_SFE,Safdarjung Enclave pilot area,Delhi,South Delhi,2026-08-16 00:00:00+00:00,27.9,87,10.4,271,0.0,973.8,Open-Meteo archive context,configured pilot anchor
DEL_SFE,Safdarjung Enclave pilot area,Delhi,South Delhi,2026-08-16 01:00:00+00:00,27.9,85,8.8,289,0.1,974.7,Open-Meteo archive context,configured pilot anchor
DEL_SFE,Safdarjung Enclave pilot area,Delhi,South Delhi,2026-08-16 02:00:00+00:00,28.3,84,8.6,268,0.2,975.0,Open-Meteo archive context,configured pilot anchor
DEL_SFE,Safdarjung Enclave pilot area,Delhi,South Delhi,2026-08-16 03:00:00+00:00,29.4,79,8.3,269,0.1,975.4,Open-Meteo archive context,configured pilot anchor
DEL_SFE,Safdarjung Enclave pilot area,Delhi,South Delhi,2026-08-16 04:00:00+00:00,30.5,74,8.6,280,0.0,975.5,Open-Meteo archive context,configured pilot anchor
DEL_SFE,Safdarjung Enclave pilot area,Delhi,South Delhi,2026-08-16 05:00:00+00:00,31.9,69,8.2,284,0.0,975.5,Open-Meteo archive context,configured pilot anchor
DEL_SFE,Safdarjung Enclave pilot area,Delhi,South Delhi,2026-08-16 06:00:00+00:00,32.8,64,8.4,301,0.0,975.4,Open-Meteo archive context,configured pilot anchor
DEL_SFE,Safdarjung Enclave pilot area,Delhi,South Delhi,2026-08-16 07:00:00+00:00,33.1,64,7.5,310,0.2,975.0,Open-Meteo archive context,configured pilot anchor
DEL_SFE,Safdarjung Enclave pilot area,Delhi,South Delhi,2026-08-16 08:00:00+00:00,33.3,64,6.4,310,0.0,974.8,Open-Meteo archive context,configured pilot anchor
DEL_SFE,Safdarjung Enclave pilot area,Delhi,South Delhi,2026-08-16 09:00:00+00:00,33.1,65,7.7,270,0.0,973.9,Open-Meteo archive context,configured pilot anchor
DEL_SFE,Safdarjung Enclave pilot area,Delhi,South Delhi,2026-08-16 10:00:00+00:00,33.3,64,9.0,269,0.1,973.1,Open-Meteo archive context,configured pilot anchor
DEL_SFE,Safdarjung Enclave pilot area,Delhi,South Delhi,2026-08-16 11:00:00+00:00,33.1,64,9.4,272,0.1,972.8,Open-Meteo archive context,configured pilot anchor
DEL_SFE,Safdarjung Enclave pilot area,Delhi,South Delhi,2026-08-16 12:00:00+00:00,31.9,74,4.9,280,0.1,973.7,Open-Meteo archive context,configured pilot anchor
DEL_SFE,Safdarjung Enclave pilot area,Delhi,South Delhi,2026-08-16 13:00:00+00:00,31.0,79,3.1,280,0.0,973.8,Open-Meteo archive context,configured pilot anchor
DEL_SFE,Safdarjung Enclave pilot area,Delhi,South Delhi,2026-08-16 14:00:00+00:00,30.3,83,4.3,197,0.4,974.3,Open-Meteo archive context,configured pilot anchor
DEL_SFE,Safdarjung Enclave pilot area,Delhi,South Delhi,2026-08-16 15:00:00+00:00,29.6,87,4.3,156,0.3,975.1,Open-Meteo archive context,configured pilot anchor
DEL_SFE,Safdarjung Enclave pilot area,Delhi,South Delhi,2026-08-16 16:00:00+00:00,29.2,88,6.7,183,0.0,975.6,Open-Meteo archive context,configured pilot anchor
DEL_SFE,Safdarjung Enclave pilot area,Delhi,South Delhi,2026-08-16 17:00:00+00:00,29.0,88,5.6,205,0.0,975.8,Open-Meteo archive context,configured pilot anchor
DEL_SFE,Safdarjung Enclave pilot area,Delhi,South Delhi,2026-08-16 18:00:00+00:00,29.1,86,6.1,204,0.0,975.1,Open-Meteo archive context,configured pilot anchor
DEL_SFE,Safdarjung Enclave pilot area,Delhi,South Delhi,2026-08-16 19:00:00+00:00,28.5,86,8.0,214,0.0,974.9,Open-Meteo archive context,configured pilot anchor
DEL_SFE,Safdarjung Enclave pilot area,Delhi,South Delhi,2026-08-16 20:00:00+00:00,28.3,86,6.7,301,0.0,974.8,Open-Meteo archive context,configured pilot anchor
DEL_SFE,Safdarjung Enclave pilot area,Delhi,South Delhi,2026-08-16 21:00:00+00:00,27.9,88,6.2,249,0.0,974.3,Open-Meteo archive context,configured pilot anchor
DEL_SFE,Safdarjung Enclave pilot area,Delhi,South Delhi,2026-08-16 22:00:00+00:00,27.8,86,8.0,252,0.0,974.3,Open-Meteo archive context,configured pilot anchor
DEL_SFE,Safdarjung Enclave pilot area,Delhi,South Delhi,2026-08-16 23:00:00+00:00,27.5,83,8.5,253,0.0,974.3,Open-Meteo archive context,configured pilot anchor
DEL_SFE,Safdarjung Enclave pilot area,Delhi,South Delhi,2026-08-17 00:00:00+00:00,28.4,79,11.6,257,0.0,974.7,Open-Meteo archive context,configured pilot anchor
DEL_SFE,Safdarjung Enclave pilot area,Delhi,South Delhi,2026-08-17 01:00:00+00:00,28.0,80,10.1,266,0.0,975.3,Open-Meteo archive context,configured pilot anchor
DEL_SFE,Safdarjung Enclave pilot area,Delhi,South Delhi,2026-08-17 02:00:00+00:00,28.6,79,10.1,275,0.0,975.8,Open-Meteo archive context,configured pilot anchor
DEL_SFE,Safdarjung Enclave pilot area,Delhi,South Delhi,2026-08-17 03:00:00+00:00,29.5,76,10.3,311,0.0,976.3,Open-Meteo archive context,configured pilot anchor
DEL_SFE,Safdarjung Enclave pilot area,Delhi,South Delhi,2026-08-17 04:00:00+00:00,30.3,74,8.6,296,0.0,976.6,Open-Meteo archive context,configured pilot anchor
DEL_SFE,Safdarjung Enclave pilot area,Delhi,South Delhi,2026-08-17 05:00:00+00:00,31.3,71,8.8,289,0.0,976.9,Open-Meteo archive context,configured pilot anchor
DEL_SFE,Safdarjung Enclave pilot area,Delhi,South Delhi,2026-08-17 06:00:00+00:00,32.5,65,11.0,296,0.0,976.8,Open-Meteo archive context,configured pilot anchor
DEL_SFE,Safdarjung Enclave pilot area,Delhi,South Delhi,2026-08-17 07:00:00+00:00,33.0,64,9.3,294,0.0,976.1,Open-Meteo archive context,configured pilot anchor
DEL_SFE,Safdarjung Enclave pilot area,Delhi,South Delhi,2026-08-17 08:00:00+00:00,31.6,68,8.3,294,0.1,975.6,Open-Meteo archive context,configured pilot anchor
DEL_SFE,Safdarjung Enclave pilot area,Delhi,South Delhi,2026-08-17 09:00:00+00:00,30.3,75,2.3,129,1.8,975.1,Open-Meteo archive context,configured pilot anchor
DEL_SFE,Safdarjung Enclave pilot area,Delhi,South Delhi,2026-08-17 10:00:00+00:00,31.0,75,3.3,119,0.1,974.6,Open-Meteo archive context,configured pilot anchor
DEL_SFE,Safdarjung Enclave pilot area,Delhi,South Delhi,2026-08-17 11:00:00+00:00,30.7,78,6.7,177,0.2,974.0,Open-Meteo archive context,configured pilot anchor
DEL_SFE,Safdarjung Enclave pilot area,Delhi,South Delhi,2026-08-17 12:00:00+00:00,27.4,94,11.7,284,0.6,975.0,Open-Meteo archive context,configured pilot anchor
DEL_SFE,Safdarjung Enclave pilot area,Delhi,South Delhi,2026-08-17 13:00:00+00:00,27.3,93,3.3,174,1.7,974.7,Open-Meteo archive context,configured pilot anchor
DEL_SFE,Safdarjung Enclave pilot area,Delhi,South Delhi,2026-08-17 14:00:00+00:00,27.5,92,3.9,152,0.0,975.2,Open-Meteo archive context,configured pilot anchor
DEL_SFE,Safdarjung Enclave pilot area,Delhi,South Delhi,2026-08-17 15:00:00+00:00,27.7,91,1.9,197,0.0,975.9,Open-Meteo archive context,configured pilot anchor
DEL_SFE,Safdarjung Enclave pilot area,Delhi,South Delhi,2026-08-17 16:00:00+00:00,27.9,90,3.1,190,0.0,976.4,Open-Meteo archive context,configured pilot anchor
DEL_SFE,Safdarjung Enclave pilot area,Delhi,South Delhi,2026-08-17 17:00:00+00:00,28.1,87,3.9,202,0.0,976.8,Open-Meteo archive context,configured pilot anchor
DEL_SFE,Safdarjung Enclave pilot area,Delhi,South Delhi,2026-08-17 18:00:00+00:00,28.7,87,2.7,278,0.0,976.5,Open-Meteo archive context,configured pilot anchor
DEL_SFE,Safdarjung Enclave pilot area,Delhi,South Delhi,2026-08-17 19:00:00+00:00,28.2,88,2.9,223,0.0,976.4,Open-Meteo archive context,configured pilot anchor
DEL_SFE,Safdarjung Enclave pilot area,Delhi,South Delhi,2026-08-17 20:00:00+00:00,28.0,86,5.3,232,0.0,976.1,Open-Meteo archive context,configured pilot anchor
DEL_SFE,Safdarjung Enclave pilot area,Delhi,South Delhi,2026-08-17 21:00:00+00:00,27.8,83,4.7,252,0.0,975.8,Open-Meteo archive context,configured pilot anchor
DEL_SFE,Safdarjung Enclave pilot area,Delhi,South Delhi,2026-08-17 22:00:00+00:00,27.5,83,4.7,254,0.0,975.7,Open-Meteo archive context,configured pilot anchor
DEL_SFE,Safdarjung Enclave pilot area,Delhi,South Delhi,2026-08-17 23:00:00+00:00,27.2,84,5.9,252,0.0,975.8,Open-Meteo archive context,configured pilot anchor
DEL_SFE,Safdarjung Enclave pilot area,Delhi,South Delhi,2026-08-18 00:00:00+00:00,28.0,79,8.5,271,0.0,975.6,Open-Meteo archive context,configured pilot anchor
DEL_SFE,Safdarjung Enclave pilot area,Delhi,South Delhi,2026-08-18 01:00:00+00:00,27.7,81,5.3,282,0.0,976.2,Open-Meteo archive context,configured pilot anchor
DEL_SFE,Safdarjung Enclave pilot area,Delhi,South Delhi,2026-08-18 02:00:00+00:00,28.5,77,3.8,281,0.0,977.0,Open-Meteo archive context,configured pilot anchor
DEL_SFE,Safdarjung Enclave pilot area,Delhi,South Delhi,2026-08-18 03:00:00+00:00,29.3,75,8.5,264,0.0,977.2,Open-Meteo archive context,configured pilot anchor
DEL_SFE,Safdarjung Enclave pilot area,Delhi,South Delhi,2026-08-18 04:00:00+00:00,30.4,72,7.1,277,0.0,977.7,Open-Meteo archive context,configured pilot anchor
DEL_SFE,Safdarjung Enclave pilot area,Delhi,South Delhi,2026-08-18 05:00:00+00:00,31.3,68,7.3,281,0.0,977.8,Open-Meteo archive context,configured pilot anchor
DEL_SFE,Safdarjung Enclave pilot area,Delhi,South Delhi,2026-08-18 06:00:00+00:00,32.3,63,7.3,293,0.0,978.1,Open-Meteo archive context,configured pilot anchor
DEL_SFE,Safdarjung Enclave pilot area,Delhi,South Delhi,2026-08-18 07:00:00+00:00,32.9,61,5.7,288,0.0,977.7,Open-Meteo archive context,configured pilot anchor
DEL_SFE,Safdarjung Enclave pilot area,Delhi,South Delhi,2026-08-18 08:00:00+00:00,33.1,60,6.0,277,0.1,977.0,Open-Meteo archive context,configured pilot anchor
DEL_SFE,Safdarjung Enclave pilot area,Delhi,South Delhi,2026-08-18 09:00:00+00:00,33.0,62,5.0,272,0.1,976.3,Open-Meteo archive context,configured pilot anchor
DEL_SFE,Safdarjung Enclave pilot area,Delhi,South Delhi,2026-08-18 10:00:00+00:00,33.0,62,4.2,250,0.0,975.5,Open-Meteo archive context,configured pilot anchor
DEL_SFE,Safdarjung Enclave pilot area,Delhi,South Delhi,2026-08-18 11:00:00+00:00,32.5,64,5.4,249,0.1,975.0,Open-Meteo archive context,configured pilot anchor
DEL_SFE,Safdarjung Enclave pilot area,Delhi,South Delhi,2026-08-18 12:00:00+00:00,32.3,65,4.7,274,0.5,975.2,Open-Meteo archive context,configured pilot anchor
DEL_SFE,Safdarjung Enclave pilot area,Delhi,South Delhi,2026-08-18 13:00:00+00:00,31.7,68,0.9,127,0.1,975.9,Open-Meteo archive context,configured pilot anchor
DEL_SFE,Safdarjung Enclave pilot area,Delhi,South Delhi,2026-08-18 14:00:00+00:00,29.9,78,4.9,98,0.0,976.6,Open-Meteo archive context,configured pilot anchor
DEL_SFE,Safdarjung Enclave pilot area,Delhi,South Delhi,2026-08-18 15:00:00+00:00,28.1,82,1.2,129,1.0,977.6,Open-Meteo archive context,configured pilot anchor
DEL_SFE,Safdarjung Enclave pilot area,Delhi,South Delhi,2026-08-18 16:00:00+00:00,25.5,94,9.6,131,0.9,977.8,Open-Meteo archive context,configured pilot anchor
DEL_SFE,Safdarjung Enclave pilot area,Delhi,South Delhi,2026-08-18 17:00:00+00:00,25.9,91,4.6,159,0.2,977.8,Open-Meteo archive context,configured pilot anchor
DEL_SFE,Safdarjung Enclave pilot area,Delhi,South Delhi,2026-08-18 18:00:00+00:00,27.3,91,4.2,185,0.0,977.4,Open-Meteo archive context,configured pilot anchor
DEL_SFE,Safdarjung Enclave pilot area,Delhi,South Delhi,2026-08-18 19:00:00+00:00,27.4,89,0.6,326,0.0,977.2,Open-Meteo archive context,configured pilot anchor
DEL_SFE,Safdarjung Enclave pilot area,Delhi,South Delhi,2026-08-18 20:00:00+00:00,27.1,91,1.6,276,0.0,976.6,Open-Meteo archive context,configured pilot anchor
DEL_SFE,Safdarjung Enclave pilot area,Delhi,South Delhi,2026-08-18 21:00:00+00:00,27.0,90,1.5,277,0.0,976.6,Open-Meteo archive context,configured pilot anchor
DEL_SFE,Safdarjung Enclave pilot area,Delhi,South Delhi,2026-08-18 22:00:00+00:00,27.0,90,0.6,236,0.0,976.3,Open-Meteo archive context,configured pilot anchor
DEL_SFE,Safdarjung Enclave pilot area,Delhi,South Delhi,2026-08-18 23:00:00+00:00,26.9,91,0.6,214,0.0,976.8,Open-Meteo archive context,configured pilot anchor
DEL_SFE,Safdarjung Enclave pilot area,Delhi,South Delhi,2026-08-19 00:00:00+00:00,27.8,88,4.0,275,0.0,976.3,Open-Meteo archive context,configured pilot anchor
DEL_SFE,Safdarjung Enclave pilot area,Delhi,South Delhi,2026-08-19 01:00:00+00:00,27.8,85,6.7,272,0.0,976.9,Open-Meteo archive context,configured pilot anchor
DEL_SFE,Safdarjung Enclave pilot area,Delhi,South Delhi,2026-08-19 02:00:00+00:00,28.5,82,4.6,296,0.0,977.7,Open-Meteo archive context,configured pilot anchor
DEL_SFE,Safdarjung Enclave pilot area,Delhi,South Delhi,2026-08-19 03:00:00+00:00,29.5,77,4.6,306,0.0,978.3,Open-Meteo archive context,configured pilot anchor
DEL_SFE,Safdarjung Enclave pilot area,Delhi,South Delhi,2026-08-19 04:00:00+00:00,30.5,73,5.0,316,0.0,978.6,Open-Meteo archive context,configured pilot anchor
DEL_SFE,Safdarjung Enclave pilot area,Delhi,South Delhi,2026-08-19 05:00:00+00:00,31.4,68,3.6,333,0.0,978.4,Open-Meteo archive context,configured pilot anchor
DEL_SFE,Safdarjung Enclave pilot area,Delhi,South Delhi,2026-08-19 06:00:00+00:00,32.5,61,7.5,340,0.0,978.6,Open-Meteo archive context,configured pilot anchor
DEL_SFE,Safdarjung Enclave pilot area,Delhi,South Delhi,2026-08-19 07:00:00+00:00,32.5,60,5.2,358,0.1,977.9,Open-Meteo archive context,configured pilot anchor
DEL_SFE,Safdarjung Enclave pilot area,Delhi,South Delhi,2026-08-19 08:00:00+00:00,32.8,59,4.0,342,0.2,977.5,Open-Meteo archive context,configured pilot anchor
DEL_SFE,Safdarjung Enclave pilot area,Delhi,South Delhi,2026-08-19 09:00:00+00:00,33.0,58,3.1,339,0.2,976.8,Open-Meteo archive context,configured pilot anchor
DEL_SFE,Safdarjung Enclave pilot area,Delhi,South Delhi,2026-08-19 10:00:00+00:00,33.2,58,1.8,315,0.1,976.1,Open-Meteo archive context,configured pilot anchor
DEL_SFE,Safdarjung Enclave pilot area,Delhi,South Delhi,2026-08-19 11:00:00+00:00,33.0,57,2.5,278,0.0,975.6,Open-Meteo archive context,configured pilot anchor
DEL_SFE,Safdarjung Enclave pilot area,Delhi,South Delhi,2026-08-19 12:00:00+00:00,28.9,87,3.2,87,0.0,976.8,Open-Meteo archive context,configured pilot anchor
DEL_SFE,Safdarjung Enclave pilot area,Delhi,South Delhi,2026-08-19 13:00:00+00:00,28.3,93,5.0,109,3.2,976.7,Open-Meteo archive context,configured pilot anchor
DEL_SFE,Safdarjung Enclave pilot area,Delhi,South Delhi,2026-08-19 14:00:00+00:00,28.0,94,4.3,163,1.2,977.0,Open-Meteo archive context,configured pilot anchor
DEL_SFE,Safdarjung Enclave pilot area,Delhi,South Delhi,2026-08-19 15:00:00+00:00,27.8,96,3.9,164,0.2,977.7,Open-Meteo archive context,configured pilot anchor
DEL_SFE,Safdarjung Enclave pilot area,Delhi,South Delhi,2026-08-19 16:00:00+00:00,27.6,95,5.2,160,0.0,978.3,Open-Meteo archive context,configured pilot anchor
DEL_SFE,Safdarjung Enclave pilot area,Delhi,South Delhi,2026-08-19 17:00:00+00:00,27.7,94,3.3,119,0.0,978.1,Open-Meteo archive context,configured pilot anchor
DEL_SFE,Safdarjung Enclave pilot area,Delhi,South Delhi,2026-08-19 18:00:00+00:00,28.8,95,5.8,164,0.0,977.9,Open-Meteo archive context,configured pilot anchor
DEL_SFE,Safdarjung Enclave pilot area,Delhi,South Delhi,2026-08-19 19:00:00+00:00,28.1,94,4.3,163,0.1,977.6,Open-Meteo archive context,configured pilot anchor
DEL_SFE,Safdarjung Enclave pilot area,Delhi,South Delhi,2026-08-19 20:00:00+00:00,27.7,94,6.7,316,0.1,977.8,Open-Meteo archive context,configured pilot anchor
DEL_SFE,Safdarjung Enclave pilot area,Delhi,South Delhi,2026-08-19 21:00:00+00:00,26.9,97,2.9,277,0.3,977.4,Open-Meteo archive context,configured pilot anchor
DEL_SFE,Safdarjung Enclave pilot area,Delhi,South Delhi,2026-08-19 22:00:00+00:00,27.0,97,5.7,342,0.1,977.4,Open-Meteo archive context,configured pilot anchor
DEL_SFE,Safdarjung Enclave pilot area,Delhi,South Delhi,2026-08-19 23:00:00+00:00,27.0,96,1.3,286,0.0,977.4,Open-Meteo archive context,configured pilot anchor
DEL_SFE,Safdarjung Enclave pilot area,Delhi,South Delhi,2026-08-20 00:00:00+00:00,26.9,96,6.0,287,0.0,977.4,Open-Meteo archive context,configured pilot anchor
DEL_SFE,Safdarjung Enclave pilot area,Delhi,South Delhi,2026-08-20 01:00:00+00:00,26.8,95,7.5,297,1.3,977.6,Open-Meteo archive context,configured pilot anchor
DEL_SFE,Safdarjung Enclave pilot area,Delhi,South Delhi,2026-08-20 02:00:00+00:00,27.2,92,7.2,271,0.3,978.5,Open-Meteo archive context,configured pilot anchor
DEL_SFE,Safdarjung Enclave pilot area,Delhi,South Delhi,2026-08-20 03:00:00+00:00,27.3,89,7.2,266,0.1,978.9,Open-Meteo archive context,configured pilot anchor
DEL_SFE,Safdarjung Enclave pilot area,Delhi,South Delhi,2026-08-20 04:00:00+00:00,27.9,84,7.2,252,0.0,979.5,Open-Meteo archive context,configured pilot anchor
DEL_SFE,Safdarjung Enclave pilot area,Delhi,South Delhi,2026-08-20 05:00:00+00:00,28.6,81,5.1,274,0.0,979.5,Open-Meteo archive context,configured pilot anchor
DEL_SFE,Safdarjung Enclave pilot area,Delhi,South Delhi,2026-08-20 06:00:00+00:00,30.9,71,2.4,318,0.0,979.1,Open-Meteo archive context,configured pilot anchor
DEL_SFE,Safdarjung Enclave pilot area,Delhi,South Delhi,2026-08-20 07:00:00+00:00,31.8,67,4.0,297,0.0,978.4,Open-Meteo archive context,configured pilot anchor
DEL_SFE,Safdarjung Enclave pilot area,Delhi,South Delhi,2026-08-20 08:00:00+00:00,32.7,63,4.6,312,0.0,977.7,Open-Meteo archive context,configured pilot anchor
DEL_SFE,Safdarjung Enclave pilot area,Delhi,South Delhi,2026-08-20 09:00:00+00:00,33.0,61,3.9,298,0.0,976.6,Open-Meteo archive context,configured pilot anchor
DEL_SFE,Safdarjung Enclave pilot area,Delhi,South Delhi,2026-08-20 10:00:00+00:00,33.2,61,4.1,299,0.0,976.0,Open-Meteo archive context,configured pilot anchor
DEL_SFE,Safdarjung Enclave pilot area,Delhi,South Delhi,2026-08-20 11:00:00+00:00,33.0,61,3.6,288,0.0,975.4,Open-Meteo archive context,configured pilot anchor
DEL_SFE,Safdarjung Enclave pilot area,Delhi,South Delhi,2026-08-20 12:00:00+00:00,28.8,93,6.7,172,0.1,975.9,Open-Meteo archive context,configured pilot anchor
DEL_SFE,Safdarjung Enclave pilot area,Delhi,South Delhi,2026-08-20 13:00:00+00:00,28.4,94,5.1,176,1.3,976.4,Open-Meteo archive context,configured pilot anchor
DEL_SFE,Safdarjung Enclave pilot area,Delhi,South Delhi,2026-08-20 14:00:00+00:00,28.0,95,4.8,202,0.6,976.5,Open-Meteo archive context,configured pilot anchor
DEL_SFE,Safdarjung Enclave pilot area,Delhi,South Delhi,2026-08-20 15:00:00+00:00,27.9,95,3.7,209,0.2,977.0,Open-Meteo archive context,configured pilot anchor
DEL_SFE,Safdarjung Enclave pilot area,Delhi,South Delhi,2026-08-20 16:00:00+00:00,27.8,92,4.2,220,0.0,977.4,Open-Meteo archive context,configured pilot anchor
DEL_SFE,Safdarjung Enclave pilot area,Delhi,South Delhi,2026-08-20 17:00:00+00:00,27.5,92,6.1,223,0.0,977.4,Open-Meteo archive context,configured pilot anchor
DEL_SFE,Safdarjung Enclave pilot area,Delhi,South Delhi,2026-08-20 18:00:00+00:00,29.3,94,3.1,246,0.0,977.0,Open-Meteo archive context,configured pilot anchor
DEL_SFE,Safdarjung Enclave pilot area,Delhi,South Delhi,2026-08-20 19:00:00+00:00,28.6,94,6.2,280,0.0,977.1,Open-Meteo archive context,configured pilot anchor
DEL_SFE,Safdarjung Enclave pilot area,Delhi,South Delhi,2026-08-20 20:00:00+00:00,28.4,92,4.0,262,0.2,976.6,Open-Meteo archive context,configured pilot anchor
DEL_SFE,Safdarjung Enclave pilot area,Delhi,South Delhi,2026-08-20 21:00:00+00:00,28.1,90,5.6,274,0.0,976.2,Open-Meteo archive context,configured pilot anchor
DEL_SFE,Safdarjung Enclave pilot area,Delhi,South Delhi,2026-08-20 22:00:00+00:00,27.9,91,5.9,290,0.0,976.1,Open-Meteo archive context,configured pilot anchor
DEL_SFE,Safdarjung Enclave pilot area,Delhi,South Delhi,2026-08-20 23:00:00+00:00,27.6,94,4.6,281,0.0,976.1,Open-Meteo archive context,configured pilot anchor
DEL_SFE,Safdarjung Enclave pilot area,Delhi,South Delhi,2026-08-21 00:00:00+00:00,27.2,97,10.2,321,0.0,976.5,Open-Meteo archive context,configured pilot anchor
DEL_SFE,Safdarjung Enclave pilot area,Delhi,South Delhi,2026-08-21 01:00:00+00:00,27.1,92,6.0,307,0.0,976.5,Open-Meteo archive context,configured pilot anchor
DEL_SFE,Safdarjung Enclave pilot area,Delhi,South Delhi,2026-08-21 02:00:00+00:00,27.7,86,5.4,290,0.0,977.3,Open-Meteo archive context,configured pilot anchor
DEL_SFE,Safdarjung Enclave pilot area,Delhi,South Delhi,2026-08-21 03:00:00+00:00,29.1,80,7.3,286,0.0,978.0,Open-Meteo archive context,configured pilot anchor
DEL_SFE,Safdarjung Enclave pilot area,Delhi,South Delhi,2026-08-21 04:00:00+00:00,30.5,71,10.7,290,0.0,977.9,Open-Meteo archive context,configured pilot anchor
DEL_SFE,Safdarjung Enclave pilot area,Delhi,South Delhi,2026-08-21 05:00:00+00:00,31.8,67,10.2,296,0.0,978.1,Open-Meteo archive context,configured pilot anchor
DEL_SFE,Safdarjung Enclave pilot area,Delhi,South Delhi,2026-08-21 06:00:00+00:00,33.1,61,11.1,314,0.0,977.9,Open-Meteo archive context,configured pilot anchor
DEL_SFE,Safdarjung Enclave pilot area,Delhi,South Delhi,2026-08-21 07:00:00+00:00,33.6,59,11.1,316,0.0,977.1,Open-Meteo archive context,configured pilot anchor
DEL_SFE,Safdarjung Enclave pilot area,Delhi,South Delhi,2026-08-21 08:00:00+00:00,33.6,59,9.7,315,0.0,976.3,Open-Meteo archive context,configured pilot anchor
DEL_SFE,Safdarjung Enclave pilot area,Delhi,South Delhi,2026-08-21 09:00:00+00:00,33.6,58,9.6,307,0.0,975.3,Open-Meteo archive context,configured pilot anchor
DEL_SFE,Safdarjung Enclave pilot area,Delhi,South Delhi,2026-08-21 10:00:00+00:00,33.5,57,10.2,307,0.1,974.8,Open-Meteo archive context,configured pilot anchor
DEL_SFE,Safdarjung Enclave pilot area,Delhi,South Delhi,2026-08-21 11:00:00+00:00,32.5,62,11.1,309,0.6,974.3,Open-Meteo archive context,configured pilot anchor
DEL_SFE,Safdarjung Enclave pilot area,Delhi,South Delhi,2026-08-21 12:00:00+00:00,32.5,67,6.7,308,0.0,974.2,Open-Meteo archive context,configured pilot anchor
DEL_SFE,Safdarjung Enclave pilot area,Delhi,South Delhi,2026-08-21 13:00:00+00:00,31.6,74,5.9,256,0.0,974.4,Open-Meteo archive context,configured pilot anchor
DEL_SFE,Safdarjung Enclave pilot area,Delhi,South Delhi,2026-08-21 14:00:00+00:00,30.5,78,5.8,244,0.0,975.0,Open-Meteo archive context,configured pilot anchor
DEL_SFE,Safdarjung Enclave pilot area,Delhi,South Delhi,2026-08-21 15:00:00+00:00,30.0,80,5.0,257,0.0,975.5,Open-Meteo archive context,configured pilot anchor
DEL_SFE,Safdarjung Enclave pilot area,Delhi,South Delhi,2026-08-21 16:00:00+00:00,29.6,83,3.7,247,0.0,975.9,Open-Meteo archive context,configured pilot anchor
DEL_SFE,Safdarjung Enclave pilot area,Delhi,South Delhi,2026-08-21 17:00:00+00:00,29.3,84,4.3,228,0.0,976.1,Open-Meteo archive context,configured pilot anchor
DEL_SFE,Safdarjung Enclave pilot area,Delhi,South Delhi,2026-08-21 18:00:00+00:00,27.8,90,4.1,293,0.0,976.0,Open-Meteo archive context,configured pilot anchor
DEL_SFE,Safdarjung Enclave pilot area,Delhi,South Delhi,2026-08-21 19:00:00+00:00,27.7,92,8.0,186,0.1,975.7,Open-Meteo archive context,configured pilot anchor
DEL_SFE,Safdarjung Enclave pilot area,Delhi,South Delhi,2026-08-21 20:00:00+00:00,27.1,92,9.4,183,0.0,975.6,Open-Meteo archive context,configured pilot anchor
DEL_SFE,Safdarjung Enclave pilot area,Delhi,South Delhi,2026-08-21 21:00:00+00:00,25.5,94,2.8,27,2.8,976.3,Open-Meteo archive context,configured pilot anchor
DEL_SFE,Safdarjung Enclave pilot area,Delhi,South Delhi,2026-08-21 22:00:00+00:00,25.0,99,6.1,168,2.8,975.1,Open-Meteo archive context,configured pilot anchor
DEL_SFE,Safdarjung Enclave pilot area,Delhi,South Delhi,2026-08-21 23:00:00+00:00,25.2,98,7.2,217,0.2,975.3,Open-Meteo archive context,configured pilot anchor
DEL_SFE,Safdarjung Enclave pilot area,Delhi,South Delhi,2026-08-22 00:00:00+00:00,26.0,94,2.4,234,0.1,976.0,Open-Meteo archive context,configured pilot anchor
DEL_SFE,Safdarjung Enclave pilot area,Delhi,South Delhi,2026-08-22 01:00:00+00:00,26.7,93,5.8,309,0.2,976.5,Open-Meteo archive context,configured pilot anchor
DEL_SFE,Safdarjung Enclave pilot area,Delhi,South Delhi,2026-08-22 02:00:00+00:00,27.7,92,3.6,225,0.0,977.2,Open-Meteo archive context,configured pilot anchor
DEL_SFE,Safdarjung Enclave pilot area,Delhi,South Delhi,2026-08-22 03:00:00+00:00,29.1,82,6.6,291,0.0,977.4,Open-Meteo archive context,configured pilot anchor
DEL_SFE,Safdarjung Enclave pilot area,Delhi,South Delhi,2026-08-22 04:00:00+00:00,30.5,72,9.3,283,0.0,977.7,Open-Meteo archive context,configured pilot anchor
DEL_SFE,Safdarjung Enclave pilot area,Delhi,South Delhi,2026-08-22 05:00:00+00:00,31.6,67,9.2,269,0.0,977.8,Open-Meteo archive context,configured pilot anchor
DEL_SFE,Safdarjung Enclave pilot area,Delhi,South Delhi,2026-08-22 06:00:00+00:00,32.0,65,9.1,311,0.0,977.9,Open-Meteo archive context,configured pilot anchor
DEL_SFE,Safdarjung Enclave pilot area,Delhi,South Delhi,2026-08-22 07:00:00+00:00,32.6,62,8.4,305,0.0,977.1,Open-Meteo archive context,configured pilot anchor
DEL_SFE,Safdarjung Enclave pilot area,Delhi,South Delhi,2026-08-22 08:00:00+00:00,33.0,62,7.7,303,0.1,976.1,Open-Meteo archive context,configured pilot anchor
DEL_SFE,Safdarjung Enclave pilot area,Delhi,South Delhi,2026-08-22 09:00:00+00:00,33.3,61,8.0,310,0.0,975.3,Open-Meteo archive context,configured pilot anchor
DEL_SFE,Safdarjung Enclave pilot area,Delhi,South Delhi,2026-08-22 10:00:00+00:00,32.8,63,8.9,312,0.2,974.6,Open-Meteo archive context,configured pilot anchor
DEL_SFE,Safdarjung Enclave pilot area,Delhi,South Delhi,2026-08-22 11:00:00+00:00,31.0,68,10.0,340,0.1,974.1,Open-Meteo archive context,configured pilot anchor
DEL_SFE,Safdarjung Enclave pilot area,Delhi,South Delhi,2026-08-22 12:00:00+00:00,29.8,80,4.1,311,1.1,974.9,Open-Meteo archive context,configured pilot anchor
DEL_SFE,Safdarjung Enclave pilot area,Delhi,South Delhi,2026-08-22 13:00:00+00:00,30.1,83,2.2,138,0.2,975.0,Open-Meteo archive context,configured pilot anchor
DEL_SFE,Safdarjung Enclave pilot area,Delhi,South Delhi,2026-08-22 14:00:00+00:00,28.5,89,8.9,173,0.1,975.5,Open-Meteo archive context,configured pilot anchor
DEL_SFE,Safdarjung Enclave pilot area,Delhi,South Delhi,2026-08-22 15:00:00+00:00,27.9,89,4.7,187,0.0,976.0,Open-Meteo archive context,configured pilot anchor
DEL_SFE,Safdarjung Enclave pilot area,Delhi,South Delhi,2026-08-22 16:00:00+00:00,27.6,89,4.8,200,0.0,976.5,Open-Meteo archive context,configured pilot anchor
DEL_SFE,Safdarjung Enclave pilot area,Delhi,South Delhi,2026-08-22 17:00:00+00:00,27.3,87,7.3,197,0.0,976.8,Open-Meteo archive context,configured pilot anchor
DEL_SFE,Safdarjung Enclave pilot area,Delhi,South Delhi,2026-08-22 18:00:00+00:00,28.5,85,7.3,171,0.0,976.8,Open-Meteo archive context,configured pilot anchor
DEL_SFE,Safdarjung Enclave pilot area,Delhi,South Delhi,2026-08-22 19:00:00+00:00,28.0,85,7.3,173,0.0,976.6,Open-Meteo archive context,configured pilot anchor
DEL_SFE,Safdarjung Enclave pilot area,Delhi,South Delhi,2026-08-22 20:00:00+00:00,27.7,89,7.2,198,0.1,976.5,Open-Meteo archive context,configured pilot anchor
DEL_SFE,Safdarjung Enclave pilot area,Delhi,South Delhi,2026-08-22 21:00:00+00:00,27.3,92,8.6,213,0.0,976.0,Open-Meteo archive context,configured pilot anchor
DEL_SFE,Safdarjung Enclave pilot area,Delhi,South Delhi,2026-08-22 22:00:00+00:00,27.0,92,6.9,223,0.0,975.9,Open-Meteo archive context,configured pilot anchor
DEL_SFE,Safdarjung Enclave pilot area,Delhi,South Delhi,2026-08-22 23:00:00+00:00,26.8,91,4.1,255,0.0,976.2,Open-Meteo archive context,configured pilot anchor
DEL_SFE,Safdarjung Enclave pilot area,Delhi,South Delhi,2026-08-23 00:00:00+00:00,26.8,86,7.7,36,0.7,976.6,Open-Meteo archive context,configured pilot anchor
DEL_SFE,Safdarjung Enclave pilot area,Delhi,South Delhi,2026-08-23 01:00:00+00:00,24.7,98,8.0,155,4.5,977.3,Open-Meteo archive context,configured pilot anchor
DEL_SFE,Safdarjung Enclave pilot area,Delhi,South Delhi,2026-08-23 02:00:00+00:00,26.2,97,4.8,214,0.7,977.5,Open-Meteo archive context,configured pilot anchor
DEL_SFE,Safdarjung Enclave pilot area,Delhi,South Delhi,2026-08-23 03:00:00+00:00,28.2,85,2.0,275,0.1,978.0,Open-Meteo archive context,configured pilot anchor
DEL_SFE,Safdarjung Enclave pilot area,Delhi,South Delhi,2026-08-23 04:00:00+00:00,29.6,77,5.1,337,0.0,978.8,Open-Meteo archive context,configured pilot anchor
DEL_SFE,Safdarjung Enclave pilot area,Delhi,South Delhi,2026-08-23 05:00:00+00:00,29.5,78,6.8,318,1.6,979.1,Open-Meteo archive context,configured pilot anchor
DEL_SFE,Safdarjung Enclave pilot area,Delhi,South Delhi,2026-08-23 06:00:00+00:00,29.8,77,8.5,297,0.2,979.4,Open-Meteo archive context,configured pilot anchor
DEL_SFE,Safdarjung Enclave pilot area,Delhi,South Delhi,2026-08-23 07:00:00+00:00,30.8,73,9.6,298,0.0,978.7,Open-Meteo archive context,configured pilot anchor
DEL_SFE,Safdarjung Enclave pilot area,Delhi,South Delhi,2026-08-23 08:00:00+00:00,31.7,69,10.2,302,0.1,977.7,Open-Meteo archive context,configured pilot anchor
DEL_SFE,Safdarjung Enclave pilot area,Delhi,South Delhi,2026-08-23 09:00:00+00:00,32.2,66,10.4,309,0.1,976.6,Open-Meteo archive context,configured pilot anchor
DEL_SFE,Safdarjung Enclave pilot area,Delhi,South Delhi,2026-08-23 10:00:00+00:00,32.7,64,9.0,317,0.1,975.9,Open-Meteo archive context,configured pilot anchor
DEL_SFE,Safdarjung Enclave pilot area,Delhi,South Delhi,2026-08-23 11:00:00+00:00,32.5,65,7.5,323,0.0,975.2,Open-Meteo archive context,configured pilot anchor
DEL_SFE,Safdarjung Enclave pilot area,Delhi,South Delhi,2026-08-23 12:00:00+00:00,32.4,68,7.7,324,0.0,974.9,Open-Meteo archive context,configured pilot anchor
DEL_SFE,Safdarjung Enclave pilot area,Delhi,South Delhi,2026-08-23 13:00:00+00:00,31.4,77,3.3,299,0.0,975.6,Open-Meteo archive context,configured pilot anchor
DEL_SFE,Safdarjung Enclave pilot area,Delhi,South Delhi,2026-08-23 14:00:00+00:00,30.5,80,3.6,276,0.0,976.2,Open-Meteo archive context,configured pilot anchor
DEL_SFE,Safdarjung Enclave pilot area,Delhi,South Delhi,2026-08-23 15:00:00+00:00,30.2,82,2.7,266,0.0,977.2,Open-Meteo archive context,configured pilot anchor
DEL_SFE,Safdarjung Enclave pilot area,Delhi,South Delhi,2026-08-23 16:00:00+00:00,30.1,84,1.1,279,0.0,978.0,Open-Meteo archive context,configured pilot anchor
DEL_SFE,Safdarjung Enclave pilot area,Delhi,South Delhi,2026-08-23 17:00:00+00:00,29.7,85,1.5,97,0.0,977.6,Open-Meteo archive context,configured pilot anchor
DEL_SFE,Safdarjung Enclave pilot area,Delhi,South Delhi,2026-08-23 18:00:00+00:00,28.3,89,1.0,292,0.0,978.0,Open-Meteo archive context,configured pilot anchor
DEL_SFE,Safdarjung Enclave pilot area,Delhi,South Delhi,2026-08-23 19:00:00+00:00,27.7,93,3.1,283,0.1,977.4,Open-Meteo archive context,configured pilot anchor
DEL_SFE,Safdarjung Enclave pilot area,Delhi,South Delhi,2026-08-23 20:00:00+00:00,27.4,93,6.0,265,0.0,976.7,Open-Meteo archive context,configured pilot anchor
DEL_SFE,Safdarjung Enclave pilot area,Delhi,South Delhi,2026-08-23 21:00:00+00:00,27.4,92,1.4,270,0.0,976.5,Open-Meteo archive context,configured pilot anchor
DEL_SFE,Safdarjung Enclave pilot area,Delhi,South Delhi,2026-08-23 22:00:00+00:00,25.9,93,8.9,228,0.5,976.7,Open-Meteo archive context,configured pilot anchor
DEL_SFE,Safdarjung Enclave pilot area,Delhi,South Delhi,2026-08-23 23:00:00+00:00,24.6,98,2.5,274,3.3,977.4,Open-Meteo archive context,configured pilot anchor
DEL_SFE,Safdarjung Enclave pilot area,Delhi,South Delhi,2026-08-24 00:00:00+00:00,26.0,97,10.8,266,1.3,977.4,Open-Meteo archive context,configured pilot anchor
DEL_SFE,Safdarjung Enclave pilot area,Delhi,South Delhi,2026-08-24 01:00:00+00:00,25.7,98,5.4,270,1.2,977.9,Open-Meteo archive context,configured pilot anchor
DEL_SFE,Safdarjung Enclave pilot area,Delhi,South Delhi,2026-08-24 02:00:00+00:00,26.5,93,1.7,283,0.3,978.1,Open-Meteo archive context,configured pilot anchor
DEL_SFE,Safdarjung Enclave pilot area,Delhi,South Delhi,2026-08-24 03:00:00+00:00,27.6,89,2.3,360,0.0,978.1,Open-Meteo archive context,configured pilot anchor
DEL_SFE,Safdarjung Enclave pilot area,Delhi,South Delhi,2026-08-24 04:00:00+00:00,29.1,82,1.8,270,0.0,978.4,Open-Meteo archive context,configured pilot anchor
DEL_SFE,Safdarjung Enclave pilot area,Delhi,South Delhi,2026-08-24 05:00:00+00:00,30.8,74,3.0,308,0.0,978.5,Open-Meteo archive context,configured pilot anchor
DEL_SFE,Safdarjung Enclave pilot area,Delhi,South Delhi,2026-08-24 06:00:00+00:00,29.5,77,4.8,285,0.1,978.6,Open-Meteo archive context,configured pilot anchor
DEL_SFE,Safdarjung Enclave pilot area,Delhi,South Delhi,2026-08-24 07:00:00+00:00,29.3,77,3.5,246,0.1,978.3,Open-Meteo archive context,configured pilot anchor
DEL_SFE,Safdarjung Enclave pilot area,Delhi,South Delhi,2026-08-24 08:00:00+00:00,30.2,72,3.8,275,0.0,977.3,Open-Meteo archive context,configured pilot anchor
DEL_SFE,Safdarjung Enclave pilot area,Delhi,South Delhi,2026-08-24 09:00:00+00:00,31.5,65,3.9,336,0.0,976.6,Open-Meteo archive context,configured pilot anchor
DEL_SFE,Safdarjung Enclave pilot area,Delhi,South Delhi,2026-08-24 10:00:00+00:00,31.7,65,5.0,311,0.0,975.8,Open-Meteo archive context,configured pilot anchor
DEL_SFE,Safdarjung Enclave pilot area,Delhi,South Delhi,2026-08-24 11:00:00+00:00,31.4,67,3.6,273,0.0,975.6,Open-Meteo archive context,configured pilot anchor
DEL_SFE,Safdarjung Enclave pilot area,Delhi,South Delhi,2026-08-24 12:00:00+00:00,31.1,73,5.3,325,0.0,975.3,Open-Meteo archive context,configured pilot anchor
DEL_SFE,Safdarjung Enclave pilot area,Delhi,South Delhi,2026-08-24 13:00:00+00:00,30.6,80,0.9,11,0.0,975.8,Open-Meteo archive context,configured pilot anchor
DEL_SFE,Safdarjung Enclave pilot area,Delhi,South Delhi,2026-08-24 14:00:00+00:00,30.3,81,1.2,141,0.0,976.4,Open-Meteo archive context,configured pilot anchor
DEL_SFE,Safdarjung Enclave pilot area,Delhi,South Delhi,2026-08-24 15:00:00+00:00,29.8,83,3.9,146,0.0,977.2,Open-Meteo archive context,configured pilot anchor
DEL_SFE,Safdarjung Enclave pilot area,Delhi,South Delhi,2026-08-24 16:00:00+00:00,29.2,85,6.1,148,0.0,977.9,Open-Meteo archive context,configured pilot anchor
DEL_SFE,Safdarjung Enclave pilot area,Delhi,South Delhi,2026-08-24 17:00:00+00:00,28.7,88,5.8,146,0.0,977.9,Open-Meteo archive context,configured pilot anchor
DEL_SFE,Safdarjung Enclave pilot area,Delhi,South Delhi,2026-08-24 18:00:00+00:00,28.5,89,4.2,140,0.0,977.3,Open-Meteo archive context,configured pilot anchor
DEL_SFE,Safdarjung Enclave pilot area,Delhi,South Delhi,2026-08-24 19:00:00+00:00,28.2,91,2.4,163,0.0,977.4,Open-Meteo archive context,configured pilot anchor
DEL_SFE,Safdarjung Enclave pilot area,Delhi,South Delhi,2026-08-24 20:00:00+00:00,28.0,92,1.9,209,0.0,977.0,Open-Meteo archive context,configured pilot anchor
DEL_SFE,Safdarjung Enclave pilot area,Delhi,South Delhi,2026-08-24 21:00:00+00:00,27.9,92,2.9,240,0.0,976.8,Open-Meteo archive context,configured pilot anchor
DEL_SFE,Safdarjung Enclave pilot area,Delhi,South Delhi,2026-08-24 22:00:00+00:00,27.8,92,2.1,239,0.0,976.8,Open-Meteo archive context,configured pilot anchor
DEL_SFE,Safdarjung Enclave pilot area,Delhi,South Delhi,2026-08-24 23:00:00+00:00,27.6,93,1.9,248,0.0,976.8,Open-Meteo archive context,configured pilot anchor
DEL_SFE,Safdarjung Enclave pilot area,Delhi,South Delhi,2026-08-25 00:00:00+00:00,26.2,97,2.1,290,0.0,977.5,Open-Meteo archive context,configured pilot anchor
DEL_SFE,Safdarjung Enclave pilot area,Delhi,South Delhi,2026-08-25 01:00:00+00:00,26.5,97,1.6,180,1.2,978.3,Open-Meteo archive context,configured pilot anchor
DEL_SFE,Safdarjung Enclave pilot area,Delhi,South Delhi,2026-08-25 02:00:00+00:00,26.6,97,4.5,270,0.9,978.1,Open-Meteo archive context,configured pilot anchor
DEL_SFE,Safdarjung Enclave pilot area,Delhi,South Delhi,2026-08-25 03:00:00+00:00,27.2,93,3.3,283,0.5,978.4,Open-Meteo archive context,configured pilot anchor
DEL_SFE,Safdarjung Enclave pilot area,Delhi,South Delhi,2026-08-25 04:00:00+00:00,28.5,88,1.6,27,0.1,978.8,Open-Meteo archive context,configured pilot anchor
DEL_SFE,Safdarjung Enclave pilot area,Delhi,South Delhi,2026-08-25 05:00:00+00:00,29.6,82,3.5,78,0.0,979.0,Open-Meteo archive context,configured pilot anchor
DEL_SFE,Safdarjung Enclave pilot area,Delhi,South Delhi,2026-08-25 06:00:00+00:00,30.9,70,2.9,79,0.0,979.0,Open-Meteo archive context,configured pilot anchor
DEL_SFE,Safdarjung Enclave pilot area,Delhi,South Delhi,2026-08-25 07:00:00+00:00,31.3,67,4.4,71,0.0,978.6,Open-Meteo archive context,configured pilot anchor
DEL_SFE,Safdarjung Enclave pilot area,Delhi,South Delhi,2026-08-25 08:00:00+00:00,32.2,63,3.2,47,0.0,977.9,Open-Meteo archive context,configured pilot anchor
DEL_SFE,Safdarjung Enclave pilot area,Delhi,South Delhi,2026-08-25 09:00:00+00:00,32.3,63,2.7,58,0.0,977.0,Open-Meteo archive context,configured pilot anchor
DEL_SFE,Safdarjung Enclave pilot area,Delhi,South Delhi,2026-08-25 10:00:00+00:00,32.6,62,2.8,72,0.0,976.4,Open-Meteo archive context,configured pilot anchor
DEL_SFE,Safdarjung Enclave pilot area,Delhi,South Delhi,2026-08-25 11:00:00+00:00,32.4,63,1.5,69,0.0,976.1,Open-Meteo archive context,configured pilot anchor
DEL_SFE,Safdarjung Enclave pilot area,Delhi,South Delhi,2026-08-25 12:00:00+00:00,32.0,65,1.0,59,0.0,975.6,Open-Meteo archive context,configured pilot anchor
DEL_SFE,Safdarjung Enclave pilot area,Delhi,South Delhi,2026-08-25 13:00:00+00:00,31.1,76,1.9,17,0.0,975.7,Open-Meteo archive context,configured pilot anchor
DEL_SFE,Safdarjung Enclave pilot area,Delhi,South Delhi,2026-08-25 14:00:00+00:00,30.4,79,2.2,336,0.0,976.0,Open-Meteo archive context,configured pilot anchor
DEL_SFE,Safdarjung Enclave pilot area,Delhi,South Delhi,2026-08-25 15:00:00+00:00,29.8,81,1.0,149,0.0,977.0,Open-Meteo archive context,configured pilot anchor
DEL_SFE,Safdarjung Enclave pilot area,Delhi,South Delhi,2026-08-25 16:00:00+00:00,29.2,85,1.8,225,0.0,977.5,Open-Meteo archive context,configured pilot anchor
DEL_SFE,Safdarjung Enclave pilot area,Delhi,South Delhi,2026-08-25 17:00:00+00:00,28.6,88,4.3,185,0.0,977.8,Open-Meteo archive context,configured pilot anchor
DEL_SFE,Safdarjung Enclave pilot area,Delhi,South Delhi,2026-08-25 18:00:00+00:00,28.3,88,4.9,190,0.0,978.0,Open-Meteo archive context,configured pilot anchor
DEL_SFE,Safdarjung Enclave pilot area,Delhi,South Delhi,2026-08-25 19:00:00+00:00,27.9,89,5.0,221,0.0,977.6,Open-Meteo archive context,configured pilot anchor
DEL_SFE,Safdarjung Enclave pilot area,Delhi,South Delhi,2026-08-25 20:00:00+00:00,27.7,90,4.5,230,0.0,977.0,Open-Meteo archive context,configured pilot anchor
DEL_SFE,Safdarjung Enclave pilot area,Delhi,South Delhi,2026-08-25 21:00:00+00:00,27.5,90,3.9,236,0.0,976.4,Open-Meteo archive context,configured pilot anchor
DEL_SFE,Safdarjung Enclave pilot area,Delhi,South Delhi,2026-08-25 22:00:00+00:00,27.4,89,3.2,232,0.0,976.3,Open-Meteo archive context,configured pilot anchor
DEL_SFE,Safdarjung Enclave pilot area,Delhi,South Delhi,2026-08-25 23:00:00+00:00,27.3,89,3.4,254,0.0,976.4,Open-Meteo archive context,configured pilot anchor
DEL_ROH,Rohini pilot area,Delhi,North West Delhi,2026-07-26 00:00:00+00:00,28.2,94,4.6,132,0.1,976.6,Open-Meteo archive context,configured pilot anchor
DEL_ROH,Rohini pilot area,Delhi,North West Delhi,2026-07-26 01:00:00+00:00,27.4,95,6.3,125,0.7,976.8,Open-Meteo archive context,configured pilot anchor
DEL_ROH,Rohini pilot area,Delhi,North West Delhi,2026-07-26 02:00:00+00:00,28.5,92,1.8,143,0.3,977.1,Open-Meteo archive context,configured pilot anchor
DEL_ROH,Rohini pilot area,Delhi,North West Delhi,2026-07-26 03:00:00+00:00,29.7,85,2.8,101,0.1,977.3,Open-Meteo archive context,configured pilot anchor
DEL_ROH,Rohini pilot area,Delhi,North West Delhi,2026-07-26 04:00:00+00:00,31.0,76,3.5,78,0.0,977.2,Open-Meteo archive context,configured pilot anchor
DEL_ROH,Rohini pilot area,Delhi,North West Delhi,2026-07-26 05:00:00+00:00,32.0,70,4.0,72,0.1,977.6,Open-Meteo archive context,configured pilot anchor
DEL_ROH,Rohini pilot area,Delhi,North West Delhi,2026-07-26 06:00:00+00:00,32.7,61,4.3,92,0.1,977.7,Open-Meteo archive context,configured pilot anchor
DEL_ROH,Rohini pilot area,Delhi,North West Delhi,2026-07-26 07:00:00+00:00,33.7,57,4.1,105,0.1,977.4,Open-Meteo archive context,configured pilot anchor
DEL_ROH,Rohini pilot area,Delhi,North West Delhi,2026-07-26 08:00:00+00:00,34.1,55,4.5,127,0.2,976.9,Open-Meteo archive context,configured pilot anchor
DEL_ROH,Rohini pilot area,Delhi,North West Delhi,2026-07-26 09:00:00+00:00,34.5,54,3.7,141,0.2,975.9,Open-Meteo archive context,configured pilot anchor
DEL_ROH,Rohini pilot area,Delhi,North West Delhi,2026-07-26 10:00:00+00:00,34.6,54,3.1,167,0.1,975.1,Open-Meteo archive context,configured pilot anchor
DEL_ROH,Rohini pilot area,Delhi,North West Delhi,2026-07-26 11:00:00+00:00,34.3,55,2.0,153,0.1,974.4,Open-Meteo archive context,configured pilot anchor
DEL_ROH,Rohini pilot area,Delhi,North West Delhi,2026-07-26 12:00:00+00:00,32.3,71,6.9,51,0.0,974.2,Open-Meteo archive context,configured pilot anchor
DEL_ROH,Rohini pilot area,Delhi,North West Delhi,2026-07-26 13:00:00+00:00,31.9,76,4.5,37,0.0,974.2,Open-Meteo archive context,configured pilot anchor
DEL_ROH,Rohini pilot area,Delhi,North West Delhi,2026-07-26 14:00:00+00:00,31.3,80,2.7,62,0.0,974.5,Open-Meteo archive context,configured pilot anchor
DEL_ROH,Rohini pilot area,Delhi,North West Delhi,2026-07-26 15:00:00+00:00,31.4,79,2.2,145,0.0,975.1,Open-Meteo archive context,configured pilot anchor
DEL_ROH,Rohini pilot area,Delhi,North West Delhi,2026-07-26 16:00:00+00:00,31.3,80,1.7,131,0.0,975.5,Open-Meteo archive context,configured pilot anchor
DEL_ROH,Rohini pilot area,Delhi,North West Delhi,2026-07-26 17:00:00+00:00,31.1,81,1.5,97,0.0,975.8,Open-Meteo archive context,configured pilot anchor
DEL_ROH,Rohini pilot area,Delhi,North West Delhi,2026-07-26 18:00:00+00:00,31.1,83,2.1,121,0.0,975.3,Open-Meteo archive context,configured pilot anchor
DEL_ROH,Rohini pilot area,Delhi,North West Delhi,2026-07-26 19:00:00+00:00,30.7,84,3.1,118,0.0,975.2,Open-Meteo archive context,configured pilot anchor
DEL_ROH,Rohini pilot area,Delhi,North West Delhi,2026-07-26 20:00:00+00:00,30.2,87,2.4,144,0.0,974.5,Open-Meteo archive context,configured pilot anchor
DEL_ROH,Rohini pilot area,Delhi,North West Delhi,2026-07-26 21:00:00+00:00,29.9,87,1.9,202,0.0,974.2,Open-Meteo archive context,configured pilot anchor
DEL_ROH,Rohini pilot area,Delhi,North West Delhi,2026-07-26 22:00:00+00:00,29.7,86,1.5,201,0.0,974.2,Open-Meteo archive context,configured pilot anchor
DEL_ROH,Rohini pilot area,Delhi,North West Delhi,2026-07-26 23:00:00+00:00,29.4,86,1.9,209,0.0,974.1,Open-Meteo archive context,configured pilot anchor
DEL_ROH,Rohini pilot area,Delhi,North West Delhi,2026-07-27 00:00:00+00:00,29.0,93,1.9,22,0.0,974.2,Open-Meteo archive context,configured pilot anchor
DEL_ROH,Rohini pilot area,Delhi,North West Delhi,2026-07-27 01:00:00+00:00,29.1,93,1.5,45,0.0,974.3,Open-Meteo archive context,configured pilot anchor
DEL_ROH,Rohini pilot area,Delhi,North West Delhi,2026-07-27 02:00:00+00:00,30.4,85,1.3,106,0.0,974.6,Open-Meteo archive context,configured pilot anchor
DEL_ROH,Rohini pilot area,Delhi,North West Delhi,2026-07-27 03:00:00+00:00,31.8,75,1.2,231,0.0,974.7,Open-Meteo archive context,configured pilot anchor
DEL_ROH,Rohini pilot area,Delhi,North West Delhi,2026-07-27 04:00:00+00:00,33.1,64,2.8,285,0.0,974.6,Open-Meteo archive context,configured pilot anchor
DEL_ROH,Rohini pilot area,Delhi,North West Delhi,2026-07-27 05:00:00+00:00,33.7,62,3.2,308,0.1,975.0,Open-Meteo archive context,configured pilot anchor
DEL_ROH,Rohini pilot area,Delhi,North West Delhi,2026-07-27 06:00:00+00:00,34.8,52,2.9,270,0.2,974.5,Open-Meteo archive context,configured pilot anchor
DEL_ROH,Rohini pilot area,Delhi,North West Delhi,2026-07-27 07:00:00+00:00,35.4,50,4.6,252,0.0,974.5,Open-Meteo archive context,configured pilot anchor
DEL_ROH,Rohini pilot area,Delhi,North West Delhi,2026-07-27 08:00:00+00:00,35.1,54,5.6,248,1.8,973.8,Open-Meteo archive context,configured pilot anchor
DEL_ROH,Rohini pilot area,Delhi,North West Delhi,2026-07-27 09:00:00+00:00,34.9,52,6.9,256,1.3,972.9,Open-Meteo archive context,configured pilot anchor
DEL_ROH,Rohini pilot area,Delhi,North West Delhi,2026-07-27 10:00:00+00:00,34.3,55,5.4,250,0.4,972.2,Open-Meteo archive context,configured pilot anchor
DEL_ROH,Rohini pilot area,Delhi,North West Delhi,2026-07-27 11:00:00+00:00,34.3,56,5.2,214,0.3,972.0,Open-Meteo archive context,configured pilot anchor
DEL_ROH,Rohini pilot area,Delhi,North West Delhi,2026-07-27 12:00:00+00:00,32.6,64,4.7,171,0.0,972.2,Open-Meteo archive context,configured pilot anchor
DEL_ROH,Rohini pilot area,Delhi,North West Delhi,2026-07-27 13:00:00+00:00,32.1,69,3.0,128,0.0,972.1,Open-Meteo archive context,configured pilot anchor
DEL_ROH,Rohini pilot area,Delhi,North West Delhi,2026-07-27 14:00:00+00:00,31.6,73,3.5,171,0.0,972.2,Open-Meteo archive context,configured pilot anchor
DEL_ROH,Rohini pilot area,Delhi,North West Delhi,2026-07-27 15:00:00+00:00,31.4,75,3.7,125,0.0,972.9,Open-Meteo archive context,configured pilot anchor
DEL_ROH,Rohini pilot area,Delhi,North West Delhi,2026-07-27 16:00:00+00:00,31.0,77,7.5,101,0.0,973.5,Open-Meteo archive context,configured pilot anchor
DEL_ROH,Rohini pilot area,Delhi,North West Delhi,2026-07-27 17:00:00+00:00,30.1,81,11.9,129,0.0,974.0,Open-Meteo archive context,configured pilot anchor
DEL_ROH,Rohini pilot area,Delhi,North West Delhi,2026-07-27 18:00:00+00:00,30.3,86,10.5,143,0.0,973.6,Open-Meteo archive context,configured pilot anchor
DEL_ROH,Rohini pilot area,Delhi,North West Delhi,2026-07-27 19:00:00+00:00,29.4,86,16.4,156,0.3,974.0,Open-Meteo archive context,configured pilot anchor
DEL_ROH,Rohini pilot area,Delhi,North West Delhi,2026-07-27 20:00:00+00:00,28.3,87,10.6,146,0.1,974.1,Open-Meteo archive context,configured pilot anchor
DEL_ROH,Rohini pilot area,Delhi,North West Delhi,2026-07-27 21:00:00+00:00,27.7,90,10.3,128,0.2,973.5,Open-Meteo archive context,configured pilot anchor
DEL_ROH,Rohini pilot area,Delhi,North West Delhi,2026-07-27 22:00:00+00:00,27.4,93,9.7,138,0.2,973.2,Open-Meteo archive context,configured pilot anchor
DEL_ROH,Rohini pilot area,Delhi,North West Delhi,2026-07-27 23:00:00+00:00,27.0,93,9.5,117,0.1,973.2,Open-Meteo archive context,configured pilot anchor
DEL_ROH,Rohini pilot area,Delhi,North West Delhi,2026-07-28 00:00:00+00:00,28.6,93,8.7,156,0.1,972.4,Open-Meteo archive context,configured pilot anchor
DEL_ROH,Rohini pilot area,Delhi,North West Delhi,2026-07-28 01:00:00+00:00,28.8,92,7.4,139,0.0,973.3,Open-Meteo archive context,configured pilot anchor
DEL_ROH,Rohini pilot area,Delhi,North West Delhi,2026-07-28 02:00:00+00:00,29.3,88,10.5,149,0.0,973.5,Open-Meteo archive context,configured pilot anchor
DEL_ROH,Rohini pilot area,Delhi,North West Delhi,2026-07-28 03:00:00+00:00,29.7,81,9.1,162,0.1,973.9,Open-Meteo archive context,configured pilot anchor
DEL_ROH,Rohini pilot area,Delhi,North West Delhi,2026-07-28 04:00:00+00:00,28.8,87,5.6,112,1.4,975.0,Open-Meteo archive context,configured pilot anchor
DEL_ROH,Rohini pilot area,Delhi,North West Delhi,2026-07-28 05:00:00+00:00,28.3,89,15.8,151,1.9,975.7,Open-Meteo archive context,configured pilot anchor
DEL_ROH,Rohini pilot area,Delhi,North West Delhi,2026-07-28 06:00:00+00:00,27.7,95,13.8,125,0.7,975.5,Open-Meteo archive context,configured pilot anchor
DEL_ROH,Rohini pilot area,Delhi,North West Delhi,2026-07-28 07:00:00+00:00,27.4,94,10.3,130,4.6,974.7,Open-Meteo archive context,configured pilot anchor
DEL_ROH,Rohini pilot area,Delhi,North West Delhi,2026-07-28 08:00:00+00:00,27.5,94,8.3,139,2.7,974.7,Open-Meteo archive context,configured pilot anchor
DEL_ROH,Rohini pilot area,Delhi,North West Delhi,2026-07-28 09:00:00+00:00,27.5,92,4.4,189,2.1,974.0,Open-Meteo archive context,configured pilot anchor
DEL_ROH,Rohini pilot area,Delhi,North West Delhi,2026-07-28 10:00:00+00:00,27.8,89,6.0,171,0.6,973.0,Open-Meteo archive context,configured pilot anchor
DEL_ROH,Rohini pilot area,Delhi,North West Delhi,2026-07-28 11:00:00+00:00,27.6,87,4.7,178,0.1,972.7,Open-Meteo archive context,configured pilot anchor
DEL_ROH,Rohini pilot area,Delhi,North West Delhi,2026-07-28 12:00:00+00:00,30.7,74,2.9,11,0.0,972.9,Open-Meteo archive context,configured pilot anchor
DEL_ROH,Rohini pilot area,Delhi,North West Delhi,2026-07-28 13:00:00+00:00,30.1,79,3.0,335,0.1,972.9,Open-Meteo archive context,configured pilot anchor
DEL_ROH,Rohini pilot area,Delhi,North West Delhi,2026-07-28 14:00:00+00:00,29.4,86,2.2,42,0.0,973.4,Open-Meteo archive context,configured pilot anchor
DEL_ROH,Rohini pilot area,Delhi,North West Delhi,2026-07-28 15:00:00+00:00,29.0,89,2.7,62,0.0,974.1,Open-Meteo archive context,configured pilot anchor
DEL_ROH,Rohini pilot area,Delhi,North West Delhi,2026-07-28 16:00:00+00:00,28.7,89,3.8,79,0.0,975.0,Open-Meteo archive context,configured pilot anchor
DEL_ROH,Rohini pilot area,Delhi,North West Delhi,2026-07-28 17:00:00+00:00,28.3,88,6.8,92,0.0,975.5,Open-Meteo archive context,configured pilot anchor
DEL_ROH,Rohini pilot area,Delhi,North West Delhi,2026-07-28 18:00:00+00:00,28.1,89,3.3,103,0.2,975.4,Open-Meteo archive context,configured pilot anchor
DEL_ROH,Rohini pilot area,Delhi,North West Delhi,2026-07-28 19:00:00+00:00,28.0,91,1.8,90,0.3,975.3,Open-Meteo archive context,configured pilot anchor
DEL_ROH,Rohini pilot area,Delhi,North West Delhi,2026-07-28 20:00:00+00:00,27.5,95,3.6,60,0.3,975.1,Open-Meteo archive context,configured pilot anchor
DEL_ROH,Rohini pilot area,Delhi,North West Delhi,2026-07-28 21:00:00+00:00,27.0,97,6.7,76,0.5,974.7,Open-Meteo archive context,configured pilot anchor
DEL_ROH,Rohini pilot area,Delhi,North West Delhi,2026-07-28 22:00:00+00:00,26.7,97,5.8,92,0.2,974.8,Open-Meteo archive context,configured pilot anchor
DEL_ROH,Rohini pilot area,Delhi,North West Delhi,2026-07-28 23:00:00+00:00,26.7,97,3.5,111,0.0,975.1,Open-Meteo archive context,configured pilot anchor
DEL_ROH,Rohini pilot area,Delhi,North West Delhi,2026-07-29 00:00:00+00:00,26.8,97,2.2,104,0.0,974.7,Open-Meteo archive context,configured pilot anchor
DEL_ROH,Rohini pilot area,Delhi,North West Delhi,2026-07-29 01:00:00+00:00,26.7,98,3.6,63,0.3,975.2,Open-Meteo archive context,configured pilot anchor
DEL_ROH,Rohini pilot area,Delhi,North West Delhi,2026-07-29 02:00:00+00:00,26.6,96,5.9,76,0.9,975.8,Open-Meteo archive context,configured pilot anchor
DEL_ROH,Rohini pilot area,Delhi,North West Delhi,2026-07-29 03:00:00+00:00,26.8,95,4.2,85,1.1,975.9,Open-Meteo archive context,configured pilot anchor
DEL_ROH,Rohini pilot area,Delhi,North West Delhi,2026-07-29 04:00:00+00:00,28.4,85,2.5,86,0.5,976.3,Open-Meteo archive context,configured pilot anchor
DEL_ROH,Rohini pilot area,Delhi,North West Delhi,2026-07-29 05:00:00+00:00,30.0,78,4.2,115,0.2,976.3,Open-Meteo archive context,configured pilot anchor
DEL_ROH,Rohini pilot area,Delhi,North West Delhi,2026-07-29 06:00:00+00:00,31.1,76,1.8,174,0.0,976.1,Open-Meteo archive context,configured pilot anchor
DEL_ROH,Rohini pilot area,Delhi,North West Delhi,2026-07-29 07:00:00+00:00,32.4,69,0.8,315,0.0,975.5,Open-Meteo archive context,configured pilot anchor
DEL_ROH,Rohini pilot area,Delhi,North West Delhi,2026-07-29 08:00:00+00:00,32.5,68,0.3,225,0.0,975.2,Open-Meteo archive context,configured pilot anchor
DEL_ROH,Rohini pilot area,Delhi,North West Delhi,2026-07-29 09:00:00+00:00,32.8,68,1.3,270,0.0,974.2,Open-Meteo archive context,configured pilot anchor
DEL_ROH,Rohini pilot area,Delhi,North West Delhi,2026-07-29 10:00:00+00:00,33.0,68,3.8,262,0.2,973.4,Open-Meteo archive context,configured pilot anchor
DEL_ROH,Rohini pilot area,Delhi,North West Delhi,2026-07-29 11:00:00+00:00,32.3,71,0.5,315,0.1,972.7,Open-Meteo archive context,configured pilot anchor
DEL_ROH,Rohini pilot area,Delhi,North West Delhi,2026-07-29 12:00:00+00:00,33.4,65,1.8,127,0.3,972.5,Open-Meteo archive context,configured pilot anchor
DEL_ROH,Rohini pilot area,Delhi,North West Delhi,2026-07-29 13:00:00+00:00,32.6,72,2.0,95,0.0,972.4,Open-Meteo archive context,configured pilot anchor
DEL_ROH,Rohini pilot area,Delhi,North West Delhi,2026-07-29 14:00:00+00:00,31.3,78,4.2,85,0.0,973.3,Open-Meteo archive context,configured pilot anchor
DEL_ROH,Rohini pilot area,Delhi,North West Delhi,2026-07-29 15:00:00+00:00,30.7,81,5.0,116,0.0,974.0,Open-Meteo archive context,configured pilot anchor
DEL_ROH,Rohini pilot area,Delhi,North West Delhi,2026-07-29 16:00:00+00:00,30.3,84,5.4,130,0.0,975.1,Open-Meteo archive context,configured pilot anchor
DEL_ROH,Rohini pilot area,Delhi,North West Delhi,2026-07-29 17:00:00+00:00,29.8,86,4.1,131,0.0,975.2,Open-Meteo archive context,configured pilot anchor
DEL_ROH,Rohini pilot area,Delhi,North West Delhi,2026-07-29 18:00:00+00:00,30.2,87,6.2,120,0.0,974.7,Open-Meteo archive context,configured pilot anchor
DEL_ROH,Rohini pilot area,Delhi,North West Delhi,2026-07-29 19:00:00+00:00,29.5,89,4.0,150,0.0,974.3,Open-Meteo archive context,configured pilot anchor
DEL_ROH,Rohini pilot area,Delhi,North West Delhi,2026-07-29 20:00:00+00:00,26.2,97,10.0,13,3.9,975.0,Open-Meteo archive context,configured pilot anchor
DEL_ROH,Rohini pilot area,Delhi,North West Delhi,2026-07-29 21:00:00+00:00,26.3,98,6.9,143,1.2,974.2,Open-Meteo archive context,configured pilot anchor
DEL_ROH,Rohini pilot area,Delhi,North West Delhi,2026-07-29 22:00:00+00:00,26.4,97,3.6,117,0.2,974.0,Open-Meteo archive context,configured pilot anchor
DEL_ROH,Rohini pilot area,Delhi,North West Delhi,2026-07-29 23:00:00+00:00,26.4,98,4.0,111,0.0,973.7,Open-Meteo archive context,configured pilot anchor
DEL_ROH,Rohini pilot area,Delhi,North West Delhi,2026-07-30 00:00:00+00:00,28.7,95,4.1,151,0.0,973.2,Open-Meteo archive context,configured pilot anchor
DEL_ROH,Rohini pilot area,Delhi,North West Delhi,2026-07-30 01:00:00+00:00,28.6,93,7.2,117,0.1,973.6,Open-Meteo archive context,configured pilot anchor
DEL_ROH,Rohini pilot area,Delhi,North West Delhi,2026-07-30 02:00:00+00:00,29.9,88,5.8,129,0.0,974.2,Open-Meteo archive context,configured pilot anchor
DEL_ROH,Rohini pilot area,Delhi,North West Delhi,2026-07-30 03:00:00+00:00,29.0,88,5.0,150,1.9,975.1,Open-Meteo archive context,configured pilot anchor
DEL_ROH,Rohini pilot area,Delhi,North West Delhi,2026-07-30 04:00:00+00:00,30.9,77,7.3,149,0.3,975.1,Open-Meteo archive context,configured pilot anchor
DEL_ROH,Rohini pilot area,Delhi,North West Delhi,2026-07-30 05:00:00+00:00,32.3,67,8.0,166,0.1,975.6,Open-Meteo archive context,configured pilot anchor
DEL_ROH,Rohini pilot area,Delhi,North West Delhi,2026-07-30 06:00:00+00:00,32.1,70,4.8,155,0.0,975.5,Open-Meteo archive context,configured pilot anchor
DEL_ROH,Rohini pilot area,Delhi,North West Delhi,2026-07-30 07:00:00+00:00,33.2,63,5.4,132,0.2,975.1,Open-Meteo archive context,configured pilot anchor
DEL_ROH,Rohini pilot area,Delhi,North West Delhi,2026-07-30 08:00:00+00:00,33.2,61,7.6,133,0.1,974.8,Open-Meteo archive context,configured pilot anchor
DEL_ROH,Rohini pilot area,Delhi,North West Delhi,2026-07-30 09:00:00+00:00,32.9,63,4.6,189,0.4,974.0,Open-Meteo archive context,configured pilot anchor
DEL_ROH,Rohini pilot area,Delhi,North West Delhi,2026-07-30 10:00:00+00:00,33.4,61,2.6,164,0.1,973.1,Open-Meteo archive context,configured pilot anchor
DEL_ROH,Rohini pilot area,Delhi,North West Delhi,2026-07-30 11:00:00+00:00,33.4,61,4.1,103,0.1,972.4,Open-Meteo archive context,configured pilot anchor
DEL_ROH,Rohini pilot area,Delhi,North West Delhi,2026-07-30 12:00:00+00:00,30.7,72,13.3,71,0.0,972.1,Open-Meteo archive context,configured pilot anchor
DEL_ROH,Rohini pilot area,Delhi,North West Delhi,2026-07-30 13:00:00+00:00,29.8,80,14.6,76,0.4,972.8,Open-Meteo archive context,configured pilot anchor
DEL_ROH,Rohini pilot area,Delhi,North West Delhi,2026-07-30 14:00:00+00:00,28.9,84,8.1,69,0.0,973.6,Open-Meteo archive context,configured pilot anchor
DEL_ROH,Rohini pilot area,Delhi,North West Delhi,2026-07-30 15:00:00+00:00,28.7,87,9.0,68,0.0,974.3,Open-Meteo archive context,configured pilot anchor
DEL_ROH,Rohini pilot area,Delhi,North West Delhi,2026-07-30 16:00:00+00:00,28.6,88,9.7,74,0.0,974.9,Open-Meteo archive context,configured pilot anchor
DEL_ROH,Rohini pilot area,Delhi,North West Delhi,2026-07-30 17:00:00+00:00,28.5,87,10.1,90,0.0,975.2,Open-Meteo archive context,configured pilot anchor
DEL_ROH,Rohini pilot area,Delhi,North West Delhi,2026-07-30 18:00:00+00:00,29.3,88,11.8,107,0.0,975.0,Open-Meteo archive context,configured pilot anchor
DEL_ROH,Rohini pilot area,Delhi,North West Delhi,2026-07-30 19:00:00+00:00,29.0,88,11.0,101,0.0,974.6,Open-Meteo archive context,configured pilot anchor
DEL_ROH,Rohini pilot area,Delhi,North West Delhi,2026-07-30 20:00:00+00:00,28.8,88,10.7,102,0.0,974.6,Open-Meteo archive context,configured pilot anchor
DEL_ROH,Rohini pilot area,Delhi,North West Delhi,2026-07-30 21:00:00+00:00,28.7,87,10.7,102,0.0,974.6,Open-Meteo archive context,configured pilot anchor
DEL_ROH,Rohini pilot area,Delhi,North West Delhi,2026-07-30 22:00:00+00:00,28.5,86,9.8,95,0.0,974.4,Open-Meteo archive context,configured pilot anchor
DEL_ROH,Rohini pilot area,Delhi,North West Delhi,2026-07-30 23:00:00+00:00,28.3,86,11.2,96,0.0,974.6,Open-Meteo archive context,configured pilot anchor
DEL_ROH,Rohini pilot area,Delhi,North West Delhi,2026-07-31 00:00:00+00:00,28.5,83,11.6,105,0.0,974.4,Open-Meteo archive context,configured pilot anchor
DEL_ROH,Rohini pilot area,Delhi,North West Delhi,2026-07-31 01:00:00+00:00,28.4,83,11.4,101,0.0,974.9,Open-Meteo archive context,configured pilot anchor
DEL_ROH,Rohini pilot area,Delhi,North West Delhi,2026-07-31 02:00:00+00:00,28.9,81,10.8,93,0.0,975.5,Open-Meteo archive context,configured pilot anchor
DEL_ROH,Rohini pilot area,Delhi,North West Delhi,2026-07-31 03:00:00+00:00,29.4,77,13.9,96,0.1,975.7,Open-Meteo archive context,configured pilot anchor
DEL_ROH,Rohini pilot area,Delhi,North West Delhi,2026-07-31 04:00:00+00:00,29.7,76,14.2,98,0.1,976.0,Open-Meteo archive context,configured pilot anchor
DEL_ROH,Rohini pilot area,Delhi,North West Delhi,2026-07-31 05:00:00+00:00,29.9,75,14.1,95,0.2,976.1,Open-Meteo archive context,configured pilot anchor
DEL_ROH,Rohini pilot area,Delhi,North West Delhi,2026-07-31 06:00:00+00:00,30.4,73,12.7,103,0.2,976.4,Open-Meteo archive context,configured pilot anchor
DEL_ROH,Rohini pilot area,Delhi,North West Delhi,2026-07-31 07:00:00+00:00,31.2,69,12.4,106,0.0,975.6,Open-Meteo archive context,configured pilot anchor
DEL_ROH,Rohini pilot area,Delhi,North West Delhi,2026-07-31 08:00:00+00:00,32.1,65,13.7,101,0.0,974.9,Open-Meteo archive context,configured pilot anchor
DEL_ROH,Rohini pilot area,Delhi,North West Delhi,2026-07-31 09:00:00+00:00,32.5,65,10.7,95,0.0,974.1,Open-Meteo archive context,configured pilot anchor
DEL_ROH,Rohini pilot area,Delhi,North West Delhi,2026-07-31 10:00:00+00:00,32.6,64,10.3,97,0.1,973.2,Open-Meteo archive context,configured pilot anchor
DEL_ROH,Rohini pilot area,Delhi,North West Delhi,2026-07-31 11:00:00+00:00,32.4,64,9.9,81,0.1,972.7,Open-Meteo archive context,configured pilot anchor
DEL_ROH,Rohini pilot area,Delhi,North West Delhi,2026-07-31 12:00:00+00:00,31.3,72,10.1,84,0.6,972.6,Open-Meteo archive context,configured pilot anchor
DEL_ROH,Rohini pilot area,Delhi,North West Delhi,2026-07-31 13:00:00+00:00,30.9,75,7.0,72,0.0,973.0,Open-Meteo archive context,configured pilot anchor
DEL_ROH,Rohini pilot area,Delhi,North West Delhi,2026-07-31 14:00:00+00:00,30.1,79,8.1,77,0.0,973.7,Open-Meteo archive context,configured pilot anchor
DEL_ROH,Rohini pilot area,Delhi,North West Delhi,2026-07-31 15:00:00+00:00,29.9,81,8.4,79,0.0,974.4,Open-Meteo archive context,configured pilot anchor
DEL_ROH,Rohini pilot area,Delhi,North West Delhi,2026-07-31 16:00:00+00:00,29.7,82,10.5,93,0.0,975.0,Open-Meteo archive context,configured pilot anchor
DEL_ROH,Rohini pilot area,Delhi,North West Delhi,2026-07-31 17:00:00+00:00,29.5,83,10.9,99,0.0,975.5,Open-Meteo archive context,configured pilot anchor
DEL_ROH,Rohini pilot area,Delhi,North West Delhi,2026-07-31 18:00:00+00:00,28.6,83,11.0,89,0.0,975.1,Open-Meteo archive context,configured pilot anchor
DEL_ROH,Rohini pilot area,Delhi,North West Delhi,2026-07-31 19:00:00+00:00,28.5,86,10.1,93,0.0,975.0,Open-Meteo archive context,configured pilot anchor
DEL_ROH,Rohini pilot area,Delhi,North West Delhi,2026-07-31 20:00:00+00:00,27.5,91,11.3,119,0.6,975.0,Open-Meteo archive context,configured pilot anchor
DEL_ROH,Rohini pilot area,Delhi,North West Delhi,2026-07-31 21:00:00+00:00,27.5,91,10.9,98,0.2,974.5,Open-Meteo archive context,configured pilot anchor
DEL_ROH,Rohini pilot area,Delhi,North West Delhi,2026-07-31 22:00:00+00:00,27.6,89,11.2,96,0.0,974.5,Open-Meteo archive context,configured pilot anchor
DEL_ROH,Rohini pilot area,Delhi,North West Delhi,2026-07-31 23:00:00+00:00,27.5,88,10.3,87,0.0,974.7,Open-Meteo archive context,configured pilot anchor
DEL_ROH,Rohini pilot area,Delhi,North West Delhi,2026-08-01 00:00:00+00:00,27.5,91,10.4,88,0.0,974.6,Open-Meteo archive context,configured pilot anchor
DEL_ROH,Rohini pilot area,Delhi,North West Delhi,2026-08-01 01:00:00+00:00,27.5,90,11.1,83,0.0,975.1,Open-Meteo archive context,configured pilot anchor
DEL_ROH,Rohini pilot area,Delhi,North West Delhi,2026-08-01 02:00:00+00:00,27.6,86,12.7,84,0.1,975.4,Open-Meteo archive context,configured pilot anchor
DEL_ROH,Rohini pilot area,Delhi,North West Delhi,2026-08-01 03:00:00+00:00,28.4,81,14.5,101,0.0,975.4,Open-Meteo archive context,configured pilot anchor
DEL_ROH,Rohini pilot area,Delhi,North West Delhi,2026-08-01 04:00:00+00:00,29.7,77,12.5,105,0.0,975.4,Open-Meteo archive context,configured pilot anchor
DEL_ROH,Rohini pilot area,Delhi,North West Delhi,2026-08-01 05:00:00+00:00,30.8,70,11.4,108,0.1,975.4,Open-Meteo archive context,configured pilot anchor
DEL_ROH,Rohini pilot area,Delhi,North West Delhi,2026-08-01 06:00:00+00:00,31.9,65,11.8,109,0.2,975.2,Open-Meteo archive context,configured pilot anchor
DEL_ROH,Rohini pilot area,Delhi,North West Delhi,2026-08-01 07:00:00+00:00,32.7,62,11.5,104,0.1,974.6,Open-Meteo archive context,configured pilot anchor
DEL_ROH,Rohini pilot area,Delhi,North West Delhi,2026-08-01 08:00:00+00:00,33.2,64,11.7,104,0.0,974.0,Open-Meteo archive context,configured pilot anchor
DEL_ROH,Rohini pilot area,Delhi,North West Delhi,2026-08-01 09:00:00+00:00,30.7,74,13.1,65,0.9,973.6,Open-Meteo archive context,configured pilot anchor
DEL_ROH,Rohini pilot area,Delhi,North West Delhi,2026-08-01 10:00:00+00:00,30.5,79,8.9,52,0.2,972.8,Open-Meteo archive context,configured pilot anchor
DEL_ROH,Rohini pilot area,Delhi,North West Delhi,2026-08-01 11:00:00+00:00,31.1,76,8.5,69,0.0,972.3,Open-Meteo archive context,configured pilot anchor
DEL_ROH,Rohini pilot area,Delhi,North West Delhi,2026-08-01 12:00:00+00:00,31.1,75,10.6,80,0.0,972.5,Open-Meteo archive context,configured pilot anchor
DEL_ROH,Rohini pilot area,Delhi,North West Delhi,2026-08-01 13:00:00+00:00,30.4,79,7.1,99,0.0,973.0,Open-Meteo archive context,configured pilot anchor
DEL_ROH,Rohini pilot area,Delhi,North West Delhi,2026-08-01 14:00:00+00:00,29.9,83,5.3,78,0.0,973.4,Open-Meteo archive context,configured pilot anchor
DEL_ROH,Rohini pilot area,Delhi,North West Delhi,2026-08-01 15:00:00+00:00,29.7,84,7.2,78,0.0,974.2,Open-Meteo archive context,configured pilot anchor
DEL_ROH,Rohini pilot area,Delhi,North West Delhi,2026-08-01 16:00:00+00:00,29.6,85,8.5,84,0.0,974.9,Open-Meteo archive context,configured pilot anchor
DEL_ROH,Rohini pilot area,Delhi,North West Delhi,2026-08-01 17:00:00+00:00,29.3,85,10.5,97,0.0,975.2,Open-Meteo archive context,configured pilot anchor
DEL_ROH,Rohini pilot area,Delhi,North West Delhi,2026-08-01 18:00:00+00:00,27.6,88,13.0,104,0.0,975.3,Open-Meteo archive context,configured pilot anchor
DEL_ROH,Rohini pilot area,Delhi,North West Delhi,2026-08-01 19:00:00+00:00,27.3,87,10.9,121,0.2,974.9,Open-Meteo archive context,configured pilot anchor
DEL_ROH,Rohini pilot area,Delhi,North West Delhi,2026-08-01 20:00:00+00:00,27.2,89,8.1,118,0.1,975.3,Open-Meteo archive context,configured pilot anchor
DEL_ROH,Rohini pilot area,Delhi,North West Delhi,2026-08-01 21:00:00+00:00,27.2,90,6.1,87,0.1,975.0,Open-Meteo archive context,configured pilot anchor
DEL_ROH,Rohini pilot area,Delhi,North West Delhi,2026-08-01 22:00:00+00:00,27.0,92,6.5,87,0.0,974.5,Open-Meteo archive context,configured pilot anchor
DEL_ROH,Rohini pilot area,Delhi,North West Delhi,2026-08-01 23:00:00+00:00,27.0,93,6.5,103,0.0,975.1,Open-Meteo archive context,configured pilot anchor
DEL_ROH,Rohini pilot area,Delhi,North West Delhi,2026-08-02 00:00:00+00:00,27.6,95,6.5,95,0.0,974.9,Open-Meteo archive context,configured pilot anchor
DEL_ROH,Rohini pilot area,Delhi,North West Delhi,2026-08-02 01:00:00+00:00,27.3,95,13.2,93,0.1,975.6,Open-Meteo archive context,configured pilot anchor
DEL_ROH,Rohini pilot area,Delhi,North West Delhi,2026-08-02 02:00:00+00:00,27.5,92,9.9,100,0.0,975.9,Open-Meteo archive context,configured pilot anchor
DEL_ROH,Rohini pilot area,Delhi,North West Delhi,2026-08-02 03:00:00+00:00,28.9,84,9.5,105,0.0,976.2,Open-Meteo archive context,configured pilot anchor
DEL_ROH,Rohini pilot area,Delhi,North West Delhi,2026-08-02 04:00:00+00:00,30.5,77,9.0,106,0.0,976.2,Open-Meteo archive context,configured pilot anchor
DEL_ROH,Rohini pilot area,Delhi,North West Delhi,2026-08-02 05:00:00+00:00,32.0,69,8.7,114,0.1,976.1,Open-Meteo archive context,configured pilot anchor
DEL_ROH,Rohini pilot area,Delhi,North West Delhi,2026-08-02 06:00:00+00:00,33.8,56,7.7,115,0.1,976.0,Open-Meteo archive context,configured pilot anchor
DEL_ROH,Rohini pilot area,Delhi,North West Delhi,2026-08-02 07:00:00+00:00,34.0,57,8.6,100,0.2,975.7,Open-Meteo archive context,configured pilot anchor
DEL_ROH,Rohini pilot area,Delhi,North West Delhi,2026-08-02 08:00:00+00:00,33.6,58,10.7,95,0.5,975.2,Open-Meteo archive context,configured pilot anchor
DEL_ROH,Rohini pilot area,Delhi,North West Delhi,2026-08-02 09:00:00+00:00,33.0,64,9.2,93,0.9,974.4,Open-Meteo archive context,configured pilot anchor
DEL_ROH,Rohini pilot area,Delhi,North West Delhi,2026-08-02 10:00:00+00:00,33.2,62,8.2,104,0.2,973.7,Open-Meteo archive context,configured pilot anchor
DEL_ROH,Rohini pilot area,Delhi,North West Delhi,2026-08-02 11:00:00+00:00,33.3,62,8.1,121,0.1,973.3,Open-Meteo archive context,configured pilot anchor
DEL_ROH,Rohini pilot area,Delhi,North West Delhi,2026-08-02 12:00:00+00:00,30.1,80,10.5,145,0.1,974.2,Open-Meteo archive context,configured pilot anchor
DEL_ROH,Rohini pilot area,Delhi,North West Delhi,2026-08-02 13:00:00+00:00,29.0,85,10.3,75,0.1,974.6,Open-Meteo archive context,configured pilot anchor
DEL_ROH,Rohini pilot area,Delhi,North West Delhi,2026-08-02 14:00:00+00:00,26.9,95,7.9,120,4.4,974.1,Open-Meteo archive context,configured pilot anchor
DEL_ROH,Rohini pilot area,Delhi,North West Delhi,2026-08-02 15:00:00+00:00,27.3,95,6.9,76,0.9,975.3,Open-Meteo archive context,configured pilot anchor
DEL_ROH,Rohini pilot area,Delhi,North West Delhi,2026-08-02 16:00:00+00:00,27.6,95,7.2,76,0.2,976.3,Open-Meteo archive context,configured pilot anchor
DEL_ROH,Rohini pilot area,Delhi,North West Delhi,2026-08-02 17:00:00+00:00,27.6,96,7.9,79,0.0,976.7,Open-Meteo archive context,configured pilot anchor
DEL_ROH,Rohini pilot area,Delhi,North West Delhi,2026-08-02 18:00:00+00:00,28.9,93,5.6,112,0.0,976.1,Open-Meteo archive context,configured pilot anchor
DEL_ROH,Rohini pilot area,Delhi,North West Delhi,2026-08-02 19:00:00+00:00,28.6,94,7.0,89,0.0,975.7,Open-Meteo archive context,configured pilot anchor
DEL_ROH,Rohini pilot area,Delhi,North West Delhi,2026-08-02 20:00:00+00:00,28.4,95,6.7,99,0.0,975.6,Open-Meteo archive context,configured pilot anchor
DEL_ROH,Rohini pilot area,Delhi,North West Delhi,2026-08-02 21:00:00+00:00,28.1,95,8.8,95,0.0,975.3,Open-Meteo archive context,configured pilot anchor
DEL_ROH,Rohini pilot area,Delhi,North West Delhi,2026-08-02 22:00:00+00:00,27.8,94,7.0,102,0.0,975.2,Open-Meteo archive context,configured pilot anchor
DEL_ROH,Rohini pilot area,Delhi,North West Delhi,2026-08-02 23:00:00+00:00,27.5,94,7.5,111,0.0,975.1,Open-Meteo archive context,configured pilot anchor
DEL_ROH,Rohini pilot area,Delhi,North West Delhi,2026-08-03 00:00:00+00:00,27.2,94,7.1,173,0.0,975.1,Open-Meteo archive context,configured pilot anchor
DEL_ROH,Rohini pilot area,Delhi,North West Delhi,2026-08-03 01:00:00+00:00,25.7,98,7.2,342,2.6,976.0,Open-Meteo archive context,configured pilot anchor
DEL_ROH,Rohini pilot area,Delhi,North West Delhi,2026-08-03 02:00:00+00:00,26.1,97,3.7,39,1.4,975.8,Open-Meteo archive context,configured pilot anchor
DEL_ROH,Rohini pilot area,Delhi,North West Delhi,2026-08-03 03:00:00+00:00,27.3,93,3.8,90,0.9,976.7,Open-Meteo archive context,configured pilot anchor
DEL_ROH,Rohini pilot area,Delhi,North West Delhi,2026-08-03 04:00:00+00:00,28.9,88,4.5,88,0.4,976.8,Open-Meteo archive context,configured pilot anchor
DEL_ROH,Rohini pilot area,Delhi,North West Delhi,2026-08-03 05:00:00+00:00,30.2,83,5.0,103,0.2,977.2,Open-Meteo archive context,configured pilot anchor
DEL_ROH,Rohini pilot area,Delhi,North West Delhi,2026-08-03 06:00:00+00:00,32.1,71,6.5,92,0.2,976.8,Open-Meteo archive context,configured pilot anchor
DEL_ROH,Rohini pilot area,Delhi,North West Delhi,2026-08-03 07:00:00+00:00,33.1,66,7.8,105,0.1,976.4,Open-Meteo archive context,configured pilot anchor
DEL_ROH,Rohini pilot area,Delhi,North West Delhi,2026-08-03 08:00:00+00:00,33.4,66,7.7,123,0.0,976.2,Open-Meteo archive context,configured pilot anchor
DEL_ROH,Rohini pilot area,Delhi,North West Delhi,2026-08-03 09:00:00+00:00,33.5,65,7.3,121,0.0,975.1,Open-Meteo archive context,configured pilot anchor
DEL_ROH,Rohini pilot area,Delhi,North West Delhi,2026-08-03 10:00:00+00:00,29.0,85,3.8,109,4.6,975.6,Open-Meteo archive context,configured pilot anchor
DEL_ROH,Rohini pilot area,Delhi,North West Delhi,2026-08-03 11:00:00+00:00,29.7,83,1.9,214,0.6,974.7,Open-Meteo archive context,configured pilot anchor
DEL_ROH,Rohini pilot area,Delhi,North West Delhi,2026-08-03 12:00:00+00:00,32.9,69,8.7,142,0.1,974.1,Open-Meteo archive context,configured pilot anchor
DEL_ROH,Rohini pilot area,Delhi,North West Delhi,2026-08-03 13:00:00+00:00,27.8,92,10.3,235,7.4,974.4,Open-Meteo archive context,configured pilot anchor
DEL_ROH,Rohini pilot area,Delhi,North West Delhi,2026-08-03 14:00:00+00:00,27.6,96,4.1,67,3.3,975.7,Open-Meteo archive context,configured pilot anchor
DEL_ROH,Rohini pilot area,Delhi,North West Delhi,2026-08-03 15:00:00+00:00,27.7,93,5.2,106,1.2,976.1,Open-Meteo archive context,configured pilot anchor
DEL_ROH,Rohini pilot area,Delhi,North West Delhi,2026-08-03 16:00:00+00:00,27.1,94,2.8,130,5.4,977.5,Open-Meteo archive context,configured pilot anchor
DEL_ROH,Rohini pilot area,Delhi,North West Delhi,2026-08-03 17:00:00+00:00,26.9,96,5.0,120,1.8,977.1,Open-Meteo archive context,configured pilot anchor
DEL_ROH,Rohini pilot area,Delhi,North West Delhi,2026-08-03 18:00:00+00:00,26.7,96,7.8,86,0.6,977.2,Open-Meteo archive context,configured pilot anchor
DEL_ROH,Rohini pilot area,Delhi,North West Delhi,2026-08-03 19:00:00+00:00,26.8,96,6.6,137,0.9,976.7,Open-Meteo archive context,configured pilot anchor
DEL_ROH,Rohini pilot area,Delhi,North West Delhi,2026-08-03 20:00:00+00:00,26.9,97,7.5,153,0.4,976.4,Open-Meteo archive context,configured pilot anchor
DEL_ROH,Rohini pilot area,Delhi,North West Delhi,2026-08-03 21:00:00+00:00,26.9,97,5.6,135,0.2,976.3,Open-Meteo archive context,configured pilot anchor
DEL_ROH,Rohini pilot area,Delhi,North West Delhi,2026-08-03 22:00:00+00:00,26.9,97,4.8,138,0.1,976.7,Open-Meteo archive context,configured pilot anchor
DEL_ROH,Rohini pilot area,Delhi,North West Delhi,2026-08-03 23:00:00+00:00,26.9,97,4.8,151,0.1,976.6,Open-Meteo archive context,configured pilot anchor
DEL_ROH,Rohini pilot area,Delhi,North West Delhi,2026-08-04 00:00:00+00:00,26.6,96,4.5,217,0.0,976.1,Open-Meteo archive context,configured pilot anchor
DEL_ROH,Rohini pilot area,Delhi,North West Delhi,2026-08-04 01:00:00+00:00,26.4,97,8.5,218,2.4,977.0,Open-Meteo archive context,configured pilot anchor
DEL_ROH,Rohini pilot area,Delhi,North West Delhi,2026-08-04 02:00:00+00:00,26.7,95,4.5,157,2.2,976.9,Open-Meteo archive context,configured pilot anchor
DEL_ROH,Rohini pilot area,Delhi,North West Delhi,2026-08-04 03:00:00+00:00,27.1,95,5.8,184,1.1,977.5,Open-Meteo archive context,configured pilot anchor
DEL_ROH,Rohini pilot area,Delhi,North West Delhi,2026-08-04 04:00:00+00:00,28.1,88,4.6,216,0.7,978.0,Open-Meteo archive context,configured pilot anchor
DEL_ROH,Rohini pilot area,Delhi,North West Delhi,2026-08-04 05:00:00+00:00,28.7,86,4.3,242,0.8,978.6,Open-Meteo archive context,configured pilot anchor
DEL_ROH,Rohini pilot area,Delhi,North West Delhi,2026-08-04 06:00:00+00:00,27.1,94,1.0,315,3.4,978.4,Open-Meteo archive context,configured pilot anchor
DEL_ROH,Rohini pilot area,Delhi,North West Delhi,2026-08-04 07:00:00+00:00,27.5,93,8.0,329,1.6,978.1,Open-Meteo archive context,configured pilot anchor
DEL_ROH,Rohini pilot area,Delhi,North West Delhi,2026-08-04 08:00:00+00:00,27.5,93,7.0,357,1.0,977.5,Open-Meteo archive context,configured pilot anchor
DEL_ROH,Rohini pilot area,Delhi,North West Delhi,2026-08-04 09:00:00+00:00,27.9,91,6.3,31,0.5,976.9,Open-Meteo archive context,configured pilot anchor
DEL_ROH,Rohini pilot area,Delhi,North West Delhi,2026-08-04 10:00:00+00:00,29.0,85,4.8,29,0.3,976.2,Open-Meteo archive context,configured pilot anchor
DEL_ROH,Rohini pilot area,Delhi,North West Delhi,2026-08-04 11:00:00+00:00,29.8,80,3.6,342,0.1,975.3,Open-Meteo archive context,configured pilot anchor
DEL_ROH,Rohini pilot area,Delhi,North West Delhi,2026-08-04 12:00:00+00:00,27.7,94,4.2,121,0.0,975.8,Open-Meteo archive context,configured pilot anchor
DEL_ROH,Rohini pilot area,Delhi,North West Delhi,2026-08-04 13:00:00+00:00,27.6,95,2.7,132,1.3,975.7,Open-Meteo archive context,configured pilot anchor
DEL_ROH,Rohini pilot area,Delhi,North West Delhi,2026-08-04 14:00:00+00:00,27.4,96,0.7,270,0.5,976.0,Open-Meteo archive context,configured pilot anchor
DEL_ROH,Rohini pilot area,Delhi,North West Delhi,2026-08-04 15:00:00+00:00,27.4,96,0.6,18,0.2,976.6,Open-Meteo archive context,configured pilot anchor
DEL_ROH,Rohini pilot area,Delhi,North West Delhi,2026-08-04 16:00:00+00:00,27.4,97,0.5,90,0.1,977.3,Open-Meteo archive context,configured pilot anchor
DEL_ROH,Rohini pilot area,Delhi,North West Delhi,2026-08-04 17:00:00+00:00,27.3,97,0.8,135,0.0,977.4,Open-Meteo archive context,configured pilot anchor
DEL_ROH,Rohini pilot area,Delhi,North West Delhi,2026-08-04 18:00:00+00:00,27.8,95,1.5,97,0.0,976.7,Open-Meteo archive context,configured pilot anchor
DEL_ROH,Rohini pilot area,Delhi,North West Delhi,2026-08-04 19:00:00+00:00,27.3,98,1.7,32,0.0,976.0,Open-Meteo archive context,configured pilot anchor
DEL_ROH,Rohini pilot area,Delhi,North West Delhi,2026-08-04 20:00:00+00:00,27.3,98,1.3,8,0.0,975.7,Open-Meteo archive context,configured pilot anchor
DEL_ROH,Rohini pilot area,Delhi,North West Delhi,2026-08-04 21:00:00+00:00,27.2,98,1.2,231,0.0,975.3,Open-Meteo archive context,configured pilot anchor
DEL_ROH,Rohini pilot area,Delhi,North West Delhi,2026-08-04 22:00:00+00:00,27.0,95,1.5,300,0.0,975.4,Open-Meteo archive context,configured pilot anchor
DEL_ROH,Rohini pilot area,Delhi,North West Delhi,2026-08-04 23:00:00+00:00,26.7,96,1.6,6,0.3,975.2,Open-Meteo archive context,configured pilot anchor
DEL_ROH,Rohini pilot area,Delhi,North West Delhi,2026-08-05 00:00:00+00:00,26.2,96,2.3,356,0.1,975.3,Open-Meteo archive context,configured pilot anchor
DEL_ROH,Rohini pilot area,Delhi,North West Delhi,2026-08-05 01:00:00+00:00,26.6,95,0.8,135,0.2,975.5,Open-Meteo archive context,configured pilot anchor
DEL_ROH,Rohini pilot area,Delhi,North West Delhi,2026-08-05 02:00:00+00:00,27.2,92,0.5,90,0.0,975.6,Open-Meteo archive context,configured pilot anchor
DEL_ROH,Rohini pilot area,Delhi,North West Delhi,2026-08-05 03:00:00+00:00,28.6,85,1.7,288,0.0,975.7,Open-Meteo archive context,configured pilot anchor
DEL_ROH,Rohini pilot area,Delhi,North West Delhi,2026-08-05 04:00:00+00:00,30.4,74,4.4,300,0.0,975.8,Open-Meteo archive context,configured pilot anchor
DEL_ROH,Rohini pilot area,Delhi,North West Delhi,2026-08-05 05:00:00+00:00,31.6,66,5.7,314,0.0,975.7,Open-Meteo archive context,configured pilot anchor
DEL_ROH,Rohini pilot area,Delhi,North West Delhi,2026-08-05 06:00:00+00:00,32.5,64,5.2,314,0.1,975.7,Open-Meteo archive context,configured pilot anchor
DEL_ROH,Rohini pilot area,Delhi,North West Delhi,2026-08-05 07:00:00+00:00,31.8,65,5.8,292,0.0,974.5,Open-Meteo archive context,configured pilot anchor
DEL_ROH,Rohini pilot area,Delhi,North West Delhi,2026-08-05 08:00:00+00:00,32.4,63,6.1,304,0.0,974.2,Open-Meteo archive context,configured pilot anchor
DEL_ROH,Rohini pilot area,Delhi,North West Delhi,2026-08-05 09:00:00+00:00,32.9,60,6.9,303,0.0,973.1,Open-Meteo archive context,configured pilot anchor
DEL_ROH,Rohini pilot area,Delhi,North West Delhi,2026-08-05 10:00:00+00:00,33.5,59,6.4,308,0.0,972.8,Open-Meteo archive context,configured pilot anchor
DEL_ROH,Rohini pilot area,Delhi,North West Delhi,2026-08-05 11:00:00+00:00,33.3,60,5.6,295,0.0,972.4,Open-Meteo archive context,configured pilot anchor
DEL_ROH,Rohini pilot area,Delhi,North West Delhi,2026-08-05 12:00:00+00:00,30.8,78,6.6,45,0.2,972.8,Open-Meteo archive context,configured pilot anchor
DEL_ROH,Rohini pilot area,Delhi,North West Delhi,2026-08-05 13:00:00+00:00,29.1,86,7.2,186,0.2,972.9,Open-Meteo archive context,configured pilot anchor
DEL_ROH,Rohini pilot area,Delhi,North West Delhi,2026-08-05 14:00:00+00:00,28.6,89,7.2,176,0.0,973.9,Open-Meteo archive context,configured pilot anchor
DEL_ROH,Rohini pilot area,Delhi,North West Delhi,2026-08-05 15:00:00+00:00,28.5,89,6.7,160,0.0,974.6,Open-Meteo archive context,configured pilot anchor
DEL_ROH,Rohini pilot area,Delhi,North West Delhi,2026-08-05 16:00:00+00:00,28.3,90,6.3,180,0.0,975.2,Open-Meteo archive context,configured pilot anchor
DEL_ROH,Rohini pilot area,Delhi,North West Delhi,2026-08-05 17:00:00+00:00,28.2,91,4.9,174,0.0,975.2,Open-Meteo archive context,configured pilot anchor
DEL_ROH,Rohini pilot area,Delhi,North West Delhi,2026-08-05 18:00:00+00:00,27.8,97,4.8,209,0.0,974.9,Open-Meteo archive context,configured pilot anchor
DEL_ROH,Rohini pilot area,Delhi,North West Delhi,2026-08-05 19:00:00+00:00,27.8,96,8.0,230,1.7,974.3,Open-Meteo archive context,configured pilot anchor
DEL_ROH,Rohini pilot area,Delhi,North West Delhi,2026-08-05 20:00:00+00:00,27.2,95,7.0,226,1.8,974.1,Open-Meteo archive context,configured pilot anchor
DEL_ROH,Rohini pilot area,Delhi,North West Delhi,2026-08-05 21:00:00+00:00,27.0,96,4.4,168,0.5,973.9,Open-Meteo archive context,configured pilot anchor
DEL_ROH,Rohini pilot area,Delhi,North West Delhi,2026-08-05 22:00:00+00:00,26.7,97,5.6,201,0.0,973.8,Open-Meteo archive context,configured pilot anchor
DEL_ROH,Rohini pilot area,Delhi,North West Delhi,2026-08-05 23:00:00+00:00,26.5,95,8.5,218,0.0,974.2,Open-Meteo archive context,configured pilot anchor
DEL_ROH,Rohini pilot area,Delhi,North West Delhi,2026-08-06 00:00:00+00:00,27.3,94,5.5,136,0.0,973.8,Open-Meteo archive context,configured pilot anchor
DEL_ROH,Rohini pilot area,Delhi,North West Delhi,2026-08-06 01:00:00+00:00,27.3,94,4.1,128,0.7,974.6,Open-Meteo archive context,configured pilot anchor
DEL_ROH,Rohini pilot area,Delhi,North West Delhi,2026-08-06 02:00:00+00:00,27.9,90,5.1,129,0.1,975.4,Open-Meteo archive context,configured pilot anchor
DEL_ROH,Rohini pilot area,Delhi,North West Delhi,2026-08-06 03:00:00+00:00,28.5,82,6.8,148,0.1,976.1,Open-Meteo archive context,configured pilot anchor
DEL_ROH,Rohini pilot area,Delhi,North West Delhi,2026-08-06 04:00:00+00:00,27.7,88,5.9,140,1.9,976.7,Open-Meteo archive context,configured pilot anchor
DEL_ROH,Rohini pilot area,Delhi,North West Delhi,2026-08-06 05:00:00+00:00,27.3,89,6.3,117,2.2,976.8,Open-Meteo archive context,configured pilot anchor
DEL_ROH,Rohini pilot area,Delhi,North West Delhi,2026-08-06 06:00:00+00:00,27.4,83,5.1,117,1.6,976.6,Open-Meteo archive context,configured pilot anchor
DEL_ROH,Rohini pilot area,Delhi,North West Delhi,2026-08-06 07:00:00+00:00,27.1,86,1.6,207,1.3,976.6,Open-Meteo archive context,configured pilot anchor
DEL_ROH,Rohini pilot area,Delhi,North West Delhi,2026-08-06 08:00:00+00:00,27.2,87,1.3,326,1.0,975.9,Open-Meteo archive context,configured pilot anchor
DEL_ROH,Rohini pilot area,Delhi,North West Delhi,2026-08-06 09:00:00+00:00,27.3,87,4.0,300,0.3,975.1,Open-Meteo archive context,configured pilot anchor
DEL_ROH,Rohini pilot area,Delhi,North West Delhi,2026-08-06 10:00:00+00:00,27.3,86,4.2,313,0.0,974.9,Open-Meteo archive context,configured pilot anchor
DEL_ROH,Rohini pilot area,Delhi,North West Delhi,2026-08-06 11:00:00+00:00,27.3,84,4.7,337,0.1,974.5,Open-Meteo archive context,configured pilot anchor
DEL_ROH,Rohini pilot area,Delhi,North West Delhi,2026-08-06 12:00:00+00:00,28.2,82,7.8,29,0.0,974.1,Open-Meteo archive context,configured pilot anchor
DEL_ROH,Rohini pilot area,Delhi,North West Delhi,2026-08-06 13:00:00+00:00,27.6,90,6.9,28,0.5,974.4,Open-Meteo archive context,configured pilot anchor
DEL_ROH,Rohini pilot area,Delhi,North West Delhi,2026-08-06 14:00:00+00:00,27.2,94,5.8,7,0.4,974.9,Open-Meteo archive context,configured pilot anchor
DEL_ROH,Rohini pilot area,Delhi,North West Delhi,2026-08-06 15:00:00+00:00,26.9,95,6.6,11,0.0,975.3,Open-Meteo archive context,configured pilot anchor
DEL_ROH,Rohini pilot area,Delhi,North West Delhi,2026-08-06 16:00:00+00:00,26.9,95,6.4,36,0.0,975.8,Open-Meteo archive context,configured pilot anchor
DEL_ROH,Rohini pilot area,Delhi,North West Delhi,2026-08-06 17:00:00+00:00,26.8,95,3.4,18,0.0,975.9,Open-Meteo archive context,configured pilot anchor
DEL_ROH,Rohini pilot area,Delhi,North West Delhi,2026-08-06 18:00:00+00:00,27.0,93,8.4,70,0.0,975.8,Open-Meteo archive context,configured pilot anchor
DEL_ROH,Rohini pilot area,Delhi,North West Delhi,2026-08-06 19:00:00+00:00,26.2,95,8.8,81,0.5,975.5,Open-Meteo archive context,configured pilot anchor
DEL_ROH,Rohini pilot area,Delhi,North West Delhi,2026-08-06 20:00:00+00:00,26.0,96,5.4,69,1.1,975.3,Open-Meteo archive context,configured pilot anchor
DEL_ROH,Rohini pilot area,Delhi,North West Delhi,2026-08-06 21:00:00+00:00,26.0,97,5.1,48,0.6,974.9,Open-Meteo archive context,configured pilot anchor
DEL_ROH,Rohini pilot area,Delhi,North West Delhi,2026-08-06 22:00:00+00:00,26.0,97,4.2,5,0.0,974.7,Open-Meteo archive context,configured pilot anchor
DEL_ROH,Rohini pilot area,Delhi,North West Delhi,2026-08-06 23:00:00+00:00,25.8,98,5.6,6,0.0,974.8,Open-Meteo archive context,configured pilot anchor
DEL_ROH,Rohini pilot area,Delhi,North West Delhi,2026-08-07 00:00:00+00:00,26.8,96,6.0,27,1.0,974.4,Open-Meteo archive context,configured pilot anchor
DEL_ROH,Rohini pilot area,Delhi,North West Delhi,2026-08-07 01:00:00+00:00,26.7,97,6.7,351,1.1,974.7,Open-Meteo archive context,configured pilot anchor
DEL_ROH,Rohini pilot area,Delhi,North West Delhi,2026-08-07 02:00:00+00:00,26.3,95,5.4,20,2.0,975.1,Open-Meteo archive context,configured pilot anchor
DEL_ROH,Rohini pilot area,Delhi,North West Delhi,2026-08-07 03:00:00+00:00,26.9,95,7.8,19,3.9,975.6,Open-Meteo archive context,configured pilot anchor
DEL_ROH,Rohini pilot area,Delhi,North West Delhi,2026-08-07 04:00:00+00:00,27.0,94,8.4,25,3.4,975.9,Open-Meteo archive context,configured pilot anchor
DEL_ROH,Rohini pilot area,Delhi,North West Delhi,2026-08-07 05:00:00+00:00,27.7,92,8.1,37,1.4,975.8,Open-Meteo archive context,configured pilot anchor
DEL_ROH,Rohini pilot area,Delhi,North West Delhi,2026-08-07 06:00:00+00:00,28.5,83,11.5,360,7.1,975.8,Open-Meteo archive context,configured pilot anchor
DEL_ROH,Rohini pilot area,Delhi,North West Delhi,2026-08-07 07:00:00+00:00,26.8,91,14.8,44,9.5,975.4,Open-Meteo archive context,configured pilot anchor
DEL_ROH,Rohini pilot area,Delhi,North West Delhi,2026-08-07 08:00:00+00:00,26.7,95,12.3,44,6.5,974.7,Open-Meteo archive context,configured pilot anchor
DEL_ROH,Rohini pilot area,Delhi,North West Delhi,2026-08-07 09:00:00+00:00,27.2,95,14.1,28,1.1,974.2,Open-Meteo archive context,configured pilot anchor
DEL_ROH,Rohini pilot area,Delhi,North West Delhi,2026-08-07 10:00:00+00:00,27.4,92,13.3,16,0.5,973.7,Open-Meteo archive context,configured pilot anchor
DEL_ROH,Rohini pilot area,Delhi,North West Delhi,2026-08-07 11:00:00+00:00,27.5,89,14.1,6,1.3,973.4,Open-Meteo archive context,configured pilot anchor
DEL_ROH,Rohini pilot area,Delhi,North West Delhi,2026-08-07 12:00:00+00:00,26.9,94,10.2,31,2.0,973.8,Open-Meteo archive context,configured pilot anchor
DEL_ROH,Rohini pilot area,Delhi,North West Delhi,2026-08-07 13:00:00+00:00,26.8,94,10.2,24,0.9,973.6,Open-Meteo archive context,configured pilot anchor
DEL_ROH,Rohini pilot area,Delhi,North West Delhi,2026-08-07 14:00:00+00:00,26.2,95,8.1,31,0.6,974.4,Open-Meteo archive context,configured pilot anchor
DEL_ROH,Rohini pilot area,Delhi,North West Delhi,2026-08-07 15:00:00+00:00,26.3,95,8.9,27,1.4,975.2,Open-Meteo archive context,configured pilot anchor
DEL_ROH,Rohini pilot area,Delhi,North West Delhi,2026-08-07 16:00:00+00:00,26.0,96,12.1,55,1.8,976.0,Open-Meteo archive context,configured pilot anchor
DEL_ROH,Rohini pilot area,Delhi,North West Delhi,2026-08-07 17:00:00+00:00,25.9,97,10.6,48,5.2,976.3,Open-Meteo archive context,configured pilot anchor
DEL_ROH,Rohini pilot area,Delhi,North West Delhi,2026-08-07 18:00:00+00:00,26.3,97,7.2,55,6.3,976.0,Open-Meteo archive context,configured pilot anchor
DEL_ROH,Rohini pilot area,Delhi,North West Delhi,2026-08-07 19:00:00+00:00,26.1,97,8.0,20,5.5,975.5,Open-Meteo archive context,configured pilot anchor
DEL_ROH,Rohini pilot area,Delhi,North West Delhi,2026-08-07 20:00:00+00:00,25.8,96,10.7,9,1.5,975.3,Open-Meteo archive context,configured pilot anchor
DEL_ROH,Rohini pilot area,Delhi,North West Delhi,2026-08-07 21:00:00+00:00,25.5,96,9.9,16,0.5,975.0,Open-Meteo archive context,configured pilot anchor
DEL_ROH,Rohini pilot area,Delhi,North West Delhi,2026-08-07 22:00:00+00:00,25.1,97,8.1,29,8.5,975.0,Open-Meteo archive context,configured pilot anchor
DEL_ROH,Rohini pilot area,Delhi,North West Delhi,2026-08-07 23:00:00+00:00,24.8,98,7.1,27,9.6,975.2,Open-Meteo archive context,configured pilot anchor
DEL_ROH,Rohini pilot area,Delhi,North West Delhi,2026-08-08 00:00:00+00:00,26.1,95,5.4,64,2.1,974.7,Open-Meteo archive context,configured pilot anchor
DEL_ROH,Rohini pilot area,Delhi,North West Delhi,2026-08-08 01:00:00+00:00,25.5,96,7.6,83,5.1,975.4,Open-Meteo archive context,configured pilot anchor
DEL_ROH,Rohini pilot area,Delhi,North West Delhi,2026-08-08 02:00:00+00:00,25.8,96,9.4,73,0.8,975.8,Open-Meteo archive context,configured pilot anchor
DEL_ROH,Rohini pilot area,Delhi,North West Delhi,2026-08-08 03:00:00+00:00,27.4,92,7.3,60,0.3,976.4,Open-Meteo archive context,configured pilot anchor
DEL_ROH,Rohini pilot area,Delhi,North West Delhi,2026-08-08 04:00:00+00:00,29.4,84,8.3,88,0.1,976.8,Open-Meteo archive context,configured pilot anchor
DEL_ROH,Rohini pilot area,Delhi,North West Delhi,2026-08-08 05:00:00+00:00,30.9,78,13.1,106,0.1,976.7,Open-Meteo archive context,configured pilot anchor
DEL_ROH,Rohini pilot area,Delhi,North West Delhi,2026-08-08 06:00:00+00:00,31.0,77,10.5,87,0.1,976.8,Open-Meteo archive context,configured pilot anchor
DEL_ROH,Rohini pilot area,Delhi,North West Delhi,2026-08-08 07:00:00+00:00,30.5,77,9.0,106,1.2,977.0,Open-Meteo archive context,configured pilot anchor
DEL_ROH,Rohini pilot area,Delhi,North West Delhi,2026-08-08 08:00:00+00:00,32.2,70,10.9,107,0.0,976.2,Open-Meteo archive context,configured pilot anchor
DEL_ROH,Rohini pilot area,Delhi,North West Delhi,2026-08-08 09:00:00+00:00,29.9,79,9.0,125,1.3,975.5,Open-Meteo archive context,configured pilot anchor
DEL_ROH,Rohini pilot area,Delhi,North West Delhi,2026-08-08 10:00:00+00:00,32.0,69,5.0,120,0.0,975.0,Open-Meteo archive context,configured pilot anchor
DEL_ROH,Rohini pilot area,Delhi,North West Delhi,2026-08-08 11:00:00+00:00,32.0,69,6.8,115,0.1,974.3,Open-Meteo archive context,configured pilot anchor
DEL_ROH,Rohini pilot area,Delhi,North West Delhi,2026-08-08 12:00:00+00:00,30.7,80,5.1,107,0.2,975.1,Open-Meteo archive context,configured pilot anchor
DEL_ROH,Rohini pilot area,Delhi,North West Delhi,2026-08-08 13:00:00+00:00,30.4,78,7.1,106,0.0,975.1,Open-Meteo archive context,configured pilot anchor
DEL_ROH,Rohini pilot area,Delhi,North West Delhi,2026-08-08 14:00:00+00:00,29.4,83,4.2,149,0.0,975.7,Open-Meteo archive context,configured pilot anchor
DEL_ROH,Rohini pilot area,Delhi,North West Delhi,2026-08-08 15:00:00+00:00,28.9,87,2.7,143,0.0,976.5,Open-Meteo archive context,configured pilot anchor
DEL_ROH,Rohini pilot area,Delhi,North West Delhi,2026-08-08 16:00:00+00:00,28.6,89,2.4,54,0.0,977.4,Open-Meteo archive context,configured pilot anchor
DEL_ROH,Rohini pilot area,Delhi,North West Delhi,2026-08-08 17:00:00+00:00,28.3,90,3.6,9,0.0,977.9,Open-Meteo archive context,configured pilot anchor
DEL_ROH,Rohini pilot area,Delhi,North West Delhi,2026-08-08 18:00:00+00:00,28.3,92,5.5,341,0.0,977.7,Open-Meteo archive context,configured pilot anchor
DEL_ROH,Rohini pilot area,Delhi,North West Delhi,2026-08-08 19:00:00+00:00,27.8,93,4.3,24,0.3,977.6,Open-Meteo archive context,configured pilot anchor
DEL_ROH,Rohini pilot area,Delhi,North West Delhi,2026-08-08 20:00:00+00:00,27.6,93,5.8,54,0.2,977.2,Open-Meteo archive context,configured pilot anchor
DEL_ROH,Rohini pilot area,Delhi,North West Delhi,2026-08-08 21:00:00+00:00,27.6,93,7.7,57,0.1,977.1,Open-Meteo archive context,configured pilot anchor
DEL_ROH,Rohini pilot area,Delhi,North West Delhi,2026-08-08 22:00:00+00:00,27.0,92,11.1,74,0.1,977.2,Open-Meteo archive context,configured pilot anchor
DEL_ROH,Rohini pilot area,Delhi,North West Delhi,2026-08-08 23:00:00+00:00,26.7,92,9.2,106,0.0,977.3,Open-Meteo archive context,configured pilot anchor
DEL_ROH,Rohini pilot area,Delhi,North West Delhi,2026-08-09 00:00:00+00:00,25.3,95,6.7,124,0.0,977.1,Open-Meteo archive context,configured pilot anchor
DEL_ROH,Rohini pilot area,Delhi,North West Delhi,2026-08-09 01:00:00+00:00,25.8,94,6.4,101,0.1,977.6,Open-Meteo archive context,configured pilot anchor
DEL_ROH,Rohini pilot area,Delhi,North West Delhi,2026-08-09 02:00:00+00:00,27.1,92,3.3,54,0.0,978.1,Open-Meteo archive context,configured pilot anchor
DEL_ROH,Rohini pilot area,Delhi,North West Delhi,2026-08-09 03:00:00+00:00,28.9,85,4.4,81,0.0,978.4,Open-Meteo archive context,configured pilot anchor
DEL_ROH,Rohini pilot area,Delhi,North West Delhi,2026-08-09 04:00:00+00:00,30.7,77,5.8,97,0.0,978.5,Open-Meteo archive context,configured pilot anchor
DEL_ROH,Rohini pilot area,Delhi,North West Delhi,2026-08-09 05:00:00+00:00,31.9,73,7.5,117,0.1,978.9,Open-Meteo archive context,configured pilot anchor
DEL_ROH,Rohini pilot area,Delhi,North West Delhi,2026-08-09 06:00:00+00:00,32.9,63,8.9,119,0.0,978.2,Open-Meteo archive context,configured pilot anchor
DEL_ROH,Rohini pilot area,Delhi,North West Delhi,2026-08-09 07:00:00+00:00,32.9,66,7.6,109,0.1,977.7,Open-Meteo archive context,configured pilot anchor
DEL_ROH,Rohini pilot area,Delhi,North West Delhi,2026-08-09 08:00:00+00:00,33.2,65,5.7,127,0.1,977.1,Open-Meteo archive context,configured pilot anchor
DEL_ROH,Rohini pilot area,Delhi,North West Delhi,2026-08-09 09:00:00+00:00,33.7,62,3.6,127,0.1,976.3,Open-Meteo archive context,configured pilot anchor
DEL_ROH,Rohini pilot area,Delhi,North West Delhi,2026-08-09 10:00:00+00:00,33.7,63,1.3,124,0.1,975.6,Open-Meteo archive context,configured pilot anchor
DEL_ROH,Rohini pilot area,Delhi,North West Delhi,2026-08-09 11:00:00+00:00,33.7,62,2.4,48,0.0,975.0,Open-Meteo archive context,configured pilot anchor
DEL_ROH,Rohini pilot area,Delhi,North West Delhi,2026-08-09 12:00:00+00:00,34.0,60,1.5,256,0.4,974.7,Open-Meteo archive context,configured pilot anchor
DEL_ROH,Rohini pilot area,Delhi,North West Delhi,2026-08-09 13:00:00+00:00,31.9,75,6.7,99,0.1,975.2,Open-Meteo archive context,configured pilot anchor
DEL_ROH,Rohini pilot area,Delhi,North West Delhi,2026-08-09 14:00:00+00:00,30.6,77,7.2,89,0.0,975.8,Open-Meteo archive context,configured pilot anchor
DEL_ROH,Rohini pilot area,Delhi,North West Delhi,2026-08-09 15:00:00+00:00,30.1,81,4.3,114,0.0,976.0,Open-Meteo archive context,configured pilot anchor
DEL_ROH,Rohini pilot area,Delhi,North West Delhi,2026-08-09 16:00:00+00:00,30.0,82,4.9,126,0.0,977.1,Open-Meteo archive context,configured pilot anchor
DEL_ROH,Rohini pilot area,Delhi,North West Delhi,2026-08-09 17:00:00+00:00,29.8,83,5.9,108,0.0,977.4,Open-Meteo archive context,configured pilot anchor
DEL_ROH,Rohini pilot area,Delhi,North West Delhi,2026-08-09 18:00:00+00:00,30.3,81,6.5,146,0.0,976.8,Open-Meteo archive context,configured pilot anchor
DEL_ROH,Rohini pilot area,Delhi,North West Delhi,2026-08-09 19:00:00+00:00,28.2,89,5.9,20,0.4,977.0,Open-Meteo archive context,configured pilot anchor
DEL_ROH,Rohini pilot area,Delhi,North West Delhi,2026-08-09 20:00:00+00:00,26.5,94,10.3,75,1.4,976.3,Open-Meteo archive context,configured pilot anchor
DEL_ROH,Rohini pilot area,Delhi,North West Delhi,2026-08-09 21:00:00+00:00,26.7,93,7.6,98,0.1,976.0,Open-Meteo archive context,configured pilot anchor
DEL_ROH,Rohini pilot area,Delhi,North West Delhi,2026-08-09 22:00:00+00:00,26.9,93,4.0,80,0.0,975.6,Open-Meteo archive context,configured pilot anchor
DEL_ROH,Rohini pilot area,Delhi,North West Delhi,2026-08-09 23:00:00+00:00,27.0,93,6.1,71,0.2,976.1,Open-Meteo archive context,configured pilot anchor
DEL_ROH,Rohini pilot area,Delhi,North West Delhi,2026-08-10 00:00:00+00:00,27.2,94,5.2,27,0.4,976.0,Open-Meteo archive context,configured pilot anchor
DEL_ROH,Rohini pilot area,Delhi,North West Delhi,2026-08-10 01:00:00+00:00,26.8,95,8.0,126,1.7,976.6,Open-Meteo archive context,configured pilot anchor
DEL_ROH,Rohini pilot area,Delhi,North West Delhi,2026-08-10 02:00:00+00:00,27.3,94,9.0,113,0.3,976.9,Open-Meteo archive context,configured pilot anchor
DEL_ROH,Rohini pilot area,Delhi,North West Delhi,2026-08-10 03:00:00+00:00,28.4,86,5.0,116,0.0,977.2,Open-Meteo archive context,configured pilot anchor
DEL_ROH,Rohini pilot area,Delhi,North West Delhi,2026-08-10 04:00:00+00:00,29.7,80,7.1,139,0.0,977.4,Open-Meteo archive context,configured pilot anchor
DEL_ROH,Rohini pilot area,Delhi,North West Delhi,2026-08-10 05:00:00+00:00,31.1,75,5.8,129,0.0,977.6,Open-Meteo archive context,configured pilot anchor
DEL_ROH,Rohini pilot area,Delhi,North West Delhi,2026-08-10 06:00:00+00:00,32.2,70,5.8,150,0.1,977.0,Open-Meteo archive context,configured pilot anchor
DEL_ROH,Rohini pilot area,Delhi,North West Delhi,2026-08-10 07:00:00+00:00,33.5,66,2.9,169,0.2,976.7,Open-Meteo archive context,configured pilot anchor
DEL_ROH,Rohini pilot area,Delhi,North West Delhi,2026-08-10 08:00:00+00:00,33.1,69,2.2,145,0.5,976.1,Open-Meteo archive context,configured pilot anchor
DEL_ROH,Rohini pilot area,Delhi,North West Delhi,2026-08-10 09:00:00+00:00,27.4,91,7.3,48,13.6,976.2,Open-Meteo archive context,configured pilot anchor
DEL_ROH,Rohini pilot area,Delhi,North West Delhi,2026-08-10 10:00:00+00:00,26.9,93,2.5,240,5.6,975.6,Open-Meteo archive context,configured pilot anchor
DEL_ROH,Rohini pilot area,Delhi,North West Delhi,2026-08-10 11:00:00+00:00,27.7,92,1.6,84,1.2,974.8,Open-Meteo archive context,configured pilot anchor
DEL_ROH,Rohini pilot area,Delhi,North West Delhi,2026-08-10 12:00:00+00:00,29.8,82,9.5,54,0.0,975.1,Open-Meteo archive context,configured pilot anchor
DEL_ROH,Rohini pilot area,Delhi,North West Delhi,2026-08-10 13:00:00+00:00,29.5,84,6.8,65,0.0,975.4,Open-Meteo archive context,configured pilot anchor
DEL_ROH,Rohini pilot area,Delhi,North West Delhi,2026-08-10 14:00:00+00:00,29.0,87,7.2,71,0.0,975.7,Open-Meteo archive context,configured pilot anchor
DEL_ROH,Rohini pilot area,Delhi,North West Delhi,2026-08-10 15:00:00+00:00,28.8,89,6.3,85,0.0,976.6,Open-Meteo archive context,configured pilot anchor
DEL_ROH,Rohini pilot area,Delhi,North West Delhi,2026-08-10 16:00:00+00:00,28.7,89,5.4,90,0.0,977.1,Open-Meteo archive context,configured pilot anchor
DEL_ROH,Rohini pilot area,Delhi,North West Delhi,2026-08-10 17:00:00+00:00,28.4,90,5.2,86,0.0,977.1,Open-Meteo archive context,configured pilot anchor
DEL_ROH,Rohini pilot area,Delhi,North West Delhi,2026-08-10 18:00:00+00:00,28.2,95,8.7,104,0.2,976.0,Open-Meteo archive context,configured pilot anchor
DEL_ROH,Rohini pilot area,Delhi,North West Delhi,2026-08-10 19:00:00+00:00,27.7,95,9.9,95,0.2,975.9,Open-Meteo archive context,configured pilot anchor
DEL_ROH,Rohini pilot area,Delhi,North West Delhi,2026-08-10 20:00:00+00:00,27.7,94,10.1,107,0.1,975.8,Open-Meteo archive context,configured pilot anchor
DEL_ROH,Rohini pilot area,Delhi,North West Delhi,2026-08-10 21:00:00+00:00,27.5,94,10.6,109,0.1,975.9,Open-Meteo archive context,configured pilot anchor
DEL_ROH,Rohini pilot area,Delhi,North West Delhi,2026-08-10 22:00:00+00:00,27.3,95,9.6,110,0.1,975.5,Open-Meteo archive context,configured pilot anchor
DEL_ROH,Rohini pilot area,Delhi,North West Delhi,2026-08-10 23:00:00+00:00,27.0,96,7.3,121,0.0,976.0,Open-Meteo archive context,configured pilot anchor
DEL_ROH,Rohini pilot area,Delhi,North West Delhi,2026-08-11 00:00:00+00:00,27.3,91,7.9,145,0.0,976.3,Open-Meteo archive context,configured pilot anchor
DEL_ROH,Rohini pilot area,Delhi,North West Delhi,2026-08-11 01:00:00+00:00,27.3,91,7.3,128,0.0,976.5,Open-Meteo archive context,configured pilot anchor
DEL_ROH,Rohini pilot area,Delhi,North West Delhi,2026-08-11 02:00:00+00:00,28.0,88,8.7,156,0.0,977.1,Open-Meteo archive context,configured pilot anchor
DEL_ROH,Rohini pilot area,Delhi,North West Delhi,2026-08-11 03:00:00+00:00,29.0,83,8.0,164,0.0,977.5,Open-Meteo archive context,configured pilot anchor
DEL_ROH,Rohini pilot area,Delhi,North West Delhi,2026-08-11 04:00:00+00:00,29.9,79,6.4,169,0.1,977.8,Open-Meteo archive context,configured pilot anchor
DEL_ROH,Rohini pilot area,Delhi,North West Delhi,2026-08-11 05:00:00+00:00,30.6,78,5.4,127,0.0,977.9,Open-Meteo archive context,configured pilot anchor
DEL_ROH,Rohini pilot area,Delhi,North West Delhi,2026-08-11 06:00:00+00:00,30.6,77,1.3,188,0.1,977.9,Open-Meteo archive context,configured pilot anchor
DEL_ROH,Rohini pilot area,Delhi,North West Delhi,2026-08-11 07:00:00+00:00,28.9,83,5.6,59,2.7,977.4,Open-Meteo archive context,configured pilot anchor
DEL_ROH,Rohini pilot area,Delhi,North West Delhi,2026-08-11 08:00:00+00:00,27.9,93,6.9,73,2.0,976.9,Open-Meteo archive context,configured pilot anchor
DEL_ROH,Rohini pilot area,Delhi,North West Delhi,2026-08-11 09:00:00+00:00,28.0,92,5.6,73,2.4,976.3,Open-Meteo archive context,configured pilot anchor
DEL_ROH,Rohini pilot area,Delhi,North West Delhi,2026-08-11 10:00:00+00:00,28.6,90,5.9,35,0.6,975.3,Open-Meteo archive context,configured pilot anchor
DEL_ROH,Rohini pilot area,Delhi,North West Delhi,2026-08-11 11:00:00+00:00,29.7,82,6.3,39,0.2,974.9,Open-Meteo archive context,configured pilot anchor
DEL_ROH,Rohini pilot area,Delhi,North West Delhi,2026-08-11 12:00:00+00:00,30.9,74,5.7,103,0.0,975.2,Open-Meteo archive context,configured pilot anchor
DEL_ROH,Rohini pilot area,Delhi,North West Delhi,2026-08-11 13:00:00+00:00,30.3,79,2.9,86,0.0,975.1,Open-Meteo archive context,configured pilot anchor
DEL_ROH,Rohini pilot area,Delhi,North West Delhi,2026-08-11 14:00:00+00:00,29.5,84,2.0,117,0.1,975.6,Open-Meteo archive context,configured pilot anchor
DEL_ROH,Rohini pilot area,Delhi,North West Delhi,2026-08-11 15:00:00+00:00,29.1,87,2.8,125,0.1,976.4,Open-Meteo archive context,configured pilot anchor
DEL_ROH,Rohini pilot area,Delhi,North West Delhi,2026-08-11 16:00:00+00:00,28.8,90,4.0,153,0.2,977.3,Open-Meteo archive context,configured pilot anchor
DEL_ROH,Rohini pilot area,Delhi,North West Delhi,2026-08-11 17:00:00+00:00,28.4,92,4.8,151,0.0,977.6,Open-Meteo archive context,configured pilot anchor
DEL_ROH,Rohini pilot area,Delhi,North West Delhi,2026-08-11 18:00:00+00:00,28.7,88,4.3,147,0.0,977.1,Open-Meteo archive context,configured pilot anchor
DEL_ROH,Rohini pilot area,Delhi,North West Delhi,2026-08-11 19:00:00+00:00,28.1,91,3.0,163,0.0,977.1,Open-Meteo archive context,configured pilot anchor
DEL_ROH,Rohini pilot area,Delhi,North West Delhi,2026-08-11 20:00:00+00:00,28.3,90,0.4,333,0.0,977.0,Open-Meteo archive context,configured pilot anchor
DEL_ROH,Rohini pilot area,Delhi,North West Delhi,2026-08-11 21:00:00+00:00,27.9,92,3.1,45,0.1,976.9,Open-Meteo archive context,configured pilot anchor
DEL_ROH,Rohini pilot area,Delhi,North West Delhi,2026-08-11 22:00:00+00:00,27.5,92,4.9,54,0.0,977.0,Open-Meteo archive context,configured pilot anchor
DEL_ROH,Rohini pilot area,Delhi,North West Delhi,2026-08-11 23:00:00+00:00,27.2,93,4.2,47,0.0,977.1,Open-Meteo archive context,configured pilot anchor
DEL_ROH,Rohini pilot area,Delhi,North West Delhi,2026-08-12 00:00:00+00:00,27.8,95,1.8,37,0.0,976.9,Open-Meteo archive context,configured pilot anchor
DEL_ROH,Rohini pilot area,Delhi,North West Delhi,2026-08-12 01:00:00+00:00,27.7,95,3.8,3,0.0,977.3,Open-Meteo archive context,configured pilot anchor
DEL_ROH,Rohini pilot area,Delhi,North West Delhi,2026-08-12 02:00:00+00:00,28.6,92,3.2,341,0.0,977.7,Open-Meteo archive context,configured pilot anchor
DEL_ROH,Rohini pilot area,Delhi,North West Delhi,2026-08-12 03:00:00+00:00,30.0,82,2.9,349,0.0,978.0,Open-Meteo archive context,configured pilot anchor
DEL_ROH,Rohini pilot area,Delhi,North West Delhi,2026-08-12 04:00:00+00:00,31.2,75,3.2,360,0.2,978.2,Open-Meteo archive context,configured pilot anchor
DEL_ROH,Rohini pilot area,Delhi,North West Delhi,2026-08-12 05:00:00+00:00,32.0,71,2.9,360,0.2,978.1,Open-Meteo archive context,configured pilot anchor
DEL_ROH,Rohini pilot area,Delhi,North West Delhi,2026-08-12 06:00:00+00:00,33.0,64,4.1,326,0.3,977.8,Open-Meteo archive context,configured pilot anchor
DEL_ROH,Rohini pilot area,Delhi,North West Delhi,2026-08-12 07:00:00+00:00,33.5,62,2.3,288,0.1,977.5,Open-Meteo archive context,configured pilot anchor
DEL_ROH,Rohini pilot area,Delhi,North West Delhi,2026-08-12 08:00:00+00:00,34.2,60,1.9,304,0.1,976.4,Open-Meteo archive context,configured pilot anchor
DEL_ROH,Rohini pilot area,Delhi,North West Delhi,2026-08-12 09:00:00+00:00,34.6,59,0.7,270,0.1,975.9,Open-Meteo archive context,configured pilot anchor
DEL_ROH,Rohini pilot area,Delhi,North West Delhi,2026-08-12 10:00:00+00:00,34.7,59,0.9,307,0.0,975.6,Open-Meteo archive context,configured pilot anchor
DEL_ROH,Rohini pilot area,Delhi,North West Delhi,2026-08-12 11:00:00+00:00,34.3,60,1.3,270,0.0,974.9,Open-Meteo archive context,configured pilot anchor
DEL_ROH,Rohini pilot area,Delhi,North West Delhi,2026-08-12 12:00:00+00:00,33.7,63,4.2,7,0.0,975.2,Open-Meteo archive context,configured pilot anchor
DEL_ROH,Rohini pilot area,Delhi,North West Delhi,2026-08-12 13:00:00+00:00,29.9,83,12.2,229,0.3,976.3,Open-Meteo archive context,configured pilot anchor
DEL_ROH,Rohini pilot area,Delhi,North West Delhi,2026-08-12 14:00:00+00:00,28.4,90,11.0,205,0.4,977.1,Open-Meteo archive context,configured pilot anchor
DEL_ROH,Rohini pilot area,Delhi,North West Delhi,2026-08-12 15:00:00+00:00,27.6,94,7.4,180,0.4,977.3,Open-Meteo archive context,configured pilot anchor
DEL_ROH,Rohini pilot area,Delhi,North West Delhi,2026-08-12 16:00:00+00:00,27.7,95,6.3,219,0.0,978.4,Open-Meteo archive context,configured pilot anchor
DEL_ROH,Rohini pilot area,Delhi,North West Delhi,2026-08-12 17:00:00+00:00,27.6,96,4.9,213,0.0,978.8,Open-Meteo archive context,configured pilot anchor
DEL_ROH,Rohini pilot area,Delhi,North West Delhi,2026-08-12 18:00:00+00:00,29.4,88,5.8,182,0.0,978.6,Open-Meteo archive context,configured pilot anchor
DEL_ROH,Rohini pilot area,Delhi,North West Delhi,2026-08-12 19:00:00+00:00,28.9,90,3.8,177,0.0,978.8,Open-Meteo archive context,configured pilot anchor
DEL_ROH,Rohini pilot area,Delhi,North West Delhi,2026-08-12 20:00:00+00:00,28.6,91,3.5,219,0.0,978.1,Open-Meteo archive context,configured pilot anchor
DEL_ROH,Rohini pilot area,Delhi,North West Delhi,2026-08-12 21:00:00+00:00,28.3,92,5.9,256,0.0,977.7,Open-Meteo archive context,configured pilot anchor
DEL_ROH,Rohini pilot area,Delhi,North West Delhi,2026-08-12 22:00:00+00:00,28.1,93,6.8,281,0.0,977.6,Open-Meteo archive context,configured pilot anchor
DEL_ROH,Rohini pilot area,Delhi,North West Delhi,2026-08-12 23:00:00+00:00,27.7,94,5.1,288,0.0,977.3,Open-Meteo archive context,configured pilot anchor
DEL_ROH,Rohini pilot area,Delhi,North West Delhi,2026-08-13 00:00:00+00:00,27.6,94,5.0,249,0.0,977.4,Open-Meteo archive context,configured pilot anchor
DEL_ROH,Rohini pilot area,Delhi,North West Delhi,2026-08-13 01:00:00+00:00,27.3,95,8.2,209,0.2,977.8,Open-Meteo archive context,configured pilot anchor
DEL_ROH,Rohini pilot area,Delhi,North West Delhi,2026-08-13 02:00:00+00:00,28.2,94,4.8,239,0.4,977.7,Open-Meteo archive context,configured pilot anchor
DEL_ROH,Rohini pilot area,Delhi,North West Delhi,2026-08-13 03:00:00+00:00,30.3,83,3.5,305,0.0,977.7,Open-Meteo archive context,configured pilot anchor
DEL_ROH,Rohini pilot area,Delhi,North West Delhi,2026-08-13 04:00:00+00:00,31.7,76,5.3,322,0.0,977.8,Open-Meteo archive context,configured pilot anchor
DEL_ROH,Rohini pilot area,Delhi,North West Delhi,2026-08-13 05:00:00+00:00,32.7,71,1.9,331,0.0,978.1,Open-Meteo archive context,configured pilot anchor
DEL_ROH,Rohini pilot area,Delhi,North West Delhi,2026-08-13 06:00:00+00:00,33.4,69,1.8,270,0.1,978.2,Open-Meteo archive context,configured pilot anchor
DEL_ROH,Rohini pilot area,Delhi,North West Delhi,2026-08-13 07:00:00+00:00,31.2,77,9.5,238,0.8,977.9,Open-Meteo archive context,configured pilot anchor
DEL_ROH,Rohini pilot area,Delhi,North West Delhi,2026-08-13 08:00:00+00:00,32.5,73,1.8,37,0.8,977.0,Open-Meteo archive context,configured pilot anchor
DEL_ROH,Rohini pilot area,Delhi,North West Delhi,2026-08-13 09:00:00+00:00,33.3,69,2.5,300,0.0,976.4,Open-Meteo archive context,configured pilot anchor
DEL_ROH,Rohini pilot area,Delhi,North West Delhi,2026-08-13 10:00:00+00:00,33.8,67,3.4,288,0.1,975.5,Open-Meteo archive context,configured pilot anchor
DEL_ROH,Rohini pilot area,Delhi,North West Delhi,2026-08-13 11:00:00+00:00,33.8,67,5.8,300,0.0,975.0,Open-Meteo archive context,configured pilot anchor
DEL_ROH,Rohini pilot area,Delhi,North West Delhi,2026-08-13 12:00:00+00:00,31.4,76,8.4,42,0.0,975.4,Open-Meteo archive context,configured pilot anchor
DEL_ROH,Rohini pilot area,Delhi,North West Delhi,2026-08-13 13:00:00+00:00,31.0,79,3.7,151,0.0,975.4,Open-Meteo archive context,configured pilot anchor
DEL_ROH,Rohini pilot area,Delhi,North West Delhi,2026-08-13 14:00:00+00:00,30.4,84,4.8,169,0.0,976.1,Open-Meteo archive context,configured pilot anchor
DEL_ROH,Rohini pilot area,Delhi,North West Delhi,2026-08-13 15:00:00+00:00,30.3,84,3.6,183,0.0,976.7,Open-Meteo archive context,configured pilot anchor
DEL_ROH,Rohini pilot area,Delhi,North West Delhi,2026-08-13 16:00:00+00:00,30.2,84,3.2,183,0.0,977.4,Open-Meteo archive context,configured pilot anchor
DEL_ROH,Rohini pilot area,Delhi,North West Delhi,2026-08-13 17:00:00+00:00,30.0,84,4.8,207,0.0,977.3,Open-Meteo archive context,configured pilot anchor
DEL_ROH,Rohini pilot area,Delhi,North West Delhi,2026-08-13 18:00:00+00:00,30.2,87,2.8,215,0.0,976.7,Open-Meteo archive context,configured pilot anchor
DEL_ROH,Rohini pilot area,Delhi,North West Delhi,2026-08-13 19:00:00+00:00,29.7,88,3.6,225,0.0,976.5,Open-Meteo archive context,configured pilot anchor
DEL_ROH,Rohini pilot area,Delhi,North West Delhi,2026-08-13 20:00:00+00:00,29.4,89,3.3,225,0.0,976.3,Open-Meteo archive context,configured pilot anchor
DEL_ROH,Rohini pilot area,Delhi,North West Delhi,2026-08-13 21:00:00+00:00,29.0,90,4.1,225,0.0,976.1,Open-Meteo archive context,configured pilot anchor
DEL_ROH,Rohini pilot area,Delhi,North West Delhi,2026-08-13 22:00:00+00:00,28.7,91,4.1,236,0.0,975.8,Open-Meteo archive context,configured pilot anchor
DEL_ROH,Rohini pilot area,Delhi,North West Delhi,2026-08-13 23:00:00+00:00,28.5,91,5.1,219,0.0,976.0,Open-Meteo archive context,configured pilot anchor
DEL_ROH,Rohini pilot area,Delhi,North West Delhi,2026-08-14 00:00:00+00:00,27.6,94,8.8,275,0.0,975.8,Open-Meteo archive context,configured pilot anchor
DEL_ROH,Rohini pilot area,Delhi,North West Delhi,2026-08-14 01:00:00+00:00,27.5,92,4.4,142,1.1,976.8,Open-Meteo archive context,configured pilot anchor
DEL_ROH,Rohini pilot area,Delhi,North West Delhi,2026-08-14 02:00:00+00:00,27.1,95,2.8,105,1.7,977.4,Open-Meteo archive context,configured pilot anchor
DEL_ROH,Rohini pilot area,Delhi,North West Delhi,2026-08-14 03:00:00+00:00,27.3,91,3.4,198,2.8,978.6,Open-Meteo archive context,configured pilot anchor
DEL_ROH,Rohini pilot area,Delhi,North West Delhi,2026-08-14 04:00:00+00:00,28.2,89,3.3,171,1.1,978.3,Open-Meteo archive context,configured pilot anchor
DEL_ROH,Rohini pilot area,Delhi,North West Delhi,2026-08-14 05:00:00+00:00,29.5,83,2.2,235,0.2,978.3,Open-Meteo archive context,configured pilot anchor
DEL_ROH,Rohini pilot area,Delhi,North West Delhi,2026-08-14 06:00:00+00:00,30.6,79,3.8,265,0.0,978.8,Open-Meteo archive context,configured pilot anchor
DEL_ROH,Rohini pilot area,Delhi,North West Delhi,2026-08-14 07:00:00+00:00,31.3,77,2.8,259,0.4,979.1,Open-Meteo archive context,configured pilot anchor
DEL_ROH,Rohini pilot area,Delhi,North West Delhi,2026-08-14 08:00:00+00:00,30.6,80,4.0,321,0.5,978.4,Open-Meteo archive context,configured pilot anchor
DEL_ROH,Rohini pilot area,Delhi,North West Delhi,2026-08-14 09:00:00+00:00,28.2,90,2.3,360,6.6,978.4,Open-Meteo archive context,configured pilot anchor
DEL_ROH,Rohini pilot area,Delhi,North West Delhi,2026-08-14 10:00:00+00:00,28.2,92,4.8,115,1.3,977.6,Open-Meteo archive context,configured pilot anchor
DEL_ROH,Rohini pilot area,Delhi,North West Delhi,2026-08-14 11:00:00+00:00,28.6,89,2.3,141,0.6,976.8,Open-Meteo archive context,configured pilot anchor
DEL_ROH,Rohini pilot area,Delhi,North West Delhi,2026-08-14 12:00:00+00:00,30.8,78,4.2,97,0.2,976.5,Open-Meteo archive context,configured pilot anchor
DEL_ROH,Rohini pilot area,Delhi,North West Delhi,2026-08-14 13:00:00+00:00,30.3,81,2.7,67,0.0,976.7,Open-Meteo archive context,configured pilot anchor
DEL_ROH,Rohini pilot area,Delhi,North West Delhi,2026-08-14 14:00:00+00:00,29.3,87,5.2,76,0.0,977.2,Open-Meteo archive context,configured pilot anchor
DEL_ROH,Rohini pilot area,Delhi,North West Delhi,2026-08-14 15:00:00+00:00,28.9,88,6.3,85,0.0,977.5,Open-Meteo archive context,configured pilot anchor
DEL_ROH,Rohini pilot area,Delhi,North West Delhi,2026-08-14 16:00:00+00:00,28.7,89,5.0,120,0.0,978.3,Open-Meteo archive context,configured pilot anchor
DEL_ROH,Rohini pilot area,Delhi,North West Delhi,2026-08-14 17:00:00+00:00,28.4,90,3.4,155,0.0,978.3,Open-Meteo archive context,configured pilot anchor
DEL_ROH,Rohini pilot area,Delhi,North West Delhi,2026-08-14 18:00:00+00:00,28.4,90,4.6,201,0.0,977.9,Open-Meteo archive context,configured pilot anchor
DEL_ROH,Rohini pilot area,Delhi,North West Delhi,2026-08-14 19:00:00+00:00,28.1,92,2.1,232,0.0,977.8,Open-Meteo archive context,configured pilot anchor
DEL_ROH,Rohini pilot area,Delhi,North West Delhi,2026-08-14 20:00:00+00:00,27.8,93,2.3,198,0.0,977.7,Open-Meteo archive context,configured pilot anchor
DEL_ROH,Rohini pilot area,Delhi,North West Delhi,2026-08-14 21:00:00+00:00,27.6,93,2.7,200,0.0,977.7,Open-Meteo archive context,configured pilot anchor
DEL_ROH,Rohini pilot area,Delhi,North West Delhi,2026-08-14 22:00:00+00:00,27.4,94,3.6,177,0.0,977.3,Open-Meteo archive context,configured pilot anchor
DEL_ROH,Rohini pilot area,Delhi,North West Delhi,2026-08-14 23:00:00+00:00,27.3,95,2.4,132,0.0,977.7,Open-Meteo archive context,configured pilot anchor
DEL_ROH,Rohini pilot area,Delhi,North West Delhi,2026-08-15 00:00:00+00:00,26.7,96,4.5,187,0.0,977.9,Open-Meteo archive context,configured pilot anchor
DEL_ROH,Rohini pilot area,Delhi,North West Delhi,2026-08-15 01:00:00+00:00,26.9,96,4.6,135,1.6,978.4,Open-Meteo archive context,configured pilot anchor
DEL_ROH,Rohini pilot area,Delhi,North West Delhi,2026-08-15 02:00:00+00:00,26.9,97,3.8,79,1.1,978.6,Open-Meteo archive context,configured pilot anchor
DEL_ROH,Rohini pilot area,Delhi,North West Delhi,2026-08-15 03:00:00+00:00,27.1,97,4.4,120,1.2,979.0,Open-Meteo archive context,configured pilot anchor
DEL_ROH,Rohini pilot area,Delhi,North West Delhi,2026-08-15 04:00:00+00:00,28.1,93,4.1,105,0.4,979.3,Open-Meteo archive context,configured pilot anchor
DEL_ROH,Rohini pilot area,Delhi,North West Delhi,2026-08-15 05:00:00+00:00,29.4,86,2.7,160,0.0,979.3,Open-Meteo archive context,configured pilot anchor
DEL_ROH,Rohini pilot area,Delhi,North West Delhi,2026-08-15 06:00:00+00:00,32.2,75,5.3,303,0.1,979.1,Open-Meteo archive context,configured pilot anchor
DEL_ROH,Rohini pilot area,Delhi,North West Delhi,2026-08-15 07:00:00+00:00,32.0,73,8.1,317,0.3,978.4,Open-Meteo archive context,configured pilot anchor
DEL_ROH,Rohini pilot area,Delhi,North West Delhi,2026-08-15 08:00:00+00:00,32.4,69,7.2,357,0.2,977.8,Open-Meteo archive context,configured pilot anchor
DEL_ROH,Rohini pilot area,Delhi,North West Delhi,2026-08-15 09:00:00+00:00,31.7,73,8.8,332,0.1,976.9,Open-Meteo archive context,configured pilot anchor
DEL_ROH,Rohini pilot area,Delhi,North West Delhi,2026-08-15 10:00:00+00:00,32.5,69,7.0,312,0.3,976.0,Open-Meteo archive context,configured pilot anchor
DEL_ROH,Rohini pilot area,Delhi,North West Delhi,2026-08-15 11:00:00+00:00,32.6,66,6.9,300,0.0,975.3,Open-Meteo archive context,configured pilot anchor
DEL_ROH,Rohini pilot area,Delhi,North West Delhi,2026-08-15 12:00:00+00:00,32.1,73,6.3,309,0.0,975.1,Open-Meteo archive context,configured pilot anchor
DEL_ROH,Rohini pilot area,Delhi,North West Delhi,2026-08-15 13:00:00+00:00,31.3,78,5.6,263,0.0,975.4,Open-Meteo archive context,configured pilot anchor
DEL_ROH,Rohini pilot area,Delhi,North West Delhi,2026-08-15 14:00:00+00:00,30.3,84,4.5,227,0.0,976.0,Open-Meteo archive context,configured pilot anchor
DEL_ROH,Rohini pilot area,Delhi,North West Delhi,2026-08-15 15:00:00+00:00,29.8,86,5.1,234,0.0,976.5,Open-Meteo archive context,configured pilot anchor
DEL_ROH,Rohini pilot area,Delhi,North West Delhi,2026-08-15 16:00:00+00:00,29.5,87,4.6,249,0.0,977.1,Open-Meteo archive context,configured pilot anchor
DEL_ROH,Rohini pilot area,Delhi,North West Delhi,2026-08-15 17:00:00+00:00,29.2,87,4.6,249,0.0,977.1,Open-Meteo archive context,configured pilot anchor
DEL_ROH,Rohini pilot area,Delhi,North West Delhi,2026-08-15 18:00:00+00:00,29.3,86,8.9,207,0.0,976.8,Open-Meteo archive context,configured pilot anchor
DEL_ROH,Rohini pilot area,Delhi,North West Delhi,2026-08-15 19:00:00+00:00,29.0,88,8.6,221,0.0,976.6,Open-Meteo archive context,configured pilot anchor
DEL_ROH,Rohini pilot area,Delhi,North West Delhi,2026-08-15 20:00:00+00:00,28.7,89,7.9,235,0.1,976.1,Open-Meteo archive context,configured pilot anchor
DEL_ROH,Rohini pilot area,Delhi,North West Delhi,2026-08-15 21:00:00+00:00,26.2,92,13.5,2,3.4,976.5,Open-Meteo archive context,configured pilot anchor
DEL_ROH,Rohini pilot area,Delhi,North West Delhi,2026-08-15 22:00:00+00:00,25.5,98,5.1,184,1.4,975.4,Open-Meteo archive context,configured pilot anchor
DEL_ROH,Rohini pilot area,Delhi,North West Delhi,2026-08-15 23:00:00+00:00,26.4,94,6.0,233,0.1,975.5,Open-Meteo archive context,configured pilot anchor
DEL_ROH,Rohini pilot area,Delhi,North West Delhi,2026-08-16 00:00:00+00:00,27.7,85,12.3,267,0.0,975.2,Open-Meteo archive context,configured pilot anchor
DEL_ROH,Rohini pilot area,Delhi,North West Delhi,2026-08-16 01:00:00+00:00,27.6,84,6.7,250,0.1,976.1,Open-Meteo archive context,configured pilot anchor
DEL_ROH,Rohini pilot area,Delhi,North West Delhi,2026-08-16 02:00:00+00:00,28.2,83,9.3,246,0.1,976.4,Open-Meteo archive context,configured pilot anchor
DEL_ROH,Rohini pilot area,Delhi,North West Delhi,2026-08-16 03:00:00+00:00,29.7,77,7.8,263,0.0,976.9,Open-Meteo archive context,configured pilot anchor
DEL_ROH,Rohini pilot area,Delhi,North West Delhi,2026-08-16 04:00:00+00:00,31.3,71,9.2,277,0.0,976.9,Open-Meteo archive context,configured pilot anchor
DEL_ROH,Rohini pilot area,Delhi,North West Delhi,2026-08-16 05:00:00+00:00,32.6,66,8.5,274,0.0,976.9,Open-Meteo archive context,configured pilot anchor
DEL_ROH,Rohini pilot area,Delhi,North West Delhi,2026-08-16 06:00:00+00:00,33.2,64,10.1,305,0.0,976.8,Open-Meteo archive context,configured pilot anchor
DEL_ROH,Rohini pilot area,Delhi,North West Delhi,2026-08-16 07:00:00+00:00,33.6,63,9.8,308,0.3,976.3,Open-Meteo archive context,configured pilot anchor
DEL_ROH,Rohini pilot area,Delhi,North West Delhi,2026-08-16 08:00:00+00:00,34.1,60,8.1,301,0.1,976.1,Open-Meteo archive context,configured pilot anchor
DEL_ROH,Rohini pilot area,Delhi,North West Delhi,2026-08-16 09:00:00+00:00,34.1,60,8.8,282,0.1,975.2,Open-Meteo archive context,configured pilot anchor
DEL_ROH,Rohini pilot area,Delhi,North West Delhi,2026-08-16 10:00:00+00:00,33.8,62,9.8,283,0.1,974.5,Open-Meteo archive context,configured pilot anchor
DEL_ROH,Rohini pilot area,Delhi,North West Delhi,2026-08-16 11:00:00+00:00,33.5,63,9.4,277,0.1,974.3,Open-Meteo archive context,configured pilot anchor
DEL_ROH,Rohini pilot area,Delhi,North West Delhi,2026-08-16 12:00:00+00:00,29.7,90,5.1,252,0.0,974.8,Open-Meteo archive context,configured pilot anchor
DEL_ROH,Rohini pilot area,Delhi,North West Delhi,2026-08-16 13:00:00+00:00,29.9,90,3.5,204,0.0,975.0,Open-Meteo archive context,configured pilot anchor
DEL_ROH,Rohini pilot area,Delhi,North West Delhi,2026-08-16 14:00:00+00:00,29.5,87,4.4,212,0.0,975.5,Open-Meteo archive context,configured pilot anchor
DEL_ROH,Rohini pilot area,Delhi,North West Delhi,2026-08-16 15:00:00+00:00,29.3,87,4.0,183,0.4,976.4,Open-Meteo archive context,configured pilot anchor
DEL_ROH,Rohini pilot area,Delhi,North West Delhi,2026-08-16 16:00:00+00:00,29.1,88,5.4,172,0.0,976.8,Open-Meteo archive context,configured pilot anchor
DEL_ROH,Rohini pilot area,Delhi,North West Delhi,2026-08-16 17:00:00+00:00,29.1,89,6.3,180,0.0,977.1,Open-Meteo archive context,configured pilot anchor
DEL_ROH,Rohini pilot area,Delhi,North West Delhi,2026-08-16 18:00:00+00:00,29.1,89,5.8,185,0.0,976.4,Open-Meteo archive context,configured pilot anchor
DEL_ROH,Rohini pilot area,Delhi,North West Delhi,2026-08-16 19:00:00+00:00,28.5,88,5.6,339,0.2,976.7,Open-Meteo archive context,configured pilot anchor
DEL_ROH,Rohini pilot area,Delhi,North West Delhi,2026-08-16 20:00:00+00:00,27.7,92,0.8,207,1.1,976.2,Open-Meteo archive context,configured pilot anchor
DEL_ROH,Rohini pilot area,Delhi,North West Delhi,2026-08-16 21:00:00+00:00,27.6,91,7.3,242,0.0,975.6,Open-Meteo archive context,configured pilot anchor
DEL_ROH,Rohini pilot area,Delhi,North West Delhi,2026-08-16 22:00:00+00:00,27.7,89,8.4,239,0.0,975.6,Open-Meteo archive context,configured pilot anchor
DEL_ROH,Rohini pilot area,Delhi,North West Delhi,2026-08-16 23:00:00+00:00,27.5,86,9.3,241,0.0,975.7,Open-Meteo archive context,configured pilot anchor
DEL_ROH,Rohini pilot area,Delhi,North West Delhi,2026-08-17 00:00:00+00:00,28.6,78,12.3,258,0.0,976.0,Open-Meteo archive context,configured pilot anchor
DEL_ROH,Rohini pilot area,Delhi,North West Delhi,2026-08-17 01:00:00+00:00,28.3,78,11.5,256,0.0,976.6,Open-Meteo archive context,configured pilot anchor
DEL_ROH,Rohini pilot area,Delhi,North West Delhi,2026-08-17 02:00:00+00:00,28.9,77,10.8,285,0.0,977.3,Open-Meteo archive context,configured pilot anchor
DEL_ROH,Rohini pilot area,Delhi,North West Delhi,2026-08-17 03:00:00+00:00,29.3,78,7.0,328,0.2,977.8,Open-Meteo archive context,configured pilot anchor
DEL_ROH,Rohini pilot area,Delhi,North West Delhi,2026-08-17 04:00:00+00:00,30.5,73,8.2,289,0.0,978.0,Open-Meteo archive context,configured pilot anchor
DEL_ROH,Rohini pilot area,Delhi,North West Delhi,2026-08-17 05:00:00+00:00,31.8,70,9.3,283,0.0,978.3,Open-Meteo archive context,configured pilot anchor
DEL_ROH,Rohini pilot area,Delhi,North West Delhi,2026-08-17 06:00:00+00:00,32.8,64,11.1,295,0.0,978.2,Open-Meteo archive context,configured pilot anchor
DEL_ROH,Rohini pilot area,Delhi,North West Delhi,2026-08-17 07:00:00+00:00,33.5,63,8.8,287,0.0,977.6,Open-Meteo archive context,configured pilot anchor
DEL_ROH,Rohini pilot area,Delhi,North West Delhi,2026-08-17 08:00:00+00:00,30.8,74,9.6,296,1.3,977.4,Open-Meteo archive context,configured pilot anchor
DEL_ROH,Rohini pilot area,Delhi,North West Delhi,2026-08-17 09:00:00+00:00,32.5,68,4.2,295,0.2,976.4,Open-Meteo archive context,configured pilot anchor
DEL_ROH,Rohini pilot area,Delhi,North West Delhi,2026-08-17 10:00:00+00:00,33.4,65,5.0,270,0.0,975.8,Open-Meteo archive context,configured pilot anchor
DEL_ROH,Rohini pilot area,Delhi,North West Delhi,2026-08-17 11:00:00+00:00,29.7,79,10.2,242,0.5,975.3,Open-Meteo archive context,configured pilot anchor
DEL_ROH,Rohini pilot area,Delhi,North West Delhi,2026-08-17 12:00:00+00:00,28.5,86,8.6,182,2.3,976.5,Open-Meteo archive context,configured pilot anchor
DEL_ROH,Rohini pilot area,Delhi,North West Delhi,2026-08-17 13:00:00+00:00,28.1,92,3.7,151,0.2,976.0,Open-Meteo archive context,configured pilot anchor
DEL_ROH,Rohini pilot area,Delhi,North West Delhi,2026-08-17 14:00:00+00:00,28.0,93,4.9,163,0.0,976.6,Open-Meteo archive context,configured pilot anchor
DEL_ROH,Rohini pilot area,Delhi,North West Delhi,2026-08-17 15:00:00+00:00,27.9,90,4.3,158,0.0,977.2,Open-Meteo archive context,configured pilot anchor
DEL_ROH,Rohini pilot area,Delhi,North West Delhi,2026-08-17 16:00:00+00:00,27.9,90,5.6,176,0.0,977.7,Open-Meteo archive context,configured pilot anchor
DEL_ROH,Rohini pilot area,Delhi,North West Delhi,2026-08-17 17:00:00+00:00,28.0,88,5.3,190,0.0,978.1,Open-Meteo archive context,configured pilot anchor
DEL_ROH,Rohini pilot area,Delhi,North West Delhi,2026-08-17 18:00:00+00:00,28.9,84,1.3,315,0.0,978.0,Open-Meteo archive context,configured pilot anchor
DEL_ROH,Rohini pilot area,Delhi,North West Delhi,2026-08-17 19:00:00+00:00,28.4,85,2.8,215,0.0,977.9,Open-Meteo archive context,configured pilot anchor
DEL_ROH,Rohini pilot area,Delhi,North West Delhi,2026-08-17 20:00:00+00:00,28.1,85,4.6,234,0.0,977.4,Open-Meteo archive context,configured pilot anchor
DEL_ROH,Rohini pilot area,Delhi,North West Delhi,2026-08-17 21:00:00+00:00,27.9,84,3.8,265,0.0,977.2,Open-Meteo archive context,configured pilot anchor
DEL_ROH,Rohini pilot area,Delhi,North West Delhi,2026-08-17 22:00:00+00:00,27.6,83,4.9,242,0.0,977.1,Open-Meteo archive context,configured pilot anchor
DEL_ROH,Rohini pilot area,Delhi,North West Delhi,2026-08-17 23:00:00+00:00,27.3,84,6.2,240,0.0,977.3,Open-Meteo archive context,configured pilot anchor
DEL_ROH,Rohini pilot area,Delhi,North West Delhi,2026-08-18 00:00:00+00:00,27.7,83,3.1,280,0.0,977.1,Open-Meteo archive context,configured pilot anchor
DEL_ROH,Rohini pilot area,Delhi,North West Delhi,2026-08-18 01:00:00+00:00,27.8,79,7.2,276,0.0,977.6,Open-Meteo archive context,configured pilot anchor
DEL_ROH,Rohini pilot area,Delhi,North West Delhi,2026-08-18 02:00:00+00:00,28.5,77,4.9,264,0.0,978.4,Open-Meteo archive context,configured pilot anchor
DEL_ROH,Rohini pilot area,Delhi,North West Delhi,2026-08-18 03:00:00+00:00,29.6,74,8.1,264,0.0,978.6,Open-Meteo archive context,configured pilot anchor
DEL_ROH,Rohini pilot area,Delhi,North West Delhi,2026-08-18 04:00:00+00:00,30.8,70,8.5,270,0.0,978.9,Open-Meteo archive context,configured pilot anchor
DEL_ROH,Rohini pilot area,Delhi,North West Delhi,2026-08-18 05:00:00+00:00,31.7,67,6.5,270,0.0,979.2,Open-Meteo archive context,configured pilot anchor
DEL_ROH,Rohini pilot area,Delhi,North West Delhi,2026-08-18 06:00:00+00:00,32.3,63,6.7,294,0.1,979.5,Open-Meteo archive context,configured pilot anchor
DEL_ROH,Rohini pilot area,Delhi,North West Delhi,2026-08-18 07:00:00+00:00,33.0,62,5.2,282,0.0,979.1,Open-Meteo archive context,configured pilot anchor
DEL_ROH,Rohini pilot area,Delhi,North West Delhi,2026-08-18 08:00:00+00:00,33.3,61,5.2,274,0.1,978.4,Open-Meteo archive context,configured pilot anchor
DEL_ROH,Rohini pilot area,Delhi,North West Delhi,2026-08-18 09:00:00+00:00,33.3,62,4.7,263,0.0,977.7,Open-Meteo archive context,configured pilot anchor
DEL_ROH,Rohini pilot area,Delhi,North West Delhi,2026-08-18 10:00:00+00:00,33.2,62,5.6,268,0.0,976.9,Open-Meteo archive context,configured pilot anchor
DEL_ROH,Rohini pilot area,Delhi,North West Delhi,2026-08-18 11:00:00+00:00,30.9,70,3.8,229,0.1,976.4,Open-Meteo archive context,configured pilot anchor
DEL_ROH,Rohini pilot area,Delhi,North West Delhi,2026-08-18 12:00:00+00:00,32.3,64,4.2,220,0.9,976.7,Open-Meteo archive context,configured pilot anchor
DEL_ROH,Rohini pilot area,Delhi,North West Delhi,2026-08-18 13:00:00+00:00,31.4,73,3.3,189,0.0,977.1,Open-Meteo archive context,configured pilot anchor
DEL_ROH,Rohini pilot area,Delhi,North West Delhi,2026-08-18 14:00:00+00:00,29.9,77,6.2,82,0.0,978.0,Open-Meteo archive context,configured pilot anchor
DEL_ROH,Rohini pilot area,Delhi,North West Delhi,2026-08-18 15:00:00+00:00,28.3,85,10.3,90,0.6,978.6,Open-Meteo archive context,configured pilot anchor
DEL_ROH,Rohini pilot area,Delhi,North West Delhi,2026-08-18 16:00:00+00:00,27.9,88,10.2,154,0.4,979.4,Open-Meteo archive context,configured pilot anchor
DEL_ROH,Rohini pilot area,Delhi,North West Delhi,2026-08-18 17:00:00+00:00,27.0,88,5.4,127,0.2,979.3,Open-Meteo archive context,configured pilot anchor
DEL_ROH,Rohini pilot area,Delhi,North West Delhi,2026-08-18 18:00:00+00:00,28.4,88,1.8,217,0.1,978.9,Open-Meteo archive context,configured pilot anchor
DEL_ROH,Rohini pilot area,Delhi,North West Delhi,2026-08-18 19:00:00+00:00,27.7,91,2.5,159,0.0,978.6,Open-Meteo archive context,configured pilot anchor
DEL_ROH,Rohini pilot area,Delhi,North West Delhi,2026-08-18 20:00:00+00:00,27.6,90,0.2,90,0.0,978.2,Open-Meteo archive context,configured pilot anchor
DEL_ROH,Rohini pilot area,Delhi,North West Delhi,2026-08-18 21:00:00+00:00,27.5,90,0.4,63,0.0,978.0,Open-Meteo archive context,configured pilot anchor
DEL_ROH,Rohini pilot area,Delhi,North West Delhi,2026-08-18 22:00:00+00:00,27.4,91,0.8,153,0.0,977.8,Open-Meteo archive context,configured pilot anchor
DEL_ROH,Rohini pilot area,Delhi,North West Delhi,2026-08-18 23:00:00+00:00,27.3,91,0.4,27,0.0,978.3,Open-Meteo archive context,configured pilot anchor
DEL_ROH,Rohini pilot area,Delhi,North West Delhi,2026-08-19 00:00:00+00:00,27.6,89,4.4,263,0.0,977.7,Open-Meteo archive context,configured pilot anchor
DEL_ROH,Rohini pilot area,Delhi,North West Delhi,2026-08-19 01:00:00+00:00,27.6,86,6.3,272,0.0,978.5,Open-Meteo archive context,configured pilot anchor
DEL_ROH,Rohini pilot area,Delhi,North West Delhi,2026-08-19 02:00:00+00:00,28.7,81,3.6,300,0.0,979.1,Open-Meteo archive context,configured pilot anchor
DEL_ROH,Rohini pilot area,Delhi,North West Delhi,2026-08-19 03:00:00+00:00,29.7,76,3.7,325,0.0,979.7,Open-Meteo archive context,configured pilot anchor
DEL_ROH,Rohini pilot area,Delhi,North West Delhi,2026-08-19 04:00:00+00:00,30.7,72,2.9,338,0.0,980.2,Open-Meteo archive context,configured pilot anchor
DEL_ROH,Rohini pilot area,Delhi,North West Delhi,2026-08-19 05:00:00+00:00,31.4,69,2.8,333,0.0,979.9,Open-Meteo archive context,configured pilot anchor
DEL_ROH,Rohini pilot area,Delhi,North West Delhi,2026-08-19 06:00:00+00:00,32.3,61,8.1,328,0.0,980.1,Open-Meteo archive context,configured pilot anchor
DEL_ROH,Rohini pilot area,Delhi,North West Delhi,2026-08-19 07:00:00+00:00,32.7,59,6.6,331,0.1,979.4,Open-Meteo archive context,configured pilot anchor
DEL_ROH,Rohini pilot area,Delhi,North West Delhi,2026-08-19 08:00:00+00:00,33.0,58,4.4,325,0.1,978.9,Open-Meteo archive context,configured pilot anchor
DEL_ROH,Rohini pilot area,Delhi,North West Delhi,2026-08-19 09:00:00+00:00,33.1,58,3.0,303,0.1,978.3,Open-Meteo archive context,configured pilot anchor
DEL_ROH,Rohini pilot area,Delhi,North West Delhi,2026-08-19 10:00:00+00:00,33.3,58,3.3,276,0.0,977.5,Open-Meteo archive context,configured pilot anchor
DEL_ROH,Rohini pilot area,Delhi,North West Delhi,2026-08-19 11:00:00+00:00,33.2,58,3.4,264,0.0,977.1,Open-Meteo archive context,configured pilot anchor
DEL_ROH,Rohini pilot area,Delhi,North West Delhi,2026-08-19 12:00:00+00:00,30.3,87,5.1,162,0.0,978.0,Open-Meteo archive context,configured pilot anchor
DEL_ROH,Rohini pilot area,Delhi,North West Delhi,2026-08-19 13:00:00+00:00,28.1,96,6.8,132,0.6,977.9,Open-Meteo archive context,configured pilot anchor
DEL_ROH,Rohini pilot area,Delhi,North West Delhi,2026-08-19 14:00:00+00:00,28.0,95,2.7,143,0.1,978.3,Open-Meteo archive context,configured pilot anchor
DEL_ROH,Rohini pilot area,Delhi,North West Delhi,2026-08-19 15:00:00+00:00,28.2,94,5.5,131,0.0,979.1,Open-Meteo archive context,configured pilot anchor
DEL_ROH,Rohini pilot area,Delhi,North West Delhi,2026-08-19 16:00:00+00:00,28.2,93,2.9,137,0.0,979.7,Open-Meteo archive context,configured pilot anchor
DEL_ROH,Rohini pilot area,Delhi,North West Delhi,2026-08-19 17:00:00+00:00,28.1,93,3.9,124,0.0,979.6,Open-Meteo archive context,configured pilot anchor
DEL_ROH,Rohini pilot area,Delhi,North West Delhi,2026-08-19 18:00:00+00:00,28.6,91,2.7,138,0.0,979.0,Open-Meteo archive context,configured pilot anchor
DEL_ROH,Rohini pilot area,Delhi,North West Delhi,2026-08-19 19:00:00+00:00,27.6,93,5.4,290,0.1,979.2,Open-Meteo archive context,configured pilot anchor
DEL_ROH,Rohini pilot area,Delhi,North West Delhi,2026-08-19 20:00:00+00:00,26.5,93,3.0,346,1.9,979.3,Open-Meteo archive context,configured pilot anchor
DEL_ROH,Rohini pilot area,Delhi,North West Delhi,2026-08-19 21:00:00+00:00,26.7,94,2.9,349,0.3,978.9,Open-Meteo archive context,configured pilot anchor
DEL_ROH,Rohini pilot area,Delhi,North West Delhi,2026-08-19 22:00:00+00:00,26.3,94,5.6,48,0.1,978.8,Open-Meteo archive context,configured pilot anchor
DEL_ROH,Rohini pilot area,Delhi,North West Delhi,2026-08-19 23:00:00+00:00,26.5,93,1.1,171,0.0,978.8,Open-Meteo archive context,configured pilot anchor
DEL_ROH,Rohini pilot area,Delhi,North West Delhi,2026-08-20 00:00:00+00:00,27.7,93,3.5,282,0.0,978.8,Open-Meteo archive context,configured pilot anchor
DEL_ROH,Rohini pilot area,Delhi,North West Delhi,2026-08-20 01:00:00+00:00,27.6,93,2.8,230,0.4,979.2,Open-Meteo archive context,configured pilot anchor
DEL_ROH,Rohini pilot area,Delhi,North West Delhi,2026-08-20 02:00:00+00:00,27.6,91,5.1,252,0.3,980.0,Open-Meteo archive context,configured pilot anchor
DEL_ROH,Rohini pilot area,Delhi,North West Delhi,2026-08-20 03:00:00+00:00,27.6,89,7.1,221,0.1,980.3,Open-Meteo archive context,configured pilot anchor
DEL_ROH,Rohini pilot area,Delhi,North West Delhi,2026-08-20 04:00:00+00:00,28.2,83,7.1,214,0.0,980.9,Open-Meteo archive context,configured pilot anchor
DEL_ROH,Rohini pilot area,Delhi,North West Delhi,2026-08-20 05:00:00+00:00,28.6,81,7.2,231,0.0,981.0,Open-Meteo archive context,configured pilot anchor
DEL_ROH,Rohini pilot area,Delhi,North West Delhi,2026-08-20 06:00:00+00:00,31.8,67,6.2,260,0.0,980.4,Open-Meteo archive context,configured pilot anchor
DEL_ROH,Rohini pilot area,Delhi,North West Delhi,2026-08-20 07:00:00+00:00,32.1,66,3.7,281,0.1,979.9,Open-Meteo archive context,configured pilot anchor
DEL_ROH,Rohini pilot area,Delhi,North West Delhi,2026-08-20 08:00:00+00:00,32.9,63,5.0,300,0.0,979.3,Open-Meteo archive context,configured pilot anchor
DEL_ROH,Rohini pilot area,Delhi,North West Delhi,2026-08-20 09:00:00+00:00,33.3,61,5.6,303,0.0,978.0,Open-Meteo archive context,configured pilot anchor
DEL_ROH,Rohini pilot area,Delhi,North West Delhi,2026-08-20 10:00:00+00:00,33.3,61,5.1,306,0.0,977.6,Open-Meteo archive context,configured pilot anchor
DEL_ROH,Rohini pilot area,Delhi,North West Delhi,2026-08-20 11:00:00+00:00,33.1,61,5.3,308,0.0,976.9,Open-Meteo archive context,configured pilot anchor
DEL_ROH,Rohini pilot area,Delhi,North West Delhi,2026-08-20 12:00:00+00:00,30.2,84,3.0,147,0.1,977.1,Open-Meteo archive context,configured pilot anchor
DEL_ROH,Rohini pilot area,Delhi,North West Delhi,2026-08-20 13:00:00+00:00,30.1,84,5.6,165,0.0,977.9,Open-Meteo archive context,configured pilot anchor
DEL_ROH,Rohini pilot area,Delhi,North West Delhi,2026-08-20 14:00:00+00:00,29.7,84,4.2,187,0.0,977.9,Open-Meteo archive context,configured pilot anchor
DEL_ROH,Rohini pilot area,Delhi,North West Delhi,2026-08-20 15:00:00+00:00,29.3,84,4.9,204,0.0,978.5,Open-Meteo archive context,configured pilot anchor
DEL_ROH,Rohini pilot area,Delhi,North West Delhi,2026-08-20 16:00:00+00:00,29.0,84,5.0,215,0.0,978.9,Open-Meteo archive context,configured pilot anchor
DEL_ROH,Rohini pilot area,Delhi,North West Delhi,2026-08-20 17:00:00+00:00,28.6,84,4.4,215,0.0,978.8,Open-Meteo archive context,configured pilot anchor
DEL_ROH,Rohini pilot area,Delhi,North West Delhi,2026-08-20 18:00:00+00:00,29.3,88,4.0,260,0.0,978.5,Open-Meteo archive context,configured pilot anchor
DEL_ROH,Rohini pilot area,Delhi,North West Delhi,2026-08-20 19:00:00+00:00,28.9,90,3.7,259,0.0,978.6,Open-Meteo archive context,configured pilot anchor
DEL_ROH,Rohini pilot area,Delhi,North West Delhi,2026-08-20 20:00:00+00:00,28.5,93,4.3,265,0.0,978.2,Open-Meteo archive context,configured pilot anchor
DEL_ROH,Rohini pilot area,Delhi,North West Delhi,2026-08-20 21:00:00+00:00,28.2,94,4.7,298,0.0,977.7,Open-Meteo archive context,configured pilot anchor
DEL_ROH,Rohini pilot area,Delhi,North West Delhi,2026-08-20 22:00:00+00:00,27.8,92,4.4,300,0.0,977.6,Open-Meteo archive context,configured pilot anchor
DEL_ROH,Rohini pilot area,Delhi,North West Delhi,2026-08-20 23:00:00+00:00,27.6,90,5.0,285,0.0,977.6,Open-Meteo archive context,configured pilot anchor
DEL_ROH,Rohini pilot area,Delhi,North West Delhi,2026-08-21 00:00:00+00:00,26.4,95,11.6,309,0.0,977.8,Open-Meteo archive context,configured pilot anchor
DEL_ROH,Rohini pilot area,Delhi,North West Delhi,2026-08-21 01:00:00+00:00,26.1,89,8.3,294,0.1,977.9,Open-Meteo archive context,configured pilot anchor
DEL_ROH,Rohini pilot area,Delhi,North West Delhi,2026-08-21 02:00:00+00:00,27.4,86,6.3,283,0.0,978.7,Open-Meteo archive context,configured pilot anchor
DEL_ROH,Rohini pilot area,Delhi,North West Delhi,2026-08-21 03:00:00+00:00,29.4,79,7.8,278,0.0,979.6,Open-Meteo archive context,configured pilot anchor
DEL_ROH,Rohini pilot area,Delhi,North West Delhi,2026-08-21 04:00:00+00:00,30.9,70,10.8,281,0.0,979.4,Open-Meteo archive context,configured pilot anchor
DEL_ROH,Rohini pilot area,Delhi,North West Delhi,2026-08-21 05:00:00+00:00,32.2,66,10.0,293,0.0,979.5,Open-Meteo archive context,configured pilot anchor
DEL_ROH,Rohini pilot area,Delhi,North West Delhi,2026-08-21 06:00:00+00:00,33.4,61,12.5,306,0.0,979.3,Open-Meteo archive context,configured pilot anchor
DEL_ROH,Rohini pilot area,Delhi,North West Delhi,2026-08-21 07:00:00+00:00,33.5,61,11.6,313,0.0,978.6,Open-Meteo archive context,configured pilot anchor
DEL_ROH,Rohini pilot area,Delhi,North West Delhi,2026-08-21 08:00:00+00:00,33.6,60,10.3,314,0.0,977.9,Open-Meteo archive context,configured pilot anchor
DEL_ROH,Rohini pilot area,Delhi,North West Delhi,2026-08-21 09:00:00+00:00,33.5,58,11.8,310,0.2,976.8,Open-Meteo archive context,configured pilot anchor
DEL_ROH,Rohini pilot area,Delhi,North West Delhi,2026-08-21 10:00:00+00:00,32.9,61,13.1,313,0.5,976.4,Open-Meteo archive context,configured pilot anchor
DEL_ROH,Rohini pilot area,Delhi,North West Delhi,2026-08-21 11:00:00+00:00,32.6,64,9.8,313,0.1,975.8,Open-Meteo archive context,configured pilot anchor
DEL_ROH,Rohini pilot area,Delhi,North West Delhi,2026-08-21 12:00:00+00:00,32.9,68,6.1,300,0.0,975.6,Open-Meteo archive context,configured pilot anchor
DEL_ROH,Rohini pilot area,Delhi,North West Delhi,2026-08-21 13:00:00+00:00,31.9,73,5.2,304,0.0,975.8,Open-Meteo archive context,configured pilot anchor
DEL_ROH,Rohini pilot area,Delhi,North West Delhi,2026-08-21 14:00:00+00:00,30.8,80,3.4,302,0.0,976.5,Open-Meteo archive context,configured pilot anchor
DEL_ROH,Rohini pilot area,Delhi,North West Delhi,2026-08-21 15:00:00+00:00,30.4,82,3.2,267,0.0,976.8,Open-Meteo archive context,configured pilot anchor
DEL_ROH,Rohini pilot area,Delhi,North West Delhi,2026-08-21 16:00:00+00:00,30.2,84,2.8,252,0.0,977.3,Open-Meteo archive context,configured pilot anchor
DEL_ROH,Rohini pilot area,Delhi,North West Delhi,2026-08-21 17:00:00+00:00,29.8,86,3.3,241,0.0,977.5,Open-Meteo archive context,configured pilot anchor
DEL_ROH,Rohini pilot area,Delhi,North West Delhi,2026-08-21 18:00:00+00:00,28.6,88,6.4,196,0.0,977.3,Open-Meteo archive context,configured pilot anchor
DEL_ROH,Rohini pilot area,Delhi,North West Delhi,2026-08-21 19:00:00+00:00,28.4,88,4.0,117,0.0,976.9,Open-Meteo archive context,configured pilot anchor
DEL_ROH,Rohini pilot area,Delhi,North West Delhi,2026-08-21 20:00:00+00:00,28.0,88,9.3,199,0.0,976.9,Open-Meteo archive context,configured pilot anchor
DEL_ROH,Rohini pilot area,Delhi,North West Delhi,2026-08-21 21:00:00+00:00,26.8,94,4.5,217,3.3,977.3,Open-Meteo archive context,configured pilot anchor
DEL_ROH,Rohini pilot area,Delhi,North West Delhi,2026-08-21 22:00:00+00:00,26.5,96,6.8,168,0.5,976.5,Open-Meteo archive context,configured pilot anchor
DEL_ROH,Rohini pilot area,Delhi,North West Delhi,2026-08-21 23:00:00+00:00,26.2,96,7.3,228,0.1,977.1,Open-Meteo archive context,configured pilot anchor
DEL_ROH,Rohini pilot area,Delhi,North West Delhi,2026-08-22 00:00:00+00:00,27.1,93,4.7,212,0.5,977.3,Open-Meteo archive context,configured pilot anchor
DEL_ROH,Rohini pilot area,Delhi,North West Delhi,2026-08-22 01:00:00+00:00,27.0,93,5.6,228,0.1,977.9,Open-Meteo archive context,configured pilot anchor
DEL_ROH,Rohini pilot area,Delhi,North West Delhi,2026-08-22 02:00:00+00:00,28.1,89,4.3,343,0.0,978.6,Open-Meteo archive context,configured pilot anchor
DEL_ROH,Rohini pilot area,Delhi,North West Delhi,2026-08-22 03:00:00+00:00,29.2,81,5.6,297,0.0,978.9,Open-Meteo archive context,configured pilot anchor
DEL_ROH,Rohini pilot area,Delhi,North West Delhi,2026-08-22 04:00:00+00:00,30.7,72,8.6,271,0.0,979.0,Open-Meteo archive context,configured pilot anchor
DEL_ROH,Rohini pilot area,Delhi,North West Delhi,2026-08-22 05:00:00+00:00,31.9,66,10.1,268,0.0,979.1,Open-Meteo archive context,configured pilot anchor
DEL_ROH,Rohini pilot area,Delhi,North West Delhi,2026-08-22 06:00:00+00:00,32.9,62,9.8,302,0.0,979.3,Open-Meteo archive context,configured pilot anchor
DEL_ROH,Rohini pilot area,Delhi,North West Delhi,2026-08-22 07:00:00+00:00,33.2,61,10.6,302,0.0,978.4,Open-Meteo archive context,configured pilot anchor
DEL_ROH,Rohini pilot area,Delhi,North West Delhi,2026-08-22 08:00:00+00:00,33.5,61,10.3,301,0.1,977.5,Open-Meteo archive context,configured pilot anchor
DEL_ROH,Rohini pilot area,Delhi,North West Delhi,2026-08-22 09:00:00+00:00,33.6,59,10.3,316,0.1,976.8,Open-Meteo archive context,configured pilot anchor
DEL_ROH,Rohini pilot area,Delhi,North West Delhi,2026-08-22 10:00:00+00:00,33.2,63,8.0,308,0.2,976.1,Open-Meteo archive context,configured pilot anchor
DEL_ROH,Rohini pilot area,Delhi,North West Delhi,2026-08-22 11:00:00+00:00,28.5,82,10.9,39,2.2,975.8,Open-Meteo archive context,configured pilot anchor
DEL_ROH,Rohini pilot area,Delhi,North West Delhi,2026-08-22 12:00:00+00:00,31.8,75,1.8,259,1.7,976.0,Open-Meteo archive context,configured pilot anchor
DEL_ROH,Rohini pilot area,Delhi,North West Delhi,2026-08-22 13:00:00+00:00,30.9,81,2.9,68,0.0,976.4,Open-Meteo archive context,configured pilot anchor
DEL_ROH,Rohini pilot area,Delhi,North West Delhi,2026-08-22 14:00:00+00:00,30.2,84,2.0,135,0.0,976.7,Open-Meteo archive context,configured pilot anchor
DEL_ROH,Rohini pilot area,Delhi,North West Delhi,2026-08-22 15:00:00+00:00,29.3,86,4.3,185,0.0,977.5,Open-Meteo archive context,configured pilot anchor
DEL_ROH,Rohini pilot area,Delhi,North West Delhi,2026-08-22 16:00:00+00:00,28.7,87,3.5,192,0.0,978.0,Open-Meteo archive context,configured pilot anchor
DEL_ROH,Rohini pilot area,Delhi,North West Delhi,2026-08-22 17:00:00+00:00,28.1,87,7.3,191,0.0,978.1,Open-Meteo archive context,configured pilot anchor
DEL_ROH,Rohini pilot area,Delhi,North West Delhi,2026-08-22 18:00:00+00:00,29.1,83,5.6,163,0.0,978.1,Open-Meteo archive context,configured pilot anchor
DEL_ROH,Rohini pilot area,Delhi,North West Delhi,2026-08-22 19:00:00+00:00,28.6,85,2.2,132,0.1,978.1,Open-Meteo archive context,configured pilot anchor
DEL_ROH,Rohini pilot area,Delhi,North West Delhi,2026-08-22 20:00:00+00:00,28.1,85,7.6,175,0.1,977.9,Open-Meteo archive context,configured pilot anchor
DEL_ROH,Rohini pilot area,Delhi,North West Delhi,2026-08-22 21:00:00+00:00,27.7,88,8.0,200,0.0,977.4,Open-Meteo archive context,configured pilot anchor
DEL_ROH,Rohini pilot area,Delhi,North West Delhi,2026-08-22 22:00:00+00:00,27.3,88,5.3,246,0.0,977.5,Open-Meteo archive context,configured pilot anchor
DEL_ROH,Rohini pilot area,Delhi,North West Delhi,2026-08-22 23:00:00+00:00,25.8,93,12.4,360,0.2,978.1,Open-Meteo archive context,configured pilot anchor
DEL_ROH,Rohini pilot area,Delhi,North West Delhi,2026-08-23 00:00:00+00:00,27.3,90,5.5,38,3.0,978.0,Open-Meteo archive context,configured pilot anchor
DEL_ROH,Rohini pilot area,Delhi,North West Delhi,2026-08-23 01:00:00+00:00,26.1,93,9.5,129,0.0,978.7,Open-Meteo archive context,configured pilot anchor
DEL_ROH,Rohini pilot area,Delhi,North West Delhi,2026-08-23 02:00:00+00:00,26.5,90,4.6,149,0.0,979.1,Open-Meteo archive context,configured pilot anchor
DEL_ROH,Rohini pilot area,Delhi,North West Delhi,2026-08-23 03:00:00+00:00,28.4,81,2.2,185,0.0,979.5,Open-Meteo archive context,configured pilot anchor
DEL_ROH,Rohini pilot area,Delhi,North West Delhi,2026-08-23 04:00:00+00:00,28.7,79,10.7,13,0.4,980.4,Open-Meteo archive context,configured pilot anchor
DEL_ROH,Rohini pilot area,Delhi,North West Delhi,2026-08-23 05:00:00+00:00,29.0,80,2.3,337,0.6,980.6,Open-Meteo archive context,configured pilot anchor
DEL_ROH,Rohini pilot area,Delhi,North West Delhi,2026-08-23 06:00:00+00:00,30.1,77,7.1,297,0.4,980.9,Open-Meteo archive context,configured pilot anchor
DEL_ROH,Rohini pilot area,Delhi,North West Delhi,2026-08-23 07:00:00+00:00,31.5,70,10.8,300,0.0,980.3,Open-Meteo archive context,configured pilot anchor
DEL_ROH,Rohini pilot area,Delhi,North West Delhi,2026-08-23 08:00:00+00:00,32.4,66,10.1,313,0.0,979.1,Open-Meteo archive context,configured pilot anchor
DEL_ROH,Rohini pilot area,Delhi,North West Delhi,2026-08-23 09:00:00+00:00,32.9,63,9.7,317,0.0,978.1,Open-Meteo archive context,configured pilot anchor
DEL_ROH,Rohini pilot area,Delhi,North West Delhi,2026-08-23 10:00:00+00:00,33.0,63,8.5,324,0.0,977.3,Open-Meteo archive context,configured pilot anchor
DEL_ROH,Rohini pilot area,Delhi,North West Delhi,2026-08-23 11:00:00+00:00,32.7,64,8.3,319,0.0,976.7,Open-Meteo archive context,configured pilot anchor
DEL_ROH,Rohini pilot area,Delhi,North West Delhi,2026-08-23 12:00:00+00:00,32.5,69,7.7,311,0.0,976.3,Open-Meteo archive context,configured pilot anchor
DEL_ROH,Rohini pilot area,Delhi,North West Delhi,2026-08-23 13:00:00+00:00,31.5,78,3.1,301,0.0,977.0,Open-Meteo archive context,configured pilot anchor
DEL_ROH,Rohini pilot area,Delhi,North West Delhi,2026-08-23 14:00:00+00:00,30.6,81,3.3,311,0.0,977.6,Open-Meteo archive context,configured pilot anchor
DEL_ROH,Rohini pilot area,Delhi,North West Delhi,2026-08-23 15:00:00+00:00,30.0,85,2.8,345,0.0,978.7,Open-Meteo archive context,configured pilot anchor
DEL_ROH,Rohini pilot area,Delhi,North West Delhi,2026-08-23 16:00:00+00:00,29.8,86,1.9,61,0.0,979.3,Open-Meteo archive context,configured pilot anchor
DEL_ROH,Rohini pilot area,Delhi,North West Delhi,2026-08-23 17:00:00+00:00,29.4,89,2.3,72,0.0,979.0,Open-Meteo archive context,configured pilot anchor
DEL_ROH,Rohini pilot area,Delhi,North West Delhi,2026-08-23 18:00:00+00:00,27.9,89,4.1,23,0.0,979.7,Open-Meteo archive context,configured pilot anchor
DEL_ROH,Rohini pilot area,Delhi,North West Delhi,2026-08-23 19:00:00+00:00,27.7,92,3.4,227,0.3,978.8,Open-Meteo archive context,configured pilot anchor
DEL_ROH,Rohini pilot area,Delhi,North West Delhi,2026-08-23 20:00:00+00:00,27.2,93,4.7,227,0.0,978.2,Open-Meteo archive context,configured pilot anchor
DEL_ROH,Rohini pilot area,Delhi,North West Delhi,2026-08-23 21:00:00+00:00,27.1,92,3.4,286,0.0,978.0,Open-Meteo archive context,configured pilot anchor
DEL_ROH,Rohini pilot area,Delhi,North West Delhi,2026-08-23 22:00:00+00:00,26.3,91,6.8,253,0.0,977.9,Open-Meteo archive context,configured pilot anchor
DEL_ROH,Rohini pilot area,Delhi,North West Delhi,2026-08-23 23:00:00+00:00,24.3,97,8.4,140,5.4,978.8,Open-Meteo archive context,configured pilot anchor
DEL_ROH,Rohini pilot area,Delhi,North West Delhi,2026-08-24 00:00:00+00:00,25.4,95,4.9,321,1.2,978.6,Open-Meteo archive context,configured pilot anchor
DEL_ROH,Rohini pilot area,Delhi,North West Delhi,2026-08-24 01:00:00+00:00,25.4,93,4.5,323,1.7,979.2,Open-Meteo archive context,configured pilot anchor
DEL_ROH,Rohini pilot area,Delhi,North West Delhi,2026-08-24 02:00:00+00:00,26.0,94,4.0,120,0.7,979.5,Open-Meteo archive context,configured pilot anchor
DEL_ROH,Rohini pilot area,Delhi,North West Delhi,2026-08-24 03:00:00+00:00,27.4,89,0.2,180,0.1,979.5,Open-Meteo archive context,configured pilot anchor
DEL_ROH,Rohini pilot area,Delhi,North West Delhi,2026-08-24 04:00:00+00:00,29.5,77,3.1,283,0.0,980.0,Open-Meteo archive context,configured pilot anchor
DEL_ROH,Rohini pilot area,Delhi,North West Delhi,2026-08-24 05:00:00+00:00,31.3,68,2.3,299,0.0,980.0,Open-Meteo archive context,configured pilot anchor
DEL_ROH,Rohini pilot area,Delhi,North West Delhi,2026-08-24 06:00:00+00:00,30.6,66,0.8,135,0.0,980.1,Open-Meteo archive context,configured pilot anchor
DEL_ROH,Rohini pilot area,Delhi,North West Delhi,2026-08-24 07:00:00+00:00,31.0,67,3.3,167,0.0,979.8,Open-Meteo archive context,configured pilot anchor
DEL_ROH,Rohini pilot area,Delhi,North West Delhi,2026-08-24 08:00:00+00:00,30.8,68,3.2,243,0.0,978.9,Open-Meteo archive context,configured pilot anchor
DEL_ROH,Rohini pilot area,Delhi,North West Delhi,2026-08-24 09:00:00+00:00,31.4,67,3.1,249,0.1,978.0,Open-Meteo archive context,configured pilot anchor
DEL_ROH,Rohini pilot area,Delhi,North West Delhi,2026-08-24 10:00:00+00:00,32.1,64,3.8,273,0.0,977.4,Open-Meteo archive context,configured pilot anchor
DEL_ROH,Rohini pilot area,Delhi,North West Delhi,2026-08-24 11:00:00+00:00,31.9,65,3.9,257,0.0,977.0,Open-Meteo archive context,configured pilot anchor
DEL_ROH,Rohini pilot area,Delhi,North West Delhi,2026-08-24 12:00:00+00:00,31.8,71,4.5,344,0.0,976.8,Open-Meteo archive context,configured pilot anchor
DEL_ROH,Rohini pilot area,Delhi,North West Delhi,2026-08-24 13:00:00+00:00,31.2,80,1.7,58,0.0,977.2,Open-Meteo archive context,configured pilot anchor
DEL_ROH,Rohini pilot area,Delhi,North West Delhi,2026-08-24 14:00:00+00:00,30.4,82,3.8,107,0.0,977.7,Open-Meteo archive context,configured pilot anchor
DEL_ROH,Rohini pilot area,Delhi,North West Delhi,2026-08-24 15:00:00+00:00,30.2,83,3.3,131,0.0,978.6,Open-Meteo archive context,configured pilot anchor
DEL_ROH,Rohini pilot area,Delhi,North West Delhi,2026-08-24 16:00:00+00:00,29.9,83,4.7,148,0.0,979.2,Open-Meteo archive context,configured pilot anchor
DEL_ROH,Rohini pilot area,Delhi,North West Delhi,2026-08-24 17:00:00+00:00,29.5,85,5.7,152,0.0,979.2,Open-Meteo archive context,configured pilot anchor
DEL_ROH,Rohini pilot area,Delhi,North West Delhi,2026-08-24 18:00:00+00:00,29.0,87,6.0,141,0.0,978.8,Open-Meteo archive context,configured pilot anchor
DEL_ROH,Rohini pilot area,Delhi,North West Delhi,2026-08-24 19:00:00+00:00,28.3,91,3.5,159,0.0,978.8,Open-Meteo archive context,configured pilot anchor
DEL_ROH,Rohini pilot area,Delhi,North West Delhi,2026-08-24 20:00:00+00:00,28.0,93,2.7,217,0.0,978.5,Open-Meteo archive context,configured pilot anchor
DEL_ROH,Rohini pilot area,Delhi,North West Delhi,2026-08-24 21:00:00+00:00,27.7,94,3.2,232,0.0,978.2,Open-Meteo archive context,configured pilot anchor
DEL_ROH,Rohini pilot area,Delhi,North West Delhi,2026-08-24 22:00:00+00:00,27.6,94,2.8,220,0.0,978.3,Open-Meteo archive context,configured pilot anchor
DEL_ROH,Rohini pilot area,Delhi,North West Delhi,2026-08-24 23:00:00+00:00,27.5,95,1.7,198,0.0,978.4,Open-Meteo archive context,configured pilot anchor
DEL_ROH,Rohini pilot area,Delhi,North West Delhi,2026-08-25 00:00:00+00:00,26.2,98,3.6,297,0.0,979.0,Open-Meteo archive context,configured pilot anchor
DEL_ROH,Rohini pilot area,Delhi,North West Delhi,2026-08-25 01:00:00+00:00,26.5,97,2.0,350,0.8,979.7,Open-Meteo archive context,configured pilot anchor
DEL_ROH,Rohini pilot area,Delhi,North West Delhi,2026-08-25 02:00:00+00:00,26.6,97,3.6,297,0.2,979.7,Open-Meteo archive context,configured pilot anchor
DEL_ROH,Rohini pilot area,Delhi,North West Delhi,2026-08-25 03:00:00+00:00,27.6,92,0.3,135,0.0,979.8,Open-Meteo archive context,configured pilot anchor
DEL_ROH,Rohini pilot area,Delhi,North West Delhi,2026-08-25 04:00:00+00:00,28.9,85,3.4,137,0.0,980.2,Open-Meteo archive context,configured pilot anchor
DEL_ROH,Rohini pilot area,Delhi,North West Delhi,2026-08-25 05:00:00+00:00,30.1,79,3.5,105,0.0,980.5,Open-Meteo archive context,configured pilot anchor
DEL_ROH,Rohini pilot area,Delhi,North West Delhi,2026-08-25 06:00:00+00:00,31.1,70,3.0,115,0.0,980.3,Open-Meteo archive context,configured pilot anchor
DEL_ROH,Rohini pilot area,Delhi,North West Delhi,2026-08-25 07:00:00+00:00,31.8,64,4.3,68,0.0,980.1,Open-Meteo archive context,configured pilot anchor
DEL_ROH,Rohini pilot area,Delhi,North West Delhi,2026-08-25 08:00:00+00:00,32.3,62,3.1,54,0.0,979.3,Open-Meteo archive context,configured pilot anchor
DEL_ROH,Rohini pilot area,Delhi,North West Delhi,2026-08-25 09:00:00+00:00,32.4,63,2.2,55,0.0,978.5,Open-Meteo archive context,configured pilot anchor
DEL_ROH,Rohini pilot area,Delhi,North West Delhi,2026-08-25 10:00:00+00:00,33.1,60,2.4,99,0.0,977.8,Open-Meteo archive context,configured pilot anchor
DEL_ROH,Rohini pilot area,Delhi,North West Delhi,2026-08-25 11:00:00+00:00,33.0,59,1.5,60,0.0,977.4,Open-Meteo archive context,configured pilot anchor
DEL_ROH,Rohini pilot area,Delhi,North West Delhi,2026-08-25 12:00:00+00:00,32.5,61,1.8,315,0.0,977.1,Open-Meteo archive context,configured pilot anchor
DEL_ROH,Rohini pilot area,Delhi,North West Delhi,2026-08-25 13:00:00+00:00,31.2,72,4.2,355,0.0,977.2,Open-Meteo archive context,configured pilot anchor
DEL_ROH,Rohini pilot area,Delhi,North West Delhi,2026-08-25 14:00:00+00:00,29.6,82,5.1,17,0.0,977.4,Open-Meteo archive context,configured pilot anchor
DEL_ROH,Rohini pilot area,Delhi,North West Delhi,2026-08-25 15:00:00+00:00,29.0,88,2.9,79,0.0,978.3,Open-Meteo archive context,configured pilot anchor
DEL_ROH,Rohini pilot area,Delhi,North West Delhi,2026-08-25 16:00:00+00:00,28.8,90,2.1,128,0.0,978.9,Open-Meteo archive context,configured pilot anchor
DEL_ROH,Rohini pilot area,Delhi,North West Delhi,2026-08-25 17:00:00+00:00,28.6,91,2.5,159,0.0,979.1,Open-Meteo archive context,configured pilot anchor
DEL_ROH,Rohini pilot area,Delhi,North West Delhi,2026-08-25 18:00:00+00:00,28.5,89,3.5,168,0.0,979.3,Open-Meteo archive context,configured pilot anchor
DEL_ROH,Rohini pilot area,Delhi,North West Delhi,2026-08-25 19:00:00+00:00,28.3,89,2.9,210,0.0,979.2,Open-Meteo archive context,configured pilot anchor
DEL_ROH,Rohini pilot area,Delhi,North West Delhi,2026-08-25 20:00:00+00:00,27.9,91,2.8,230,0.0,978.5,Open-Meteo archive context,configured pilot anchor
DEL_ROH,Rohini pilot area,Delhi,North West Delhi,2026-08-25 21:00:00+00:00,27.6,92,2.8,215,0.0,977.9,Open-Meteo archive context,configured pilot anchor
DEL_ROH,Rohini pilot area,Delhi,North West Delhi,2026-08-25 22:00:00+00:00,27.4,92,2.7,228,0.0,977.8,Open-Meteo archive context,configured pilot anchor
DEL_ROH,Rohini pilot area,Delhi,North West Delhi,2026-08-25 23:00:00+00:00,27.3,91,3.0,253,0.0,977.9,Open-Meteo archive context,configured pilot anchor
DEL_NAJ,Najafgarh pilot area,Delhi,South West Delhi,2026-07-26 00:00:00+00:00,28.4,93,3.9,118,0.2,976.8,Open-Meteo archive context,configured pilot anchor
DEL_NAJ,Najafgarh pilot area,Delhi,South West Delhi,2026-07-26 01:00:00+00:00,27.7,95,8.0,132,0.5,977.2,Open-Meteo archive context,configured pilot anchor
DEL_NAJ,Najafgarh pilot area,Delhi,South West Delhi,2026-07-26 02:00:00+00:00,28.4,93,4.5,157,0.1,977.3,Open-Meteo archive context,configured pilot anchor
DEL_NAJ,Najafgarh pilot area,Delhi,South West Delhi,2026-07-26 03:00:00+00:00,29.8,84,4.1,113,0.0,977.5,Open-Meteo archive context,configured pilot anchor
DEL_NAJ,Najafgarh pilot area,Delhi,South West Delhi,2026-07-26 04:00:00+00:00,31.3,73,4.3,85,0.0,977.4,Open-Meteo archive context,configured pilot anchor
DEL_NAJ,Najafgarh pilot area,Delhi,South West Delhi,2026-07-26 05:00:00+00:00,32.1,66,4.6,108,0.2,977.7,Open-Meteo archive context,configured pilot anchor
DEL_NAJ,Najafgarh pilot area,Delhi,South West Delhi,2026-07-26 06:00:00+00:00,32.5,69,4.4,63,0.3,977.9,Open-Meteo archive context,configured pilot anchor
DEL_NAJ,Najafgarh pilot area,Delhi,South West Delhi,2026-07-26 07:00:00+00:00,33.2,66,4.2,85,0.1,977.8,Open-Meteo archive context,configured pilot anchor
DEL_NAJ,Najafgarh pilot area,Delhi,South West Delhi,2026-07-26 08:00:00+00:00,33.6,62,4.2,100,0.1,977.2,Open-Meteo archive context,configured pilot anchor
DEL_NAJ,Najafgarh pilot area,Delhi,South West Delhi,2026-07-26 09:00:00+00:00,33.9,60,3.5,114,0.1,976.3,Open-Meteo archive context,configured pilot anchor
DEL_NAJ,Najafgarh pilot area,Delhi,South West Delhi,2026-07-26 10:00:00+00:00,34.1,59,2.7,90,0.0,975.5,Open-Meteo archive context,configured pilot anchor
DEL_NAJ,Najafgarh pilot area,Delhi,South West Delhi,2026-07-26 11:00:00+00:00,33.9,59,3.7,67,0.0,974.7,Open-Meteo archive context,configured pilot anchor
DEL_NAJ,Najafgarh pilot area,Delhi,South West Delhi,2026-07-26 12:00:00+00:00,34.2,60,4.0,122,0.0,974.4,Open-Meteo archive context,configured pilot anchor
DEL_NAJ,Najafgarh pilot area,Delhi,South West Delhi,2026-07-26 13:00:00+00:00,33.8,59,2.6,74,0.0,974.5,Open-Meteo archive context,configured pilot anchor
DEL_NAJ,Najafgarh pilot area,Delhi,South West Delhi,2026-07-26 14:00:00+00:00,32.3,72,1.8,53,0.0,974.9,Open-Meteo archive context,configured pilot anchor
DEL_NAJ,Najafgarh pilot area,Delhi,South West Delhi,2026-07-26 15:00:00+00:00,31.7,76,1.3,90,0.0,975.4,Open-Meteo archive context,configured pilot anchor
DEL_NAJ,Najafgarh pilot area,Delhi,South West Delhi,2026-07-26 16:00:00+00:00,31.5,78,0.6,146,0.0,975.9,Open-Meteo archive context,configured pilot anchor
DEL_NAJ,Najafgarh pilot area,Delhi,South West Delhi,2026-07-26 17:00:00+00:00,31.0,80,1.1,180,0.0,976.2,Open-Meteo archive context,configured pilot anchor
DEL_NAJ,Najafgarh pilot area,Delhi,South West Delhi,2026-07-26 18:00:00+00:00,30.7,79,1.9,158,0.0,975.6,Open-Meteo archive context,configured pilot anchor
DEL_NAJ,Najafgarh pilot area,Delhi,South West Delhi,2026-07-26 19:00:00+00:00,30.0,79,3.0,163,0.0,975.5,Open-Meteo archive context,configured pilot anchor
DEL_NAJ,Najafgarh pilot area,Delhi,South West Delhi,2026-07-26 20:00:00+00:00,29.5,80,3.1,180,0.0,974.9,Open-Meteo archive context,configured pilot anchor
DEL_NAJ,Najafgarh pilot area,Delhi,South West Delhi,2026-07-26 21:00:00+00:00,29.2,81,3.3,193,0.0,974.4,Open-Meteo archive context,configured pilot anchor
DEL_NAJ,Najafgarh pilot area,Delhi,South West Delhi,2026-07-26 22:00:00+00:00,29.1,82,2.7,184,0.0,974.3,Open-Meteo archive context,configured pilot anchor
DEL_NAJ,Najafgarh pilot area,Delhi,South West Delhi,2026-07-26 23:00:00+00:00,29.0,83,2.3,203,0.0,974.4,Open-Meteo archive context,configured pilot anchor
DEL_NAJ,Najafgarh pilot area,Delhi,South West Delhi,2026-07-27 00:00:00+00:00,29.4,83,2.6,254,0.0,974.5,Open-Meteo archive context,configured pilot anchor
DEL_NAJ,Najafgarh pilot area,Delhi,South West Delhi,2026-07-27 01:00:00+00:00,29.7,81,4.3,265,0.0,974.6,Open-Meteo archive context,configured pilot anchor
DEL_NAJ,Najafgarh pilot area,Delhi,South West Delhi,2026-07-27 02:00:00+00:00,30.6,78,2.5,266,0.0,975.0,Open-Meteo archive context,configured pilot anchor
DEL_NAJ,Najafgarh pilot area,Delhi,South West Delhi,2026-07-27 03:00:00+00:00,31.6,75,2.2,275,0.0,975.1,Open-Meteo archive context,configured pilot anchor
DEL_NAJ,Najafgarh pilot area,Delhi,South West Delhi,2026-07-27 04:00:00+00:00,33.0,65,3.8,267,0.0,975.0,Open-Meteo archive context,configured pilot anchor
DEL_NAJ,Najafgarh pilot area,Delhi,South West Delhi,2026-07-27 05:00:00+00:00,33.6,62,3.1,291,0.1,975.4,Open-Meteo archive context,configured pilot anchor
DEL_NAJ,Najafgarh pilot area,Delhi,South West Delhi,2026-07-27 06:00:00+00:00,34.5,56,2.8,243,0.1,974.8,Open-Meteo archive context,configured pilot anchor
DEL_NAJ,Najafgarh pilot area,Delhi,South West Delhi,2026-07-27 07:00:00+00:00,34.9,56,4.2,234,0.0,975.0,Open-Meteo archive context,configured pilot anchor
DEL_NAJ,Najafgarh pilot area,Delhi,South West Delhi,2026-07-27 08:00:00+00:00,35.2,55,4.6,252,0.0,974.2,Open-Meteo archive context,configured pilot anchor
DEL_NAJ,Najafgarh pilot area,Delhi,South West Delhi,2026-07-27 09:00:00+00:00,35.1,54,5.7,279,0.0,973.2,Open-Meteo archive context,configured pilot anchor
DEL_NAJ,Najafgarh pilot area,Delhi,South West Delhi,2026-07-27 10:00:00+00:00,34.7,56,4.3,303,0.0,972.5,Open-Meteo archive context,configured pilot anchor
DEL_NAJ,Najafgarh pilot area,Delhi,South West Delhi,2026-07-27 11:00:00+00:00,34.2,57,3.2,357,0.0,972.3,Open-Meteo archive context,configured pilot anchor
DEL_NAJ,Najafgarh pilot area,Delhi,South West Delhi,2026-07-27 12:00:00+00:00,31.8,76,1.8,37,0.1,972.4,Open-Meteo archive context,configured pilot anchor
DEL_NAJ,Najafgarh pilot area,Delhi,South West Delhi,2026-07-27 13:00:00+00:00,31.5,79,4.9,51,0.1,972.3,Open-Meteo archive context,configured pilot anchor
DEL_NAJ,Najafgarh pilot area,Delhi,South West Delhi,2026-07-27 14:00:00+00:00,31.1,82,2.1,121,0.0,972.5,Open-Meteo archive context,configured pilot anchor
DEL_NAJ,Najafgarh pilot area,Delhi,South West Delhi,2026-07-27 15:00:00+00:00,31.0,80,4.9,129,0.0,973.2,Open-Meteo archive context,configured pilot anchor
DEL_NAJ,Najafgarh pilot area,Delhi,South West Delhi,2026-07-27 16:00:00+00:00,31.0,77,7.5,120,0.0,973.7,Open-Meteo archive context,configured pilot anchor
DEL_NAJ,Najafgarh pilot area,Delhi,South West Delhi,2026-07-27 17:00:00+00:00,30.3,79,14.8,128,0.0,974.3,Open-Meteo archive context,configured pilot anchor
DEL_NAJ,Najafgarh pilot area,Delhi,South West Delhi,2026-07-27 18:00:00+00:00,30.5,83,9.8,137,0.0,974.0,Open-Meteo archive context,configured pilot anchor
DEL_NAJ,Najafgarh pilot area,Delhi,South West Delhi,2026-07-27 19:00:00+00:00,28.5,86,16.5,149,0.1,974.4,Open-Meteo archive context,configured pilot anchor
DEL_NAJ,Najafgarh pilot area,Delhi,South West Delhi,2026-07-27 20:00:00+00:00,27.8,88,12.8,141,0.1,974.2,Open-Meteo archive context,configured pilot anchor
DEL_NAJ,Najafgarh pilot area,Delhi,South West Delhi,2026-07-27 21:00:00+00:00,27.5,90,12.0,129,0.1,973.6,Open-Meteo archive context,configured pilot anchor
DEL_NAJ,Najafgarh pilot area,Delhi,South West Delhi,2026-07-27 22:00:00+00:00,27.4,94,11.5,124,0.2,973.5,Open-Meteo archive context,configured pilot anchor
DEL_NAJ,Najafgarh pilot area,Delhi,South West Delhi,2026-07-27 23:00:00+00:00,27.1,97,12.1,128,0.4,973.3,Open-Meteo archive context,configured pilot anchor
DEL_NAJ,Najafgarh pilot area,Delhi,South West Delhi,2026-07-28 00:00:00+00:00,28.5,94,8.2,148,0.2,972.7,Open-Meteo archive context,configured pilot anchor
DEL_NAJ,Najafgarh pilot area,Delhi,South West Delhi,2026-07-28 01:00:00+00:00,28.8,92,7.9,141,0.0,973.5,Open-Meteo archive context,configured pilot anchor
DEL_NAJ,Najafgarh pilot area,Delhi,South West Delhi,2026-07-28 02:00:00+00:00,27.9,90,15.7,147,0.2,974.0,Open-Meteo archive context,configured pilot anchor
DEL_NAJ,Najafgarh pilot area,Delhi,South West Delhi,2026-07-28 03:00:00+00:00,29.3,87,9.5,159,0.1,974.2,Open-Meteo archive context,configured pilot anchor
DEL_NAJ,Najafgarh pilot area,Delhi,South West Delhi,2026-07-28 04:00:00+00:00,30.6,81,8.4,157,0.0,975.1,Open-Meteo archive context,configured pilot anchor
DEL_NAJ,Najafgarh pilot area,Delhi,South West Delhi,2026-07-28 05:00:00+00:00,28.0,89,13.5,155,2.8,976.3,Open-Meteo archive context,configured pilot anchor
DEL_NAJ,Najafgarh pilot area,Delhi,South West Delhi,2026-07-28 06:00:00+00:00,29.4,83,10.8,126,1.4,975.7,Open-Meteo archive context,configured pilot anchor
DEL_NAJ,Najafgarh pilot area,Delhi,South West Delhi,2026-07-28 07:00:00+00:00,28.3,93,12.3,136,1.7,975.1,Open-Meteo archive context,configured pilot anchor
DEL_NAJ,Najafgarh pilot area,Delhi,South West Delhi,2026-07-28 08:00:00+00:00,27.5,94,10.3,145,1.7,975.0,Open-Meteo archive context,configured pilot anchor
DEL_NAJ,Najafgarh pilot area,Delhi,South West Delhi,2026-07-28 09:00:00+00:00,27.1,94,6.0,136,1.9,974.2,Open-Meteo archive context,configured pilot anchor
DEL_NAJ,Najafgarh pilot area,Delhi,South West Delhi,2026-07-28 10:00:00+00:00,27.5,89,6.3,143,1.0,973.4,Open-Meteo archive context,configured pilot anchor
DEL_NAJ,Najafgarh pilot area,Delhi,South West Delhi,2026-07-28 11:00:00+00:00,27.3,91,4.8,135,0.4,973.0,Open-Meteo archive context,configured pilot anchor
DEL_NAJ,Najafgarh pilot area,Delhi,South West Delhi,2026-07-28 12:00:00+00:00,31.3,70,4.2,301,0.3,973.1,Open-Meteo archive context,configured pilot anchor
DEL_NAJ,Najafgarh pilot area,Delhi,South West Delhi,2026-07-28 13:00:00+00:00,30.4,77,4.5,307,0.1,973.3,Open-Meteo archive context,configured pilot anchor
DEL_NAJ,Najafgarh pilot area,Delhi,South West Delhi,2026-07-28 14:00:00+00:00,29.6,85,1.5,277,0.0,973.6,Open-Meteo archive context,configured pilot anchor
DEL_NAJ,Najafgarh pilot area,Delhi,South West Delhi,2026-07-28 15:00:00+00:00,29.3,87,0.2,180,0.0,974.5,Open-Meteo archive context,configured pilot anchor
DEL_NAJ,Najafgarh pilot area,Delhi,South West Delhi,2026-07-28 16:00:00+00:00,29.3,88,1.9,163,0.0,975.2,Open-Meteo archive context,configured pilot anchor
DEL_NAJ,Najafgarh pilot area,Delhi,South West Delhi,2026-07-28 17:00:00+00:00,29.1,88,3.6,108,0.0,975.8,Open-Meteo archive context,configured pilot anchor
DEL_NAJ,Najafgarh pilot area,Delhi,South West Delhi,2026-07-28 18:00:00+00:00,28.7,86,3.1,140,0.0,975.8,Open-Meteo archive context,configured pilot anchor
DEL_NAJ,Najafgarh pilot area,Delhi,South West Delhi,2026-07-28 19:00:00+00:00,28.3,88,2.8,169,0.0,975.6,Open-Meteo archive context,configured pilot anchor
DEL_NAJ,Najafgarh pilot area,Delhi,South West Delhi,2026-07-28 20:00:00+00:00,28.1,90,2.9,158,0.1,975.5,Open-Meteo archive context,configured pilot anchor
DEL_NAJ,Najafgarh pilot area,Delhi,South West Delhi,2026-07-28 21:00:00+00:00,27.8,92,4.3,105,0.1,975.0,Open-Meteo archive context,configured pilot anchor
DEL_NAJ,Najafgarh pilot area,Delhi,South West Delhi,2026-07-28 22:00:00+00:00,27.6,90,4.2,115,0.2,975.2,Open-Meteo archive context,configured pilot anchor
DEL_NAJ,Najafgarh pilot area,Delhi,South West Delhi,2026-07-28 23:00:00+00:00,27.3,92,2.5,111,0.0,975.5,Open-Meteo archive context,configured pilot anchor
DEL_NAJ,Najafgarh pilot area,Delhi,South West Delhi,2026-07-29 00:00:00+00:00,26.8,97,3.7,137,0.0,974.9,Open-Meteo archive context,configured pilot anchor
DEL_NAJ,Najafgarh pilot area,Delhi,South West Delhi,2026-07-29 01:00:00+00:00,27.0,96,3.7,104,0.0,975.4,Open-Meteo archive context,configured pilot anchor
DEL_NAJ,Najafgarh pilot area,Delhi,South West Delhi,2026-07-29 02:00:00+00:00,27.3,92,6.3,83,0.0,976.0,Open-Meteo archive context,configured pilot anchor
DEL_NAJ,Najafgarh pilot area,Delhi,South West Delhi,2026-07-29 03:00:00+00:00,27.7,90,4.3,90,0.4,976.3,Open-Meteo archive context,configured pilot anchor
DEL_NAJ,Najafgarh pilot area,Delhi,South West Delhi,2026-07-29 04:00:00+00:00,28.9,84,3.4,122,0.3,976.6,Open-Meteo archive context,configured pilot anchor
DEL_NAJ,Najafgarh pilot area,Delhi,South West Delhi,2026-07-29 05:00:00+00:00,30.5,78,4.1,139,0.2,976.6,Open-Meteo archive context,configured pilot anchor
DEL_NAJ,Najafgarh pilot area,Delhi,South West Delhi,2026-07-29 06:00:00+00:00,31.2,78,3.7,194,0.1,976.5,Open-Meteo archive context,configured pilot anchor
DEL_NAJ,Najafgarh pilot area,Delhi,South West Delhi,2026-07-29 07:00:00+00:00,32.4,72,1.3,236,0.0,976.0,Open-Meteo archive context,configured pilot anchor
DEL_NAJ,Najafgarh pilot area,Delhi,South West Delhi,2026-07-29 08:00:00+00:00,32.4,69,2.3,288,0.0,975.5,Open-Meteo archive context,configured pilot anchor
DEL_NAJ,Najafgarh pilot area,Delhi,South West Delhi,2026-07-29 09:00:00+00:00,32.7,68,3.5,285,0.1,974.5,Open-Meteo archive context,configured pilot anchor
DEL_NAJ,Najafgarh pilot area,Delhi,South West Delhi,2026-07-29 10:00:00+00:00,33.1,67,2.1,301,0.2,973.8,Open-Meteo archive context,configured pilot anchor
DEL_NAJ,Najafgarh pilot area,Delhi,South West Delhi,2026-07-29 11:00:00+00:00,32.8,67,0.9,169,0.0,973.1,Open-Meteo archive context,configured pilot anchor
DEL_NAJ,Najafgarh pilot area,Delhi,South West Delhi,2026-07-29 12:00:00+00:00,33.3,63,4.3,132,0.0,972.8,Open-Meteo archive context,configured pilot anchor
DEL_NAJ,Najafgarh pilot area,Delhi,South West Delhi,2026-07-29 13:00:00+00:00,31.9,74,5.6,147,0.0,972.8,Open-Meteo archive context,configured pilot anchor
DEL_NAJ,Najafgarh pilot area,Delhi,South West Delhi,2026-07-29 14:00:00+00:00,30.7,80,6.3,153,0.0,973.6,Open-Meteo archive context,configured pilot anchor
DEL_NAJ,Najafgarh pilot area,Delhi,South West Delhi,2026-07-29 15:00:00+00:00,30.1,83,5.9,153,0.0,974.4,Open-Meteo archive context,configured pilot anchor
DEL_NAJ,Najafgarh pilot area,Delhi,South West Delhi,2026-07-29 16:00:00+00:00,29.8,84,5.4,140,0.0,975.4,Open-Meteo archive context,configured pilot anchor
DEL_NAJ,Najafgarh pilot area,Delhi,South West Delhi,2026-07-29 17:00:00+00:00,29.4,87,3.4,137,0.0,975.4,Open-Meteo archive context,configured pilot anchor
DEL_NAJ,Najafgarh pilot area,Delhi,South West Delhi,2026-07-29 18:00:00+00:00,30.1,88,2.8,105,0.0,975.0,Open-Meteo archive context,configured pilot anchor
DEL_NAJ,Najafgarh pilot area,Delhi,South West Delhi,2026-07-29 19:00:00+00:00,29.6,90,5.8,104,0.1,974.7,Open-Meteo archive context,configured pilot anchor
DEL_NAJ,Najafgarh pilot area,Delhi,South West Delhi,2026-07-29 20:00:00+00:00,27.3,95,11.1,348,1.0,975.1,Open-Meteo archive context,configured pilot anchor
DEL_NAJ,Najafgarh pilot area,Delhi,South West Delhi,2026-07-29 21:00:00+00:00,26.1,97,9.7,114,1.1,974.5,Open-Meteo archive context,configured pilot anchor
DEL_NAJ,Najafgarh pilot area,Delhi,South West Delhi,2026-07-29 22:00:00+00:00,26.3,97,4.8,79,0.2,974.2,Open-Meteo archive context,configured pilot anchor
DEL_NAJ,Najafgarh pilot area,Delhi,South West Delhi,2026-07-29 23:00:00+00:00,26.5,95,3.7,104,0.0,973.9,Open-Meteo archive context,configured pilot anchor
DEL_NAJ,Najafgarh pilot area,Delhi,South West Delhi,2026-07-30 00:00:00+00:00,27.9,90,5.0,128,0.0,973.5,Open-Meteo archive context,configured pilot anchor
DEL_NAJ,Najafgarh pilot area,Delhi,South West Delhi,2026-07-30 01:00:00+00:00,28.2,89,7.5,100,0.0,973.9,Open-Meteo archive context,configured pilot anchor
DEL_NAJ,Najafgarh pilot area,Delhi,South West Delhi,2026-07-30 02:00:00+00:00,29.2,87,7.4,151,0.0,974.7,Open-Meteo archive context,configured pilot anchor
DEL_NAJ,Najafgarh pilot area,Delhi,South West Delhi,2026-07-30 03:00:00+00:00,29.6,85,7.5,143,0.7,975.3,Open-Meteo archive context,configured pilot anchor
DEL_NAJ,Najafgarh pilot area,Delhi,South West Delhi,2026-07-30 04:00:00+00:00,30.9,76,9.5,158,0.2,975.5,Open-Meteo archive context,configured pilot anchor
DEL_NAJ,Najafgarh pilot area,Delhi,South West Delhi,2026-07-30 05:00:00+00:00,32.1,69,8.3,166,0.0,976.0,Open-Meteo archive context,configured pilot anchor
DEL_NAJ,Najafgarh pilot area,Delhi,South West Delhi,2026-07-30 06:00:00+00:00,32.5,68,5.0,139,0.0,975.7,Open-Meteo archive context,configured pilot anchor
DEL_NAJ,Najafgarh pilot area,Delhi,South West Delhi,2026-07-30 07:00:00+00:00,33.4,62,6.0,139,0.1,975.4,Open-Meteo archive context,configured pilot anchor
DEL_NAJ,Najafgarh pilot area,Delhi,South West Delhi,2026-07-30 08:00:00+00:00,31.9,66,9.6,131,0.5,975.0,Open-Meteo archive context,configured pilot anchor
DEL_NAJ,Najafgarh pilot area,Delhi,South West Delhi,2026-07-30 09:00:00+00:00,32.7,64,2.3,61,1.1,974.1,Open-Meteo archive context,configured pilot anchor
DEL_NAJ,Najafgarh pilot area,Delhi,South West Delhi,2026-07-30 10:00:00+00:00,33.4,60,4.6,81,0.1,973.3,Open-Meteo archive context,configured pilot anchor
DEL_NAJ,Najafgarh pilot area,Delhi,South West Delhi,2026-07-30 11:00:00+00:00,33.5,60,5.2,94,0.0,972.6,Open-Meteo archive context,configured pilot anchor
DEL_NAJ,Najafgarh pilot area,Delhi,South West Delhi,2026-07-30 12:00:00+00:00,32.3,70,10.9,109,0.0,972.4,Open-Meteo archive context,configured pilot anchor
DEL_NAJ,Najafgarh pilot area,Delhi,South West Delhi,2026-07-30 13:00:00+00:00,30.9,75,14.7,83,0.1,972.9,Open-Meteo archive context,configured pilot anchor
DEL_NAJ,Najafgarh pilot area,Delhi,South West Delhi,2026-07-30 14:00:00+00:00,29.2,82,10.7,77,0.1,973.8,Open-Meteo archive context,configured pilot anchor
DEL_NAJ,Najafgarh pilot area,Delhi,South West Delhi,2026-07-30 15:00:00+00:00,28.9,83,9.6,82,0.0,974.5,Open-Meteo archive context,configured pilot anchor
DEL_NAJ,Najafgarh pilot area,Delhi,South West Delhi,2026-07-30 16:00:00+00:00,28.8,86,9.7,79,0.0,975.2,Open-Meteo archive context,configured pilot anchor
DEL_NAJ,Najafgarh pilot area,Delhi,South West Delhi,2026-07-30 17:00:00+00:00,28.6,88,11.2,92,0.0,975.5,Open-Meteo archive context,configured pilot anchor
DEL_NAJ,Najafgarh pilot area,Delhi,South West Delhi,2026-07-30 18:00:00+00:00,29.2,88,12.2,107,0.0,975.2,Open-Meteo archive context,configured pilot anchor
DEL_NAJ,Najafgarh pilot area,Delhi,South West Delhi,2026-07-30 19:00:00+00:00,28.9,87,12.0,99,0.0,974.8,Open-Meteo archive context,configured pilot anchor
DEL_NAJ,Najafgarh pilot area,Delhi,South West Delhi,2026-07-30 20:00:00+00:00,28.7,87,12.7,102,0.0,974.8,Open-Meteo archive context,configured pilot anchor
DEL_NAJ,Najafgarh pilot area,Delhi,South West Delhi,2026-07-30 21:00:00+00:00,28.6,86,11.6,102,0.0,974.7,Open-Meteo archive context,configured pilot anchor
DEL_NAJ,Najafgarh pilot area,Delhi,South West Delhi,2026-07-30 22:00:00+00:00,28.4,86,9.8,95,0.0,974.7,Open-Meteo archive context,configured pilot anchor
DEL_NAJ,Najafgarh pilot area,Delhi,South West Delhi,2026-07-30 23:00:00+00:00,28.3,85,10.6,93,0.0,974.8,Open-Meteo archive context,configured pilot anchor
DEL_NAJ,Najafgarh pilot area,Delhi,South West Delhi,2026-07-31 00:00:00+00:00,28.4,85,11.7,104,0.0,974.6,Open-Meteo archive context,configured pilot anchor
DEL_NAJ,Najafgarh pilot area,Delhi,South West Delhi,2026-07-31 01:00:00+00:00,28.5,83,11.7,95,0.0,975.1,Open-Meteo archive context,configured pilot anchor
DEL_NAJ,Najafgarh pilot area,Delhi,South West Delhi,2026-07-31 02:00:00+00:00,29.1,80,12.3,93,0.0,975.6,Open-Meteo archive context,configured pilot anchor
DEL_NAJ,Najafgarh pilot area,Delhi,South West Delhi,2026-07-31 03:00:00+00:00,29.7,77,15.6,98,0.1,975.9,Open-Meteo archive context,configured pilot anchor
DEL_NAJ,Najafgarh pilot area,Delhi,South West Delhi,2026-07-31 04:00:00+00:00,30.1,75,16.1,101,0.1,976.2,Open-Meteo archive context,configured pilot anchor
DEL_NAJ,Najafgarh pilot area,Delhi,South West Delhi,2026-07-31 05:00:00+00:00,30.4,73,15.6,97,0.1,976.3,Open-Meteo archive context,configured pilot anchor
DEL_NAJ,Najafgarh pilot area,Delhi,South West Delhi,2026-07-31 06:00:00+00:00,30.8,71,13.9,94,0.2,976.6,Open-Meteo archive context,configured pilot anchor
DEL_NAJ,Najafgarh pilot area,Delhi,South West Delhi,2026-07-31 07:00:00+00:00,31.3,67,13.2,97,0.1,975.8,Open-Meteo archive context,configured pilot anchor
DEL_NAJ,Najafgarh pilot area,Delhi,South West Delhi,2026-07-31 08:00:00+00:00,32.8,62,15.1,105,0.1,975.1,Open-Meteo archive context,configured pilot anchor
DEL_NAJ,Najafgarh pilot area,Delhi,South West Delhi,2026-07-31 09:00:00+00:00,33.0,61,13.8,104,0.1,974.3,Open-Meteo archive context,configured pilot anchor
DEL_NAJ,Najafgarh pilot area,Delhi,South West Delhi,2026-07-31 10:00:00+00:00,33.0,61,12.2,98,0.1,973.4,Open-Meteo archive context,configured pilot anchor
DEL_NAJ,Najafgarh pilot area,Delhi,South West Delhi,2026-07-31 11:00:00+00:00,31.6,68,12.1,107,0.3,972.9,Open-Meteo archive context,configured pilot anchor
DEL_NAJ,Najafgarh pilot area,Delhi,South West Delhi,2026-07-31 12:00:00+00:00,31.8,71,9.7,87,0.6,972.9,Open-Meteo archive context,configured pilot anchor
DEL_NAJ,Najafgarh pilot area,Delhi,South West Delhi,2026-07-31 13:00:00+00:00,31.2,75,7.4,76,0.0,973.2,Open-Meteo archive context,configured pilot anchor
DEL_NAJ,Najafgarh pilot area,Delhi,South West Delhi,2026-07-31 14:00:00+00:00,30.4,76,9.0,80,0.0,973.9,Open-Meteo archive context,configured pilot anchor
DEL_NAJ,Najafgarh pilot area,Delhi,South West Delhi,2026-07-31 15:00:00+00:00,30.0,79,9.3,82,0.0,974.6,Open-Meteo archive context,configured pilot anchor
DEL_NAJ,Najafgarh pilot area,Delhi,South West Delhi,2026-07-31 16:00:00+00:00,29.7,81,12.1,93,0.0,975.4,Open-Meteo archive context,configured pilot anchor
DEL_NAJ,Najafgarh pilot area,Delhi,South West Delhi,2026-07-31 17:00:00+00:00,29.2,83,12.7,101,0.1,975.8,Open-Meteo archive context,configured pilot anchor
DEL_NAJ,Najafgarh pilot area,Delhi,South West Delhi,2026-07-31 18:00:00+00:00,28.8,82,10.6,91,0.0,975.4,Open-Meteo archive context,configured pilot anchor
DEL_NAJ,Najafgarh pilot area,Delhi,South West Delhi,2026-07-31 19:00:00+00:00,28.5,85,10.8,93,0.0,975.3,Open-Meteo archive context,configured pilot anchor
DEL_NAJ,Najafgarh pilot area,Delhi,South West Delhi,2026-07-31 20:00:00+00:00,26.9,94,10.6,89,1.0,975.2,Open-Meteo archive context,configured pilot anchor
DEL_NAJ,Najafgarh pilot area,Delhi,South West Delhi,2026-07-31 21:00:00+00:00,27.1,94,11.5,90,0.1,974.8,Open-Meteo archive context,configured pilot anchor
DEL_NAJ,Najafgarh pilot area,Delhi,South West Delhi,2026-07-31 22:00:00+00:00,27.3,92,11.9,93,0.0,974.7,Open-Meteo archive context,configured pilot anchor
DEL_NAJ,Najafgarh pilot area,Delhi,South West Delhi,2026-07-31 23:00:00+00:00,27.3,91,11.2,86,0.0,974.9,Open-Meteo archive context,configured pilot anchor
DEL_NAJ,Najafgarh pilot area,Delhi,South West Delhi,2026-08-01 00:00:00+00:00,27.4,92,11.2,93,0.0,974.8,Open-Meteo archive context,configured pilot anchor
DEL_NAJ,Najafgarh pilot area,Delhi,South West Delhi,2026-08-01 01:00:00+00:00,27.4,91,10.6,90,0.0,975.2,Open-Meteo archive context,configured pilot anchor
DEL_NAJ,Najafgarh pilot area,Delhi,South West Delhi,2026-08-01 02:00:00+00:00,27.8,87,14.1,85,0.1,975.6,Open-Meteo archive context,configured pilot anchor
DEL_NAJ,Najafgarh pilot area,Delhi,South West Delhi,2026-08-01 03:00:00+00:00,28.4,84,14.5,96,0.1,975.6,Open-Meteo archive context,configured pilot anchor
DEL_NAJ,Najafgarh pilot area,Delhi,South West Delhi,2026-08-01 04:00:00+00:00,29.8,78,14.1,107,0.1,975.7,Open-Meteo archive context,configured pilot anchor
DEL_NAJ,Najafgarh pilot area,Delhi,South West Delhi,2026-08-01 05:00:00+00:00,30.8,72,13.0,107,0.1,975.5,Open-Meteo archive context,configured pilot anchor
DEL_NAJ,Najafgarh pilot area,Delhi,South West Delhi,2026-08-01 06:00:00+00:00,31.9,67,13.3,106,0.3,975.4,Open-Meteo archive context,configured pilot anchor
DEL_NAJ,Najafgarh pilot area,Delhi,South West Delhi,2026-08-01 07:00:00+00:00,32.6,65,12.2,106,0.1,974.7,Open-Meteo archive context,configured pilot anchor
DEL_NAJ,Najafgarh pilot area,Delhi,South West Delhi,2026-08-01 08:00:00+00:00,33.1,65,13.3,106,0.0,974.3,Open-Meteo archive context,configured pilot anchor
DEL_NAJ,Najafgarh pilot area,Delhi,South West Delhi,2026-08-01 09:00:00+00:00,33.3,62,11.6,98,0.0,973.5,Open-Meteo archive context,configured pilot anchor
DEL_NAJ,Najafgarh pilot area,Delhi,South West Delhi,2026-08-01 10:00:00+00:00,32.2,65,10.9,77,0.1,972.8,Open-Meteo archive context,configured pilot anchor
DEL_NAJ,Najafgarh pilot area,Delhi,South West Delhi,2026-08-01 11:00:00+00:00,31.1,74,8.5,73,0.4,972.5,Open-Meteo archive context,configured pilot anchor
DEL_NAJ,Najafgarh pilot area,Delhi,South West Delhi,2026-08-01 12:00:00+00:00,31.3,70,12.2,91,0.2,972.7,Open-Meteo archive context,configured pilot anchor
DEL_NAJ,Najafgarh pilot area,Delhi,South West Delhi,2026-08-01 13:00:00+00:00,30.0,80,5.2,149,0.2,973.3,Open-Meteo archive context,configured pilot anchor
DEL_NAJ,Najafgarh pilot area,Delhi,South West Delhi,2026-08-01 14:00:00+00:00,30.0,82,2.6,74,0.0,973.7,Open-Meteo archive context,configured pilot anchor
DEL_NAJ,Najafgarh pilot area,Delhi,South West Delhi,2026-08-01 15:00:00+00:00,29.8,83,7.5,80,0.0,974.4,Open-Meteo archive context,configured pilot anchor
DEL_NAJ,Najafgarh pilot area,Delhi,South West Delhi,2026-08-01 16:00:00+00:00,29.5,85,9.4,88,0.0,975.2,Open-Meteo archive context,configured pilot anchor
DEL_NAJ,Najafgarh pilot area,Delhi,South West Delhi,2026-08-01 17:00:00+00:00,29.4,86,11.3,104,0.0,975.4,Open-Meteo archive context,configured pilot anchor
DEL_NAJ,Najafgarh pilot area,Delhi,South West Delhi,2026-08-01 18:00:00+00:00,28.5,90,8.6,98,0.0,975.5,Open-Meteo archive context,configured pilot anchor
DEL_NAJ,Najafgarh pilot area,Delhi,South West Delhi,2026-08-01 19:00:00+00:00,27.5,90,11.9,112,0.2,975.3,Open-Meteo archive context,configured pilot anchor
DEL_NAJ,Najafgarh pilot area,Delhi,South West Delhi,2026-08-01 20:00:00+00:00,27.0,91,10.9,109,0.1,975.5,Open-Meteo archive context,configured pilot anchor
DEL_NAJ,Najafgarh pilot area,Delhi,South West Delhi,2026-08-01 21:00:00+00:00,27.2,91,8.5,90,0.0,975.3,Open-Meteo archive context,configured pilot anchor
DEL_NAJ,Najafgarh pilot area,Delhi,South West Delhi,2026-08-01 22:00:00+00:00,27.1,91,8.3,106,0.0,974.8,Open-Meteo archive context,configured pilot anchor
DEL_NAJ,Najafgarh pilot area,Delhi,South West Delhi,2026-08-01 23:00:00+00:00,27.0,92,8.2,112,0.0,975.3,Open-Meteo archive context,configured pilot anchor
DEL_NAJ,Najafgarh pilot area,Delhi,South West Delhi,2026-08-02 00:00:00+00:00,27.4,95,8.9,82,0.0,975.2,Open-Meteo archive context,configured pilot anchor
DEL_NAJ,Najafgarh pilot area,Delhi,South West Delhi,2026-08-02 01:00:00+00:00,27.6,93,13.0,96,0.0,975.9,Open-Meteo archive context,configured pilot anchor
DEL_NAJ,Najafgarh pilot area,Delhi,South West Delhi,2026-08-02 02:00:00+00:00,27.7,91,11.1,97,0.0,976.2,Open-Meteo archive context,configured pilot anchor
DEL_NAJ,Najafgarh pilot area,Delhi,South West Delhi,2026-08-02 03:00:00+00:00,28.9,85,10.6,104,0.0,976.5,Open-Meteo archive context,configured pilot anchor
DEL_NAJ,Najafgarh pilot area,Delhi,South West Delhi,2026-08-02 04:00:00+00:00,30.6,77,9.7,108,0.0,976.4,Open-Meteo archive context,configured pilot anchor
DEL_NAJ,Najafgarh pilot area,Delhi,South West Delhi,2026-08-02 05:00:00+00:00,31.9,70,9.2,118,0.1,976.3,Open-Meteo archive context,configured pilot anchor
DEL_NAJ,Najafgarh pilot area,Delhi,South West Delhi,2026-08-02 06:00:00+00:00,33.1,62,8.6,119,0.1,976.3,Open-Meteo archive context,configured pilot anchor
DEL_NAJ,Najafgarh pilot area,Delhi,South West Delhi,2026-08-02 07:00:00+00:00,33.9,59,7.2,125,0.0,975.9,Open-Meteo archive context,configured pilot anchor
DEL_NAJ,Najafgarh pilot area,Delhi,South West Delhi,2026-08-02 08:00:00+00:00,34.5,57,9.8,131,0.1,975.4,Open-Meteo archive context,configured pilot anchor
DEL_NAJ,Najafgarh pilot area,Delhi,South West Delhi,2026-08-02 09:00:00+00:00,33.5,60,12.0,118,0.6,974.5,Open-Meteo archive context,configured pilot anchor
DEL_NAJ,Najafgarh pilot area,Delhi,South West Delhi,2026-08-02 10:00:00+00:00,33.3,62,10.2,114,0.0,974.0,Open-Meteo archive context,configured pilot anchor
DEL_NAJ,Najafgarh pilot area,Delhi,South West Delhi,2026-08-02 11:00:00+00:00,33.0,64,8.6,121,0.0,973.7,Open-Meteo archive context,configured pilot anchor
DEL_NAJ,Najafgarh pilot area,Delhi,South West Delhi,2026-08-02 12:00:00+00:00,27.0,98,12.0,135,0.1,974.2,Open-Meteo archive context,configured pilot anchor
DEL_NAJ,Najafgarh pilot area,Delhi,South West Delhi,2026-08-02 13:00:00+00:00,28.0,95,8.9,84,0.7,974.6,Open-Meteo archive context,configured pilot anchor
DEL_NAJ,Najafgarh pilot area,Delhi,South West Delhi,2026-08-02 14:00:00+00:00,27.8,92,10.9,68,0.1,974.7,Open-Meteo archive context,configured pilot anchor
DEL_NAJ,Najafgarh pilot area,Delhi,South West Delhi,2026-08-02 15:00:00+00:00,27.8,91,9.4,72,0.0,975.7,Open-Meteo archive context,configured pilot anchor
DEL_NAJ,Najafgarh pilot area,Delhi,South West Delhi,2026-08-02 16:00:00+00:00,28.1,90,7.8,85,0.0,976.6,Open-Meteo archive context,configured pilot anchor
DEL_NAJ,Najafgarh pilot area,Delhi,South West Delhi,2026-08-02 17:00:00+00:00,28.2,91,8.5,89,0.0,977.0,Open-Meteo archive context,configured pilot anchor
DEL_NAJ,Najafgarh pilot area,Delhi,South West Delhi,2026-08-02 18:00:00+00:00,29.0,91,4.9,107,0.0,976.4,Open-Meteo archive context,configured pilot anchor
DEL_NAJ,Najafgarh pilot area,Delhi,South West Delhi,2026-08-02 19:00:00+00:00,28.7,92,6.3,103,0.0,976.1,Open-Meteo archive context,configured pilot anchor
DEL_NAJ,Najafgarh pilot area,Delhi,South West Delhi,2026-08-02 20:00:00+00:00,28.4,93,5.8,92,0.0,975.9,Open-Meteo archive context,configured pilot anchor
DEL_NAJ,Najafgarh pilot area,Delhi,South West Delhi,2026-08-02 21:00:00+00:00,28.4,92,8.4,100,0.0,975.5,Open-Meteo archive context,configured pilot anchor
DEL_NAJ,Najafgarh pilot area,Delhi,South West Delhi,2026-08-02 22:00:00+00:00,28.1,91,7.4,108,0.0,975.4,Open-Meteo archive context,configured pilot anchor
DEL_NAJ,Najafgarh pilot area,Delhi,South West Delhi,2026-08-02 23:00:00+00:00,27.8,93,7.9,120,0.0,975.5,Open-Meteo archive context,configured pilot anchor
DEL_NAJ,Najafgarh pilot area,Delhi,South West Delhi,2026-08-03 00:00:00+00:00,26.6,97,4.6,121,0.0,975.4,Open-Meteo archive context,configured pilot anchor
DEL_NAJ,Najafgarh pilot area,Delhi,South West Delhi,2026-08-03 01:00:00+00:00,26.9,95,6.1,358,2.3,976.1,Open-Meteo archive context,configured pilot anchor
DEL_NAJ,Najafgarh pilot area,Delhi,South West Delhi,2026-08-03 02:00:00+00:00,26.6,96,4.5,2,3.5,975.9,Open-Meteo archive context,configured pilot anchor
DEL_NAJ,Najafgarh pilot area,Delhi,South West Delhi,2026-08-03 03:00:00+00:00,27.5,94,3.1,87,0.8,977.0,Open-Meteo archive context,configured pilot anchor
DEL_NAJ,Najafgarh pilot area,Delhi,South West Delhi,2026-08-03 04:00:00+00:00,29.1,87,3.8,131,0.4,977.2,Open-Meteo archive context,configured pilot anchor
DEL_NAJ,Najafgarh pilot area,Delhi,South West Delhi,2026-08-03 05:00:00+00:00,30.3,82,5.1,138,0.2,977.6,Open-Meteo archive context,configured pilot anchor
DEL_NAJ,Najafgarh pilot area,Delhi,South West Delhi,2026-08-03 06:00:00+00:00,31.9,73,7.9,93,0.3,976.9,Open-Meteo archive context,configured pilot anchor
DEL_NAJ,Najafgarh pilot area,Delhi,South West Delhi,2026-08-03 07:00:00+00:00,33.1,68,8.4,109,0.4,976.8,Open-Meteo archive context,configured pilot anchor
DEL_NAJ,Najafgarh pilot area,Delhi,South West Delhi,2026-08-03 08:00:00+00:00,32.9,70,7.6,108,0.2,976.4,Open-Meteo archive context,configured pilot anchor
DEL_NAJ,Najafgarh pilot area,Delhi,South West Delhi,2026-08-03 09:00:00+00:00,30.6,75,12.7,151,0.3,975.9,Open-Meteo archive context,configured pilot anchor
DEL_NAJ,Najafgarh pilot area,Delhi,South West Delhi,2026-08-03 10:00:00+00:00,28.7,89,3.5,156,4.5,975.6,Open-Meteo archive context,configured pilot anchor
DEL_NAJ,Najafgarh pilot area,Delhi,South West Delhi,2026-08-03 11:00:00+00:00,29.1,88,6.5,182,0.5,975.0,Open-Meteo archive context,configured pilot anchor
DEL_NAJ,Najafgarh pilot area,Delhi,South West Delhi,2026-08-03 12:00:00+00:00,32.1,75,9.0,157,0.1,974.6,Open-Meteo archive context,configured pilot anchor
DEL_NAJ,Najafgarh pilot area,Delhi,South West Delhi,2026-08-03 13:00:00+00:00,27.9,96,3.4,65,13.5,974.9,Open-Meteo archive context,configured pilot anchor
DEL_NAJ,Najafgarh pilot area,Delhi,South West Delhi,2026-08-03 14:00:00+00:00,28.2,92,8.3,198,6.3,975.9,Open-Meteo archive context,configured pilot anchor
DEL_NAJ,Najafgarh pilot area,Delhi,South West Delhi,2026-08-03 15:00:00+00:00,27.4,95,7.6,146,3.3,976.4,Open-Meteo archive context,configured pilot anchor
DEL_NAJ,Najafgarh pilot area,Delhi,South West Delhi,2026-08-03 16:00:00+00:00,26.7,96,4.1,135,5.2,977.8,Open-Meteo archive context,configured pilot anchor
DEL_NAJ,Najafgarh pilot area,Delhi,South West Delhi,2026-08-03 17:00:00+00:00,26.5,97,5.4,120,1.7,977.3,Open-Meteo archive context,configured pilot anchor
DEL_NAJ,Najafgarh pilot area,Delhi,South West Delhi,2026-08-03 18:00:00+00:00,27.3,96,7.1,106,1.0,977.9,Open-Meteo archive context,configured pilot anchor
DEL_NAJ,Najafgarh pilot area,Delhi,South West Delhi,2026-08-03 19:00:00+00:00,26.9,97,8.2,147,1.5,977.0,Open-Meteo archive context,configured pilot anchor
DEL_NAJ,Najafgarh pilot area,Delhi,South West Delhi,2026-08-03 20:00:00+00:00,26.6,97,6.9,139,0.9,976.7,Open-Meteo archive context,configured pilot anchor
DEL_NAJ,Najafgarh pilot area,Delhi,South West Delhi,2026-08-03 21:00:00+00:00,26.6,97,7.7,143,0.4,976.6,Open-Meteo archive context,configured pilot anchor
DEL_NAJ,Najafgarh pilot area,Delhi,South West Delhi,2026-08-03 22:00:00+00:00,26.8,96,5.0,131,0.2,976.9,Open-Meteo archive context,configured pilot anchor
DEL_NAJ,Najafgarh pilot area,Delhi,South West Delhi,2026-08-03 23:00:00+00:00,26.9,97,6.1,157,0.3,976.9,Open-Meteo archive context,configured pilot anchor
DEL_NAJ,Najafgarh pilot area,Delhi,South West Delhi,2026-08-04 00:00:00+00:00,26.5,97,4.7,182,0.1,976.7,Open-Meteo archive context,configured pilot anchor
DEL_NAJ,Najafgarh pilot area,Delhi,South West Delhi,2026-08-04 01:00:00+00:00,26.2,99,2.7,247,10.9,977.4,Open-Meteo archive context,configured pilot anchor
DEL_NAJ,Najafgarh pilot area,Delhi,South West Delhi,2026-08-04 02:00:00+00:00,26.7,95,4.8,149,3.1,977.2,Open-Meteo archive context,configured pilot anchor
DEL_NAJ,Najafgarh pilot area,Delhi,South West Delhi,2026-08-04 03:00:00+00:00,26.8,95,5.7,193,1.3,978.0,Open-Meteo archive context,configured pilot anchor
DEL_NAJ,Najafgarh pilot area,Delhi,South West Delhi,2026-08-04 04:00:00+00:00,27.6,90,4.6,231,0.7,978.3,Open-Meteo archive context,configured pilot anchor
DEL_NAJ,Najafgarh pilot area,Delhi,South West Delhi,2026-08-04 05:00:00+00:00,28.8,84,1.4,230,0.4,978.9,Open-Meteo archive context,configured pilot anchor
DEL_NAJ,Najafgarh pilot area,Delhi,South West Delhi,2026-08-04 06:00:00+00:00,27.5,91,2.7,37,0.3,978.7,Open-Meteo archive context,configured pilot anchor
DEL_NAJ,Najafgarh pilot area,Delhi,South West Delhi,2026-08-04 07:00:00+00:00,28.2,91,6.2,350,1.8,978.3,Open-Meteo archive context,configured pilot anchor
DEL_NAJ,Najafgarh pilot area,Delhi,South West Delhi,2026-08-04 08:00:00+00:00,28.0,91,7.4,1,1.0,977.7,Open-Meteo archive context,configured pilot anchor
DEL_NAJ,Najafgarh pilot area,Delhi,South West Delhi,2026-08-04 09:00:00+00:00,28.3,90,5.2,16,0.6,977.3,Open-Meteo archive context,configured pilot anchor
DEL_NAJ,Najafgarh pilot area,Delhi,South West Delhi,2026-08-04 10:00:00+00:00,28.7,87,5.1,27,0.4,976.6,Open-Meteo archive context,configured pilot anchor
DEL_NAJ,Najafgarh pilot area,Delhi,South West Delhi,2026-08-04 11:00:00+00:00,29.6,82,4.9,360,0.1,975.7,Open-Meteo archive context,configured pilot anchor
DEL_NAJ,Najafgarh pilot area,Delhi,South West Delhi,2026-08-04 12:00:00+00:00,27.9,92,2.2,132,0.0,976.1,Open-Meteo archive context,configured pilot anchor
DEL_NAJ,Najafgarh pilot area,Delhi,South West Delhi,2026-08-04 13:00:00+00:00,27.9,92,2.0,135,0.6,976.1,Open-Meteo archive context,configured pilot anchor
DEL_NAJ,Najafgarh pilot area,Delhi,South West Delhi,2026-08-04 14:00:00+00:00,27.7,93,1.1,288,0.2,976.4,Open-Meteo archive context,configured pilot anchor
DEL_NAJ,Najafgarh pilot area,Delhi,South West Delhi,2026-08-04 15:00:00+00:00,27.7,94,0.4,27,0.0,977.0,Open-Meteo archive context,configured pilot anchor
DEL_NAJ,Najafgarh pilot area,Delhi,South West Delhi,2026-08-04 16:00:00+00:00,27.6,95,1.1,108,0.0,977.6,Open-Meteo archive context,configured pilot anchor
DEL_NAJ,Najafgarh pilot area,Delhi,South West Delhi,2026-08-04 17:00:00+00:00,27.4,97,1.0,112,0.0,977.8,Open-Meteo archive context,configured pilot anchor
DEL_NAJ,Najafgarh pilot area,Delhi,South West Delhi,2026-08-04 18:00:00+00:00,27.6,97,3.3,49,0.0,977.0,Open-Meteo archive context,configured pilot anchor
DEL_NAJ,Najafgarh pilot area,Delhi,South West Delhi,2026-08-04 19:00:00+00:00,27.5,97,0.5,360,0.0,976.4,Open-Meteo archive context,configured pilot anchor
DEL_NAJ,Najafgarh pilot area,Delhi,South West Delhi,2026-08-04 20:00:00+00:00,27.6,96,0.6,288,0.0,976.2,Open-Meteo archive context,configured pilot anchor
DEL_NAJ,Najafgarh pilot area,Delhi,South West Delhi,2026-08-04 21:00:00+00:00,27.0,97,5.3,237,0.0,975.8,Open-Meteo archive context,configured pilot anchor
DEL_NAJ,Najafgarh pilot area,Delhi,South West Delhi,2026-08-04 22:00:00+00:00,26.9,96,4.9,280,0.0,975.7,Open-Meteo archive context,configured pilot anchor
DEL_NAJ,Najafgarh pilot area,Delhi,South West Delhi,2026-08-04 23:00:00+00:00,26.8,96,2.6,295,0.1,975.5,Open-Meteo archive context,configured pilot anchor
DEL_NAJ,Najafgarh pilot area,Delhi,South West Delhi,2026-08-05 00:00:00+00:00,26.7,97,6.6,305,0.2,975.6,Open-Meteo archive context,configured pilot anchor
DEL_NAJ,Najafgarh pilot area,Delhi,South West Delhi,2026-08-05 01:00:00+00:00,27.1,96,3.2,333,0.1,975.8,Open-Meteo archive context,configured pilot anchor
DEL_NAJ,Najafgarh pilot area,Delhi,South West Delhi,2026-08-05 02:00:00+00:00,27.6,92,3.1,13,0.0,976.0,Open-Meteo archive context,configured pilot anchor
DEL_NAJ,Najafgarh pilot area,Delhi,South West Delhi,2026-08-05 03:00:00+00:00,28.4,87,2.4,318,0.0,976.0,Open-Meteo archive context,configured pilot anchor
DEL_NAJ,Najafgarh pilot area,Delhi,South West Delhi,2026-08-05 04:00:00+00:00,30.2,77,5.4,312,0.0,976.1,Open-Meteo archive context,configured pilot anchor
DEL_NAJ,Najafgarh pilot area,Delhi,South West Delhi,2026-08-05 05:00:00+00:00,31.5,67,6.4,317,0.0,976.0,Open-Meteo archive context,configured pilot anchor
DEL_NAJ,Najafgarh pilot area,Delhi,South West Delhi,2026-08-05 06:00:00+00:00,31.8,67,7.1,306,0.0,976.2,Open-Meteo archive context,configured pilot anchor
DEL_NAJ,Najafgarh pilot area,Delhi,South West Delhi,2026-08-05 07:00:00+00:00,31.5,67,8.2,306,0.1,975.0,Open-Meteo archive context,configured pilot anchor
DEL_NAJ,Najafgarh pilot area,Delhi,South West Delhi,2026-08-05 08:00:00+00:00,32.0,64,8.7,308,0.0,974.6,Open-Meteo archive context,configured pilot anchor
DEL_NAJ,Najafgarh pilot area,Delhi,South West Delhi,2026-08-05 09:00:00+00:00,32.7,61,8.8,313,0.0,973.6,Open-Meteo archive context,configured pilot anchor
DEL_NAJ,Najafgarh pilot area,Delhi,South West Delhi,2026-08-05 10:00:00+00:00,33.3,61,8.3,303,0.1,973.1,Open-Meteo archive context,configured pilot anchor
DEL_NAJ,Najafgarh pilot area,Delhi,South West Delhi,2026-08-05 11:00:00+00:00,32.9,63,6.4,292,0.0,972.8,Open-Meteo archive context,configured pilot anchor
DEL_NAJ,Najafgarh pilot area,Delhi,South West Delhi,2026-08-05 12:00:00+00:00,29.6,84,6.5,231,0.0,972.9,Open-Meteo archive context,configured pilot anchor
DEL_NAJ,Najafgarh pilot area,Delhi,South West Delhi,2026-08-05 13:00:00+00:00,28.2,94,3.4,183,1.5,973.4,Open-Meteo archive context,configured pilot anchor
DEL_NAJ,Najafgarh pilot area,Delhi,South West Delhi,2026-08-05 14:00:00+00:00,28.4,96,6.8,180,0.1,974.2,Open-Meteo archive context,configured pilot anchor
DEL_NAJ,Najafgarh pilot area,Delhi,South West Delhi,2026-08-05 15:00:00+00:00,28.4,95,6.5,150,0.0,975.1,Open-Meteo archive context,configured pilot anchor
DEL_NAJ,Najafgarh pilot area,Delhi,South West Delhi,2026-08-05 16:00:00+00:00,27.8,95,6.3,156,0.0,975.5,Open-Meteo archive context,configured pilot anchor
DEL_NAJ,Najafgarh pilot area,Delhi,South West Delhi,2026-08-05 17:00:00+00:00,27.7,94,5.4,174,0.0,975.5,Open-Meteo archive context,configured pilot anchor
DEL_NAJ,Najafgarh pilot area,Delhi,South West Delhi,2026-08-05 18:00:00+00:00,27.8,97,1.3,262,0.0,975.5,Open-Meteo archive context,configured pilot anchor
DEL_NAJ,Najafgarh pilot area,Delhi,South West Delhi,2026-08-05 19:00:00+00:00,27.3,93,8.3,281,2.3,974.9,Open-Meteo archive context,configured pilot anchor
DEL_NAJ,Najafgarh pilot area,Delhi,South West Delhi,2026-08-05 20:00:00+00:00,26.8,93,3.9,242,1.7,974.4,Open-Meteo archive context,configured pilot anchor
DEL_NAJ,Najafgarh pilot area,Delhi,South West Delhi,2026-08-05 21:00:00+00:00,26.8,93,3.0,163,0.3,974.3,Open-Meteo archive context,configured pilot anchor
DEL_NAJ,Najafgarh pilot area,Delhi,South West Delhi,2026-08-05 22:00:00+00:00,26.6,95,5.3,198,0.0,974.2,Open-Meteo archive context,configured pilot anchor
DEL_NAJ,Najafgarh pilot area,Delhi,South West Delhi,2026-08-05 23:00:00+00:00,26.3,95,8.9,214,0.0,974.6,Open-Meteo archive context,configured pilot anchor
DEL_NAJ,Najafgarh pilot area,Delhi,South West Delhi,2026-08-06 00:00:00+00:00,27.1,95,3.4,155,0.0,974.1,Open-Meteo archive context,configured pilot anchor
DEL_NAJ,Najafgarh pilot area,Delhi,South West Delhi,2026-08-06 01:00:00+00:00,27.5,93,4.2,115,1.2,975.1,Open-Meteo archive context,configured pilot anchor
DEL_NAJ,Najafgarh pilot area,Delhi,South West Delhi,2026-08-06 02:00:00+00:00,27.8,90,6.9,141,0.2,975.8,Open-Meteo archive context,configured pilot anchor
DEL_NAJ,Najafgarh pilot area,Delhi,South West Delhi,2026-08-06 03:00:00+00:00,28.5,78,5.9,178,0.2,976.5,Open-Meteo archive context,configured pilot anchor
DEL_NAJ,Najafgarh pilot area,Delhi,South West Delhi,2026-08-06 04:00:00+00:00,27.7,85,6.9,131,1.7,977.1,Open-Meteo archive context,configured pilot anchor
DEL_NAJ,Najafgarh pilot area,Delhi,South West Delhi,2026-08-06 05:00:00+00:00,27.5,86,5.8,129,1.5,977.2,Open-Meteo archive context,configured pilot anchor
DEL_NAJ,Najafgarh pilot area,Delhi,South West Delhi,2026-08-06 06:00:00+00:00,27.4,85,2.4,126,2.8,977.0,Open-Meteo archive context,configured pilot anchor
DEL_NAJ,Najafgarh pilot area,Delhi,South West Delhi,2026-08-06 07:00:00+00:00,27.1,86,1.5,284,1.2,976.9,Open-Meteo archive context,configured pilot anchor
DEL_NAJ,Najafgarh pilot area,Delhi,South West Delhi,2026-08-06 08:00:00+00:00,26.9,87,2.1,340,0.7,976.2,Open-Meteo archive context,configured pilot anchor
DEL_NAJ,Najafgarh pilot area,Delhi,South West Delhi,2026-08-06 09:00:00+00:00,27.3,82,2.1,308,0.1,975.5,Open-Meteo archive context,configured pilot anchor
DEL_NAJ,Najafgarh pilot area,Delhi,South West Delhi,2026-08-06 10:00:00+00:00,27.5,81,4.1,315,0.0,975.3,Open-Meteo archive context,configured pilot anchor
DEL_NAJ,Najafgarh pilot area,Delhi,South West Delhi,2026-08-06 11:00:00+00:00,27.7,80,5.9,348,0.0,974.9,Open-Meteo archive context,configured pilot anchor
DEL_NAJ,Najafgarh pilot area,Delhi,South West Delhi,2026-08-06 12:00:00+00:00,28.3,81,8.3,22,0.0,974.5,Open-Meteo archive context,configured pilot anchor
DEL_NAJ,Najafgarh pilot area,Delhi,South West Delhi,2026-08-06 13:00:00+00:00,27.7,88,6.4,22,0.5,974.7,Open-Meteo archive context,configured pilot anchor
DEL_NAJ,Najafgarh pilot area,Delhi,South West Delhi,2026-08-06 14:00:00+00:00,27.4,92,5.6,360,0.2,975.3,Open-Meteo archive context,configured pilot anchor
DEL_NAJ,Najafgarh pilot area,Delhi,South West Delhi,2026-08-06 15:00:00+00:00,27.1,93,5.3,350,0.0,975.5,Open-Meteo archive context,configured pilot anchor
DEL_NAJ,Najafgarh pilot area,Delhi,South West Delhi,2026-08-06 16:00:00+00:00,27.0,94,5.2,16,0.0,976.1,Open-Meteo archive context,configured pilot anchor
DEL_NAJ,Najafgarh pilot area,Delhi,South West Delhi,2026-08-06 17:00:00+00:00,26.9,95,3.9,24,0.0,976.1,Open-Meteo archive context,configured pilot anchor
DEL_NAJ,Najafgarh pilot area,Delhi,South West Delhi,2026-08-06 18:00:00+00:00,27.3,93,6.5,56,0.0,975.9,Open-Meteo archive context,configured pilot anchor
DEL_NAJ,Najafgarh pilot area,Delhi,South West Delhi,2026-08-06 19:00:00+00:00,26.7,93,7.9,74,0.1,975.8,Open-Meteo archive context,configured pilot anchor
DEL_NAJ,Najafgarh pilot area,Delhi,South West Delhi,2026-08-06 20:00:00+00:00,26.3,95,7.3,70,0.3,975.7,Open-Meteo archive context,configured pilot anchor
DEL_NAJ,Najafgarh pilot area,Delhi,South West Delhi,2026-08-06 21:00:00+00:00,26.3,95,4.3,48,0.8,975.3,Open-Meteo archive context,configured pilot anchor
DEL_NAJ,Najafgarh pilot area,Delhi,South West Delhi,2026-08-06 22:00:00+00:00,26.3,96,2.0,315,0.1,975.1,Open-Meteo archive context,configured pilot anchor
DEL_NAJ,Najafgarh pilot area,Delhi,South West Delhi,2026-08-06 23:00:00+00:00,26.1,97,4.0,357,0.0,975.2,Open-Meteo archive context,configured pilot anchor
DEL_NAJ,Najafgarh pilot area,Delhi,South West Delhi,2026-08-07 00:00:00+00:00,26.8,96,8.4,43,0.1,974.6,Open-Meteo archive context,configured pilot anchor
DEL_NAJ,Najafgarh pilot area,Delhi,South West Delhi,2026-08-07 01:00:00+00:00,26.8,95,5.2,22,3.5,975.0,Open-Meteo archive context,configured pilot anchor
DEL_NAJ,Najafgarh pilot area,Delhi,South West Delhi,2026-08-07 02:00:00+00:00,26.8,90,4.5,16,1.8,975.6,Open-Meteo archive context,configured pilot anchor
DEL_NAJ,Najafgarh pilot area,Delhi,South West Delhi,2026-08-07 03:00:00+00:00,26.6,94,8.5,5,4.1,975.9,Open-Meteo archive context,configured pilot anchor
DEL_NAJ,Najafgarh pilot area,Delhi,South West Delhi,2026-08-07 04:00:00+00:00,27.0,95,9.0,360,1.6,976.1,Open-Meteo archive context,configured pilot anchor
DEL_NAJ,Najafgarh pilot area,Delhi,South West Delhi,2026-08-07 05:00:00+00:00,27.7,91,11.0,28,1.3,976.2,Open-Meteo archive context,configured pilot anchor
DEL_NAJ,Najafgarh pilot area,Delhi,South West Delhi,2026-08-07 06:00:00+00:00,27.7,86,11.5,335,1.0,976.2,Open-Meteo archive context,configured pilot anchor
DEL_NAJ,Najafgarh pilot area,Delhi,South West Delhi,2026-08-07 07:00:00+00:00,27.4,92,12.5,6,2.4,975.5,Open-Meteo archive context,configured pilot anchor
DEL_NAJ,Najafgarh pilot area,Delhi,South West Delhi,2026-08-07 08:00:00+00:00,26.7,94,15.3,44,8.9,974.7,Open-Meteo archive context,configured pilot anchor
DEL_NAJ,Najafgarh pilot area,Delhi,South West Delhi,2026-08-07 09:00:00+00:00,27.0,96,12.7,18,1.8,974.4,Open-Meteo archive context,configured pilot anchor
DEL_NAJ,Najafgarh pilot area,Delhi,South West Delhi,2026-08-07 10:00:00+00:00,27.4,95,14.5,12,0.8,973.8,Open-Meteo archive context,configured pilot anchor
DEL_NAJ,Najafgarh pilot area,Delhi,South West Delhi,2026-08-07 11:00:00+00:00,27.7,90,16.3,5,0.8,973.5,Open-Meteo archive context,configured pilot anchor
DEL_NAJ,Najafgarh pilot area,Delhi,South West Delhi,2026-08-07 12:00:00+00:00,26.9,94,12.3,25,0.7,974.0,Open-Meteo archive context,configured pilot anchor
DEL_NAJ,Najafgarh pilot area,Delhi,South West Delhi,2026-08-07 13:00:00+00:00,26.8,95,12.3,29,0.8,973.9,Open-Meteo archive context,configured pilot anchor
DEL_NAJ,Najafgarh pilot area,Delhi,South West Delhi,2026-08-07 14:00:00+00:00,26.3,95,10.9,40,0.5,974.6,Open-Meteo archive context,configured pilot anchor
DEL_NAJ,Najafgarh pilot area,Delhi,South West Delhi,2026-08-07 15:00:00+00:00,26.1,96,9.8,23,0.9,975.5,Open-Meteo archive context,configured pilot anchor
DEL_NAJ,Najafgarh pilot area,Delhi,South West Delhi,2026-08-07 16:00:00+00:00,26.0,95,13.4,40,0.2,976.1,Open-Meteo archive context,configured pilot anchor
DEL_NAJ,Najafgarh pilot area,Delhi,South West Delhi,2026-08-07 17:00:00+00:00,25.7,97,12.6,42,2.8,976.4,Open-Meteo archive context,configured pilot anchor
DEL_NAJ,Najafgarh pilot area,Delhi,South West Delhi,2026-08-07 18:00:00+00:00,26.0,97,10.2,54,6.7,976.2,Open-Meteo archive context,configured pilot anchor
DEL_NAJ,Najafgarh pilot area,Delhi,South West Delhi,2026-08-07 19:00:00+00:00,25.9,98,5.2,2,6.2,975.9,Open-Meteo archive context,configured pilot anchor
DEL_NAJ,Najafgarh pilot area,Delhi,South West Delhi,2026-08-07 20:00:00+00:00,25.5,99,10.4,340,1.1,975.4,Open-Meteo archive context,configured pilot anchor
DEL_NAJ,Najafgarh pilot area,Delhi,South West Delhi,2026-08-07 21:00:00+00:00,25.2,98,10.0,6,1.5,975.2,Open-Meteo archive context,configured pilot anchor
DEL_NAJ,Najafgarh pilot area,Delhi,South West Delhi,2026-08-07 22:00:00+00:00,25.0,97,11.4,28,3.8,975.3,Open-Meteo archive context,configured pilot anchor
DEL_NAJ,Najafgarh pilot area,Delhi,South West Delhi,2026-08-07 23:00:00+00:00,24.9,98,10.7,35,7.7,975.5,Open-Meteo archive context,configured pilot anchor
DEL_NAJ,Najafgarh pilot area,Delhi,South West Delhi,2026-08-08 00:00:00+00:00,25.7,97,9.8,59,0.7,974.9,Open-Meteo archive context,configured pilot anchor
DEL_NAJ,Najafgarh pilot area,Delhi,South West Delhi,2026-08-08 01:00:00+00:00,25.8,97,9.3,82,3.3,975.5,Open-Meteo archive context,configured pilot anchor
DEL_NAJ,Najafgarh pilot area,Delhi,South West Delhi,2026-08-08 02:00:00+00:00,26.3,95,8.6,79,0.3,976.0,Open-Meteo archive context,configured pilot anchor
DEL_NAJ,Najafgarh pilot area,Delhi,South West Delhi,2026-08-08 03:00:00+00:00,27.1,91,5.7,62,1.3,976.7,Open-Meteo archive context,configured pilot anchor
DEL_NAJ,Najafgarh pilot area,Delhi,South West Delhi,2026-08-08 04:00:00+00:00,28.7,87,5.3,55,0.1,977.0,Open-Meteo archive context,configured pilot anchor
DEL_NAJ,Najafgarh pilot area,Delhi,South West Delhi,2026-08-08 05:00:00+00:00,30.4,79,16.2,113,0.4,976.8,Open-Meteo archive context,configured pilot anchor
DEL_NAJ,Najafgarh pilot area,Delhi,South West Delhi,2026-08-08 06:00:00+00:00,30.3,78,12.5,97,0.4,977.0,Open-Meteo archive context,configured pilot anchor
DEL_NAJ,Najafgarh pilot area,Delhi,South West Delhi,2026-08-08 07:00:00+00:00,30.1,79,7.7,129,1.7,977.2,Open-Meteo archive context,configured pilot anchor
DEL_NAJ,Najafgarh pilot area,Delhi,South West Delhi,2026-08-08 08:00:00+00:00,32.2,71,12.1,127,0.1,976.4,Open-Meteo archive context,configured pilot anchor
DEL_NAJ,Najafgarh pilot area,Delhi,South West Delhi,2026-08-08 09:00:00+00:00,30.2,79,9.7,109,0.9,975.6,Open-Meteo archive context,configured pilot anchor
DEL_NAJ,Najafgarh pilot area,Delhi,South West Delhi,2026-08-08 10:00:00+00:00,32.0,70,6.0,123,0.0,975.3,Open-Meteo archive context,configured pilot anchor
DEL_NAJ,Najafgarh pilot area,Delhi,South West Delhi,2026-08-08 11:00:00+00:00,32.1,69,7.2,115,0.1,974.6,Open-Meteo archive context,configured pilot anchor
DEL_NAJ,Najafgarh pilot area,Delhi,South West Delhi,2026-08-08 12:00:00+00:00,30.2,85,2.7,160,0.5,975.6,Open-Meteo archive context,configured pilot anchor
DEL_NAJ,Najafgarh pilot area,Delhi,South West Delhi,2026-08-08 13:00:00+00:00,29.5,90,5.4,140,0.2,975.2,Open-Meteo archive context,configured pilot anchor
DEL_NAJ,Najafgarh pilot area,Delhi,South West Delhi,2026-08-08 14:00:00+00:00,28.5,93,5.3,225,0.1,976.1,Open-Meteo archive context,configured pilot anchor
DEL_NAJ,Najafgarh pilot area,Delhi,South West Delhi,2026-08-08 15:00:00+00:00,27.9,95,3.1,167,0.0,976.7,Open-Meteo archive context,configured pilot anchor
DEL_NAJ,Najafgarh pilot area,Delhi,South West Delhi,2026-08-08 16:00:00+00:00,28.1,93,1.2,63,0.0,977.7,Open-Meteo archive context,configured pilot anchor
DEL_NAJ,Najafgarh pilot area,Delhi,South West Delhi,2026-08-08 17:00:00+00:00,28.0,94,3.1,10,0.0,978.2,Open-Meteo archive context,configured pilot anchor
DEL_NAJ,Najafgarh pilot area,Delhi,South West Delhi,2026-08-08 18:00:00+00:00,28.0,96,3.1,357,0.0,978.0,Open-Meteo archive context,configured pilot anchor
DEL_NAJ,Najafgarh pilot area,Delhi,South West Delhi,2026-08-08 19:00:00+00:00,27.7,96,5.0,19,0.0,977.7,Open-Meteo archive context,configured pilot anchor
DEL_NAJ,Najafgarh pilot area,Delhi,South West Delhi,2026-08-08 20:00:00+00:00,27.6,95,4.4,81,0.4,977.5,Open-Meteo archive context,configured pilot anchor
DEL_NAJ,Najafgarh pilot area,Delhi,South West Delhi,2026-08-08 21:00:00+00:00,27.8,93,2.8,135,0.2,977.5,Open-Meteo archive context,configured pilot anchor
DEL_NAJ,Najafgarh pilot area,Delhi,South West Delhi,2026-08-08 22:00:00+00:00,27.5,93,7.1,71,0.1,977.3,Open-Meteo archive context,configured pilot anchor
DEL_NAJ,Najafgarh pilot area,Delhi,South West Delhi,2026-08-08 23:00:00+00:00,26.8,95,9.8,85,0.0,977.5,Open-Meteo archive context,configured pilot anchor
DEL_NAJ,Najafgarh pilot area,Delhi,South West Delhi,2026-08-09 00:00:00+00:00,25.7,95,3.1,111,0.0,977.7,Open-Meteo archive context,configured pilot anchor
DEL_NAJ,Najafgarh pilot area,Delhi,South West Delhi,2026-08-09 01:00:00+00:00,26.0,96,7.2,89,0.0,977.9,Open-Meteo archive context,configured pilot anchor
DEL_NAJ,Najafgarh pilot area,Delhi,South West Delhi,2026-08-09 02:00:00+00:00,27.2,93,4.8,63,0.0,978.3,Open-Meteo archive context,configured pilot anchor
DEL_NAJ,Najafgarh pilot area,Delhi,South West Delhi,2026-08-09 03:00:00+00:00,29.0,85,5.7,79,0.0,978.6,Open-Meteo archive context,configured pilot anchor
DEL_NAJ,Najafgarh pilot area,Delhi,South West Delhi,2026-08-09 04:00:00+00:00,30.8,77,6.2,105,0.0,978.8,Open-Meteo archive context,configured pilot anchor
DEL_NAJ,Najafgarh pilot area,Delhi,South West Delhi,2026-08-09 05:00:00+00:00,31.9,74,8.6,126,0.1,979.1,Open-Meteo archive context,configured pilot anchor
DEL_NAJ,Najafgarh pilot area,Delhi,South West Delhi,2026-08-09 06:00:00+00:00,32.8,67,9.5,126,0.0,978.5,Open-Meteo archive context,configured pilot anchor
DEL_NAJ,Najafgarh pilot area,Delhi,South West Delhi,2026-08-09 07:00:00+00:00,32.9,69,8.2,130,0.1,978.1,Open-Meteo archive context,configured pilot anchor
DEL_NAJ,Najafgarh pilot area,Delhi,South West Delhi,2026-08-09 08:00:00+00:00,33.0,68,7.1,131,0.1,977.4,Open-Meteo archive context,configured pilot anchor
DEL_NAJ,Najafgarh pilot area,Delhi,South West Delhi,2026-08-09 09:00:00+00:00,33.8,61,4.7,113,0.1,976.7,Open-Meteo archive context,configured pilot anchor
DEL_NAJ,Najafgarh pilot area,Delhi,South West Delhi,2026-08-09 10:00:00+00:00,34.1,60,2.9,86,0.0,975.8,Open-Meteo archive context,configured pilot anchor
DEL_NAJ,Najafgarh pilot area,Delhi,South West Delhi,2026-08-09 11:00:00+00:00,33.8,61,2.7,37,0.0,975.2,Open-Meteo archive context,configured pilot anchor
DEL_NAJ,Najafgarh pilot area,Delhi,South West Delhi,2026-08-09 12:00:00+00:00,32.0,75,5.0,199,0.0,975.1,Open-Meteo archive context,configured pilot anchor
DEL_NAJ,Najafgarh pilot area,Delhi,South West Delhi,2026-08-09 13:00:00+00:00,31.5,78,4.6,171,0.0,975.4,Open-Meteo archive context,configured pilot anchor
DEL_NAJ,Najafgarh pilot area,Delhi,South West Delhi,2026-08-09 14:00:00+00:00,30.2,85,4.1,124,0.0,976.0,Open-Meteo archive context,configured pilot anchor
DEL_NAJ,Najafgarh pilot area,Delhi,South West Delhi,2026-08-09 15:00:00+00:00,29.8,86,4.3,107,0.0,976.3,Open-Meteo archive context,configured pilot anchor
DEL_NAJ,Najafgarh pilot area,Delhi,South West Delhi,2026-08-09 16:00:00+00:00,29.5,87,4.3,114,0.0,977.3,Open-Meteo archive context,configured pilot anchor
DEL_NAJ,Najafgarh pilot area,Delhi,South West Delhi,2026-08-09 17:00:00+00:00,29.2,88,4.3,123,0.0,977.6,Open-Meteo archive context,configured pilot anchor
DEL_NAJ,Najafgarh pilot area,Delhi,South West Delhi,2026-08-09 18:00:00+00:00,29.4,86,3.2,109,0.3,977.3,Open-Meteo archive context,configured pilot anchor
DEL_NAJ,Najafgarh pilot area,Delhi,South West Delhi,2026-08-09 19:00:00+00:00,28.3,90,5.7,122,0.5,977.0,Open-Meteo archive context,configured pilot anchor
DEL_NAJ,Najafgarh pilot area,Delhi,South West Delhi,2026-08-09 20:00:00+00:00,27.5,93,6.7,85,0.3,976.7,Open-Meteo archive context,configured pilot anchor
DEL_NAJ,Najafgarh pilot area,Delhi,South West Delhi,2026-08-09 21:00:00+00:00,26.8,95,9.3,77,0.3,976.3,Open-Meteo archive context,configured pilot anchor
DEL_NAJ,Najafgarh pilot area,Delhi,South West Delhi,2026-08-09 22:00:00+00:00,26.9,94,4.9,90,0.0,975.8,Open-Meteo archive context,configured pilot anchor
DEL_NAJ,Najafgarh pilot area,Delhi,South West Delhi,2026-08-09 23:00:00+00:00,26.9,94,7.0,78,0.0,976.3,Open-Meteo archive context,configured pilot anchor
DEL_NAJ,Najafgarh pilot area,Delhi,South West Delhi,2026-08-10 00:00:00+00:00,27.2,95,5.1,48,0.0,976.1,Open-Meteo archive context,configured pilot anchor
DEL_NAJ,Najafgarh pilot area,Delhi,South West Delhi,2026-08-10 01:00:00+00:00,26.4,98,5.2,20,2.1,977.0,Open-Meteo archive context,configured pilot anchor
DEL_NAJ,Najafgarh pilot area,Delhi,South West Delhi,2026-08-10 02:00:00+00:00,27.0,95,7.4,113,0.3,977.0,Open-Meteo archive context,configured pilot anchor
DEL_NAJ,Najafgarh pilot area,Delhi,South West Delhi,2026-08-10 03:00:00+00:00,28.4,88,4.8,115,0.1,977.5,Open-Meteo archive context,configured pilot anchor
DEL_NAJ,Najafgarh pilot area,Delhi,South West Delhi,2026-08-10 04:00:00+00:00,29.9,81,8.3,141,0.0,977.6,Open-Meteo archive context,configured pilot anchor
DEL_NAJ,Najafgarh pilot area,Delhi,South West Delhi,2026-08-10 05:00:00+00:00,31.6,74,5.8,146,0.0,977.8,Open-Meteo archive context,configured pilot anchor
DEL_NAJ,Najafgarh pilot area,Delhi,South West Delhi,2026-08-10 06:00:00+00:00,32.9,69,7.3,160,0.1,977.4,Open-Meteo archive context,configured pilot anchor
DEL_NAJ,Najafgarh pilot area,Delhi,South West Delhi,2026-08-10 07:00:00+00:00,33.2,69,5.1,176,0.1,977.0,Open-Meteo archive context,configured pilot anchor
DEL_NAJ,Najafgarh pilot area,Delhi,South West Delhi,2026-08-10 08:00:00+00:00,33.1,69,3.8,161,0.5,976.5,Open-Meteo archive context,configured pilot anchor
DEL_NAJ,Najafgarh pilot area,Delhi,South West Delhi,2026-08-10 09:00:00+00:00,28.3,88,10.4,45,4.6,976.2,Open-Meteo archive context,configured pilot anchor
DEL_NAJ,Najafgarh pilot area,Delhi,South West Delhi,2026-08-10 10:00:00+00:00,27.1,92,4.0,21,7.8,975.9,Open-Meteo archive context,configured pilot anchor
DEL_NAJ,Najafgarh pilot area,Delhi,South West Delhi,2026-08-10 11:00:00+00:00,27.7,91,2.2,14,3.8,974.9,Open-Meteo archive context,configured pilot anchor
DEL_NAJ,Najafgarh pilot area,Delhi,South West Delhi,2026-08-10 12:00:00+00:00,28.8,88,6.4,58,0.2,975.4,Open-Meteo archive context,configured pilot anchor
DEL_NAJ,Najafgarh pilot area,Delhi,South West Delhi,2026-08-10 13:00:00+00:00,29.0,89,3.6,53,0.6,975.7,Open-Meteo archive context,configured pilot anchor
DEL_NAJ,Najafgarh pilot area,Delhi,South West Delhi,2026-08-10 14:00:00+00:00,29.0,90,3.4,87,0.0,975.9,Open-Meteo archive context,configured pilot anchor
DEL_NAJ,Najafgarh pilot area,Delhi,South West Delhi,2026-08-10 15:00:00+00:00,28.7,93,3.0,128,0.0,976.9,Open-Meteo archive context,configured pilot anchor
DEL_NAJ,Najafgarh pilot area,Delhi,South West Delhi,2026-08-10 16:00:00+00:00,28.7,92,4.9,86,0.0,977.4,Open-Meteo archive context,configured pilot anchor
DEL_NAJ,Najafgarh pilot area,Delhi,South West Delhi,2026-08-10 17:00:00+00:00,28.4,93,6.2,78,0.0,977.3,Open-Meteo archive context,configured pilot anchor
DEL_NAJ,Najafgarh pilot area,Delhi,South West Delhi,2026-08-10 18:00:00+00:00,28.1,95,7.9,78,0.0,976.2,Open-Meteo archive context,configured pilot anchor
DEL_NAJ,Najafgarh pilot area,Delhi,South West Delhi,2026-08-10 19:00:00+00:00,27.9,95,7.9,91,0.2,976.2,Open-Meteo archive context,configured pilot anchor
DEL_NAJ,Najafgarh pilot area,Delhi,South West Delhi,2026-08-10 20:00:00+00:00,27.7,96,9.9,109,0.0,976.2,Open-Meteo archive context,configured pilot anchor
DEL_NAJ,Najafgarh pilot area,Delhi,South West Delhi,2026-08-10 21:00:00+00:00,27.5,95,10.7,102,0.0,976.2,Open-Meteo archive context,configured pilot anchor
DEL_NAJ,Najafgarh pilot area,Delhi,South West Delhi,2026-08-10 22:00:00+00:00,27.4,95,8.5,117,0.2,975.9,Open-Meteo archive context,configured pilot anchor
DEL_NAJ,Najafgarh pilot area,Delhi,South West Delhi,2026-08-10 23:00:00+00:00,27.2,93,7.6,137,0.3,976.2,Open-Meteo archive context,configured pilot anchor
DEL_NAJ,Najafgarh pilot area,Delhi,South West Delhi,2026-08-11 00:00:00+00:00,26.9,95,7.1,150,0.0,976.5,Open-Meteo archive context,configured pilot anchor
DEL_NAJ,Najafgarh pilot area,Delhi,South West Delhi,2026-08-11 01:00:00+00:00,27.1,94,7.0,134,0.0,976.8,Open-Meteo archive context,configured pilot anchor
DEL_NAJ,Najafgarh pilot area,Delhi,South West Delhi,2026-08-11 02:00:00+00:00,27.8,90,10.3,151,0.0,977.5,Open-Meteo archive context,configured pilot anchor
DEL_NAJ,Najafgarh pilot area,Delhi,South West Delhi,2026-08-11 03:00:00+00:00,29.1,84,8.6,164,0.0,977.8,Open-Meteo archive context,configured pilot anchor
DEL_NAJ,Najafgarh pilot area,Delhi,South West Delhi,2026-08-11 04:00:00+00:00,30.1,79,7.6,176,0.1,978.0,Open-Meteo archive context,configured pilot anchor
DEL_NAJ,Najafgarh pilot area,Delhi,South West Delhi,2026-08-11 05:00:00+00:00,30.9,76,5.3,142,0.1,978.1,Open-Meteo archive context,configured pilot anchor
DEL_NAJ,Najafgarh pilot area,Delhi,South West Delhi,2026-08-11 06:00:00+00:00,31.2,75,1.6,207,0.1,978.1,Open-Meteo archive context,configured pilot anchor
DEL_NAJ,Najafgarh pilot area,Delhi,South West Delhi,2026-08-11 07:00:00+00:00,31.0,78,2.9,43,0.2,977.6,Open-Meteo archive context,configured pilot anchor
DEL_NAJ,Najafgarh pilot area,Delhi,South West Delhi,2026-08-11 08:00:00+00:00,27.9,90,9.4,78,5.5,977.4,Open-Meteo archive context,configured pilot anchor
DEL_NAJ,Najafgarh pilot area,Delhi,South West Delhi,2026-08-11 09:00:00+00:00,28.0,92,7.7,79,2.1,976.5,Open-Meteo archive context,configured pilot anchor
DEL_NAJ,Najafgarh pilot area,Delhi,South West Delhi,2026-08-11 10:00:00+00:00,28.9,89,4.1,38,0.7,975.6,Open-Meteo archive context,configured pilot anchor
DEL_NAJ,Najafgarh pilot area,Delhi,South West Delhi,2026-08-11 11:00:00+00:00,30.2,81,5.7,37,0.1,975.2,Open-Meteo archive context,configured pilot anchor
DEL_NAJ,Najafgarh pilot area,Delhi,South West Delhi,2026-08-11 12:00:00+00:00,30.5,75,7.6,87,0.0,975.6,Open-Meteo archive context,configured pilot anchor
DEL_NAJ,Najafgarh pilot area,Delhi,South West Delhi,2026-08-11 13:00:00+00:00,30.0,80,3.4,115,0.0,975.5,Open-Meteo archive context,configured pilot anchor
DEL_NAJ,Najafgarh pilot area,Delhi,South West Delhi,2026-08-11 14:00:00+00:00,29.0,87,2.7,157,0.2,976.0,Open-Meteo archive context,configured pilot anchor
DEL_NAJ,Najafgarh pilot area,Delhi,South West Delhi,2026-08-11 15:00:00+00:00,28.8,90,2.4,153,0.4,976.8,Open-Meteo archive context,configured pilot anchor
DEL_NAJ,Najafgarh pilot area,Delhi,South West Delhi,2026-08-11 16:00:00+00:00,28.4,94,4.0,162,1.2,977.6,Open-Meteo archive context,configured pilot anchor
DEL_NAJ,Najafgarh pilot area,Delhi,South West Delhi,2026-08-11 17:00:00+00:00,28.1,95,4.6,159,0.0,978.0,Open-Meteo archive context,configured pilot anchor
DEL_NAJ,Najafgarh pilot area,Delhi,South West Delhi,2026-08-11 18:00:00+00:00,28.4,94,4.3,147,0.0,977.5,Open-Meteo archive context,configured pilot anchor
DEL_NAJ,Najafgarh pilot area,Delhi,South West Delhi,2026-08-11 19:00:00+00:00,28.0,96,3.5,168,0.0,977.4,Open-Meteo archive context,configured pilot anchor
DEL_NAJ,Najafgarh pilot area,Delhi,South West Delhi,2026-08-11 20:00:00+00:00,28.1,95,0.4,297,0.0,977.3,Open-Meteo archive context,configured pilot anchor
DEL_NAJ,Najafgarh pilot area,Delhi,South West Delhi,2026-08-11 21:00:00+00:00,27.7,97,1.4,23,0.1,977.2,Open-Meteo archive context,configured pilot anchor
DEL_NAJ,Najafgarh pilot area,Delhi,South West Delhi,2026-08-11 22:00:00+00:00,27.4,97,3.8,59,0.0,977.3,Open-Meteo archive context,configured pilot anchor
DEL_NAJ,Najafgarh pilot area,Delhi,South West Delhi,2026-08-11 23:00:00+00:00,27.3,97,3.9,68,0.0,977.4,Open-Meteo archive context,configured pilot anchor
DEL_NAJ,Najafgarh pilot area,Delhi,South West Delhi,2026-08-12 00:00:00+00:00,27.4,97,2.6,102,0.0,977.2,Open-Meteo archive context,configured pilot anchor
DEL_NAJ,Najafgarh pilot area,Delhi,South West Delhi,2026-08-12 01:00:00+00:00,27.7,96,3.6,9,0.0,977.5,Open-Meteo archive context,configured pilot anchor
DEL_NAJ,Najafgarh pilot area,Delhi,South West Delhi,2026-08-12 02:00:00+00:00,28.8,91,3.8,349,0.0,977.9,Open-Meteo archive context,configured pilot anchor
DEL_NAJ,Najafgarh pilot area,Delhi,South West Delhi,2026-08-12 03:00:00+00:00,30.1,82,2.2,351,0.0,978.3,Open-Meteo archive context,configured pilot anchor
DEL_NAJ,Najafgarh pilot area,Delhi,South West Delhi,2026-08-12 04:00:00+00:00,31.2,74,2.9,349,0.1,978.5,Open-Meteo archive context,configured pilot anchor
DEL_NAJ,Najafgarh pilot area,Delhi,South West Delhi,2026-08-12 05:00:00+00:00,31.8,71,3.8,315,0.2,978.6,Open-Meteo archive context,configured pilot anchor
DEL_NAJ,Najafgarh pilot area,Delhi,South West Delhi,2026-08-12 06:00:00+00:00,31.8,69,5.4,320,0.1,978.2,Open-Meteo archive context,configured pilot anchor
DEL_NAJ,Najafgarh pilot area,Delhi,South West Delhi,2026-08-12 07:00:00+00:00,33.1,66,3.6,327,0.7,977.9,Open-Meteo archive context,configured pilot anchor
DEL_NAJ,Najafgarh pilot area,Delhi,South West Delhi,2026-08-12 08:00:00+00:00,33.8,63,1.9,319,0.0,976.9,Open-Meteo archive context,configured pilot anchor
DEL_NAJ,Najafgarh pilot area,Delhi,South West Delhi,2026-08-12 09:00:00+00:00,34.2,61,0.4,360,0.0,976.3,Open-Meteo archive context,configured pilot anchor
DEL_NAJ,Najafgarh pilot area,Delhi,South West Delhi,2026-08-12 10:00:00+00:00,34.3,60,2.2,204,0.0,976.0,Open-Meteo archive context,configured pilot anchor
DEL_NAJ,Najafgarh pilot area,Delhi,South West Delhi,2026-08-12 11:00:00+00:00,34.2,59,2.0,207,0.1,975.3,Open-Meteo archive context,configured pilot anchor
DEL_NAJ,Najafgarh pilot area,Delhi,South West Delhi,2026-08-12 12:00:00+00:00,31.8,76,9.5,191,0.4,975.8,Open-Meteo archive context,configured pilot anchor
DEL_NAJ,Najafgarh pilot area,Delhi,South West Delhi,2026-08-12 13:00:00+00:00,28.7,94,3.6,261,1.9,976.6,Open-Meteo archive context,configured pilot anchor
DEL_NAJ,Najafgarh pilot area,Delhi,South West Delhi,2026-08-12 14:00:00+00:00,27.2,93,13.2,185,1.3,977.7,Open-Meteo archive context,configured pilot anchor
DEL_NAJ,Najafgarh pilot area,Delhi,South West Delhi,2026-08-12 15:00:00+00:00,27.2,93,4.7,187,0.2,977.9,Open-Meteo archive context,configured pilot anchor
DEL_NAJ,Najafgarh pilot area,Delhi,South West Delhi,2026-08-12 16:00:00+00:00,27.3,95,5.6,195,0.0,978.8,Open-Meteo archive context,configured pilot anchor
DEL_NAJ,Najafgarh pilot area,Delhi,South West Delhi,2026-08-12 17:00:00+00:00,27.3,97,8.0,196,0.0,979.2,Open-Meteo archive context,configured pilot anchor
DEL_NAJ,Najafgarh pilot area,Delhi,South West Delhi,2026-08-12 18:00:00+00:00,28.9,91,4.5,164,0.0,978.9,Open-Meteo archive context,configured pilot anchor
DEL_NAJ,Najafgarh pilot area,Delhi,South West Delhi,2026-08-12 19:00:00+00:00,28.4,93,4.3,182,0.0,979.2,Open-Meteo archive context,configured pilot anchor
DEL_NAJ,Najafgarh pilot area,Delhi,South West Delhi,2026-08-12 20:00:00+00:00,28.1,94,4.0,216,0.0,978.5,Open-Meteo archive context,configured pilot anchor
DEL_NAJ,Najafgarh pilot area,Delhi,South West Delhi,2026-08-12 21:00:00+00:00,27.8,95,5.7,252,0.0,978.0,Open-Meteo archive context,configured pilot anchor
DEL_NAJ,Najafgarh pilot area,Delhi,South West Delhi,2026-08-12 22:00:00+00:00,27.7,95,6.2,285,0.0,977.9,Open-Meteo archive context,configured pilot anchor
DEL_NAJ,Najafgarh pilot area,Delhi,South West Delhi,2026-08-12 23:00:00+00:00,27.3,95,4.0,302,0.0,977.6,Open-Meteo archive context,configured pilot anchor
DEL_NAJ,Najafgarh pilot area,Delhi,South West Delhi,2026-08-13 00:00:00+00:00,27.7,98,5.0,244,0.0,977.6,Open-Meteo archive context,configured pilot anchor
DEL_NAJ,Najafgarh pilot area,Delhi,South West Delhi,2026-08-13 01:00:00+00:00,27.8,93,1.7,103,1.5,978.1,Open-Meteo archive context,configured pilot anchor
DEL_NAJ,Najafgarh pilot area,Delhi,South West Delhi,2026-08-13 02:00:00+00:00,28.6,92,1.2,51,0.7,978.1,Open-Meteo archive context,configured pilot anchor
DEL_NAJ,Najafgarh pilot area,Delhi,South West Delhi,2026-08-13 03:00:00+00:00,30.3,81,3.4,335,0.0,978.0,Open-Meteo archive context,configured pilot anchor
DEL_NAJ,Najafgarh pilot area,Delhi,South West Delhi,2026-08-13 04:00:00+00:00,31.9,73,3.3,311,0.0,978.2,Open-Meteo archive context,configured pilot anchor
DEL_NAJ,Najafgarh pilot area,Delhi,South West Delhi,2026-08-13 05:00:00+00:00,33.0,69,0.9,323,0.0,978.4,Open-Meteo archive context,configured pilot anchor
DEL_NAJ,Najafgarh pilot area,Delhi,South West Delhi,2026-08-13 06:00:00+00:00,31.4,76,2.5,262,0.1,978.3,Open-Meteo archive context,configured pilot anchor
DEL_NAJ,Najafgarh pilot area,Delhi,South West Delhi,2026-08-13 07:00:00+00:00,31.6,76,8.1,315,2.1,978.2,Open-Meteo archive context,configured pilot anchor
DEL_NAJ,Najafgarh pilot area,Delhi,South West Delhi,2026-08-13 08:00:00+00:00,32.4,74,1.9,49,0.7,977.3,Open-Meteo archive context,configured pilot anchor
DEL_NAJ,Najafgarh pilot area,Delhi,South West Delhi,2026-08-13 09:00:00+00:00,33.2,71,3.9,332,0.3,976.7,Open-Meteo archive context,configured pilot anchor
DEL_NAJ,Najafgarh pilot area,Delhi,South West Delhi,2026-08-13 10:00:00+00:00,33.5,69,5.7,307,0.1,975.9,Open-Meteo archive context,configured pilot anchor
DEL_NAJ,Najafgarh pilot area,Delhi,South West Delhi,2026-08-13 11:00:00+00:00,33.7,67,6.2,278,0.0,975.3,Open-Meteo archive context,configured pilot anchor
DEL_NAJ,Najafgarh pilot area,Delhi,South West Delhi,2026-08-13 12:00:00+00:00,32.5,72,5.2,295,0.2,975.8,Open-Meteo archive context,configured pilot anchor
DEL_NAJ,Najafgarh pilot area,Delhi,South West Delhi,2026-08-13 13:00:00+00:00,32.0,72,2.1,345,0.2,975.9,Open-Meteo archive context,configured pilot anchor
DEL_NAJ,Najafgarh pilot area,Delhi,South West Delhi,2026-08-13 14:00:00+00:00,30.9,81,1.5,126,0.0,976.4,Open-Meteo archive context,configured pilot anchor
DEL_NAJ,Najafgarh pilot area,Delhi,South West Delhi,2026-08-13 15:00:00+00:00,30.2,86,3.2,180,0.0,977.1,Open-Meteo archive context,configured pilot anchor
DEL_NAJ,Najafgarh pilot area,Delhi,South West Delhi,2026-08-13 16:00:00+00:00,29.9,86,4.2,185,0.0,977.7,Open-Meteo archive context,configured pilot anchor
DEL_NAJ,Najafgarh pilot area,Delhi,South West Delhi,2026-08-13 17:00:00+00:00,29.6,87,4.6,198,0.0,977.7,Open-Meteo archive context,configured pilot anchor
DEL_NAJ,Najafgarh pilot area,Delhi,South West Delhi,2026-08-13 18:00:00+00:00,30.0,86,4.1,236,0.0,977.0,Open-Meteo archive context,configured pilot anchor
DEL_NAJ,Najafgarh pilot area,Delhi,South West Delhi,2026-08-13 19:00:00+00:00,29.5,86,4.3,222,0.0,976.8,Open-Meteo archive context,configured pilot anchor
DEL_NAJ,Najafgarh pilot area,Delhi,South West Delhi,2026-08-13 20:00:00+00:00,29.1,89,4.0,219,0.0,976.6,Open-Meteo archive context,configured pilot anchor
DEL_NAJ,Najafgarh pilot area,Delhi,South West Delhi,2026-08-13 21:00:00+00:00,28.7,90,4.2,220,0.0,976.5,Open-Meteo archive context,configured pilot anchor
DEL_NAJ,Najafgarh pilot area,Delhi,South West Delhi,2026-08-13 22:00:00+00:00,28.5,91,4.4,232,0.0,976.2,Open-Meteo archive context,configured pilot anchor
DEL_NAJ,Najafgarh pilot area,Delhi,South West Delhi,2026-08-13 23:00:00+00:00,28.4,91,4.3,246,0.0,976.4,Open-Meteo archive context,configured pilot anchor
DEL_NAJ,Najafgarh pilot area,Delhi,South West Delhi,2026-08-14 00:00:00+00:00,28.3,91,4.9,321,0.0,976.4,Open-Meteo archive context,configured pilot anchor
DEL_NAJ,Najafgarh pilot area,Delhi,South West Delhi,2026-08-14 01:00:00+00:00,28.6,88,3.9,242,1.4,977.0,Open-Meteo archive context,configured pilot anchor
DEL_NAJ,Najafgarh pilot area,Delhi,South West Delhi,2026-08-14 02:00:00+00:00,28.1,93,7.0,125,0.7,977.9,Open-Meteo archive context,configured pilot anchor
DEL_NAJ,Najafgarh pilot area,Delhi,South West Delhi,2026-08-14 03:00:00+00:00,28.6,90,3.7,247,0.3,978.8,Open-Meteo archive context,configured pilot anchor
DEL_NAJ,Najafgarh pilot area,Delhi,South West Delhi,2026-08-14 04:00:00+00:00,28.8,87,5.0,244,0.1,978.5,Open-Meteo archive context,configured pilot anchor
DEL_NAJ,Najafgarh pilot area,Delhi,South West Delhi,2026-08-14 05:00:00+00:00,29.7,82,5.9,256,0.0,978.7,Open-Meteo archive context,configured pilot anchor
DEL_NAJ,Najafgarh pilot area,Delhi,South West Delhi,2026-08-14 06:00:00+00:00,30.9,77,5.0,291,0.0,979.2,Open-Meteo archive context,configured pilot anchor
DEL_NAJ,Najafgarh pilot area,Delhi,South West Delhi,2026-08-14 07:00:00+00:00,31.4,74,5.2,295,0.2,979.4,Open-Meteo archive context,configured pilot anchor
DEL_NAJ,Najafgarh pilot area,Delhi,South West Delhi,2026-08-14 08:00:00+00:00,31.6,74,4.3,303,0.3,978.6,Open-Meteo archive context,configured pilot anchor
DEL_NAJ,Najafgarh pilot area,Delhi,South West Delhi,2026-08-14 09:00:00+00:00,29.0,85,8.0,9,3.0,978.6,Open-Meteo archive context,configured pilot anchor
DEL_NAJ,Najafgarh pilot area,Delhi,South West Delhi,2026-08-14 10:00:00+00:00,27.8,92,3.7,104,2.0,978.0,Open-Meteo archive context,configured pilot anchor
DEL_NAJ,Najafgarh pilot area,Delhi,South West Delhi,2026-08-14 11:00:00+00:00,27.6,92,3.3,139,0.8,977.0,Open-Meteo archive context,configured pilot anchor
DEL_NAJ,Najafgarh pilot area,Delhi,South West Delhi,2026-08-14 12:00:00+00:00,30.9,75,4.1,67,0.2,976.8,Open-Meteo archive context,configured pilot anchor
DEL_NAJ,Najafgarh pilot area,Delhi,South West Delhi,2026-08-14 13:00:00+00:00,30.4,79,3.2,71,0.0,977.0,Open-Meteo archive context,configured pilot anchor
DEL_NAJ,Najafgarh pilot area,Delhi,South West Delhi,2026-08-14 14:00:00+00:00,29.7,83,4.1,75,0.0,977.4,Open-Meteo archive context,configured pilot anchor
DEL_NAJ,Najafgarh pilot area,Delhi,South West Delhi,2026-08-14 15:00:00+00:00,29.4,84,5.0,109,0.0,977.9,Open-Meteo archive context,configured pilot anchor
DEL_NAJ,Najafgarh pilot area,Delhi,South West Delhi,2026-08-14 16:00:00+00:00,28.7,89,3.1,111,0.0,978.7,Open-Meteo archive context,configured pilot anchor
DEL_NAJ,Najafgarh pilot area,Delhi,South West Delhi,2026-08-14 17:00:00+00:00,28.5,90,4.1,178,0.0,978.8,Open-Meteo archive context,configured pilot anchor
DEL_NAJ,Najafgarh pilot area,Delhi,South West Delhi,2026-08-14 18:00:00+00:00,28.2,89,4.8,200,0.0,978.3,Open-Meteo archive context,configured pilot anchor
DEL_NAJ,Najafgarh pilot area,Delhi,South West Delhi,2026-08-14 19:00:00+00:00,27.9,90,3.5,192,0.0,978.1,Open-Meteo archive context,configured pilot anchor
DEL_NAJ,Najafgarh pilot area,Delhi,South West Delhi,2026-08-14 20:00:00+00:00,27.5,94,2.4,193,0.0,978.0,Open-Meteo archive context,configured pilot anchor
DEL_NAJ,Najafgarh pilot area,Delhi,South West Delhi,2026-08-14 21:00:00+00:00,27.4,94,2.2,166,0.0,978.0,Open-Meteo archive context,configured pilot anchor
DEL_NAJ,Najafgarh pilot area,Delhi,South West Delhi,2026-08-14 22:00:00+00:00,27.3,94,3.4,164,0.0,977.7,Open-Meteo archive context,configured pilot anchor
DEL_NAJ,Najafgarh pilot area,Delhi,South West Delhi,2026-08-14 23:00:00+00:00,27.1,95,2.7,152,0.0,978.0,Open-Meteo archive context,configured pilot anchor
DEL_NAJ,Najafgarh pilot area,Delhi,South West Delhi,2026-08-15 00:00:00+00:00,26.7,96,6.4,119,0.0,978.3,Open-Meteo archive context,configured pilot anchor
DEL_NAJ,Najafgarh pilot area,Delhi,South West Delhi,2026-08-15 01:00:00+00:00,26.8,98,5.9,157,2.0,978.5,Open-Meteo archive context,configured pilot anchor
DEL_NAJ,Najafgarh pilot area,Delhi,South West Delhi,2026-08-15 02:00:00+00:00,27.5,96,3.7,129,0.9,978.9,Open-Meteo archive context,configured pilot anchor
DEL_NAJ,Najafgarh pilot area,Delhi,South West Delhi,2026-08-15 03:00:00+00:00,27.9,95,4.0,126,0.5,979.4,Open-Meteo archive context,configured pilot anchor
DEL_NAJ,Najafgarh pilot area,Delhi,South West Delhi,2026-08-15 04:00:00+00:00,28.7,92,3.9,118,0.1,979.6,Open-Meteo archive context,configured pilot anchor
DEL_NAJ,Najafgarh pilot area,Delhi,South West Delhi,2026-08-15 05:00:00+00:00,30.1,83,1.6,117,0.1,979.7,Open-Meteo archive context,configured pilot anchor
DEL_NAJ,Najafgarh pilot area,Delhi,South West Delhi,2026-08-15 06:00:00+00:00,32.3,71,7.7,298,0.1,979.6,Open-Meteo archive context,configured pilot anchor
DEL_NAJ,Najafgarh pilot area,Delhi,South West Delhi,2026-08-15 07:00:00+00:00,32.9,65,11.3,335,0.1,978.7,Open-Meteo archive context,configured pilot anchor
DEL_NAJ,Najafgarh pilot area,Delhi,South West Delhi,2026-08-15 08:00:00+00:00,33.2,62,11.0,346,0.1,978.2,Open-Meteo archive context,configured pilot anchor
DEL_NAJ,Najafgarh pilot area,Delhi,South West Delhi,2026-08-15 09:00:00+00:00,33.3,61,9.9,345,0.0,977.2,Open-Meteo archive context,configured pilot anchor
DEL_NAJ,Najafgarh pilot area,Delhi,South West Delhi,2026-08-15 10:00:00+00:00,32.4,67,10.3,341,0.4,976.4,Open-Meteo archive context,configured pilot anchor
DEL_NAJ,Najafgarh pilot area,Delhi,South West Delhi,2026-08-15 11:00:00+00:00,32.5,66,6.7,306,0.0,975.8,Open-Meteo archive context,configured pilot anchor
DEL_NAJ,Najafgarh pilot area,Delhi,South West Delhi,2026-08-15 12:00:00+00:00,31.0,83,5.2,264,0.0,975.5,Open-Meteo archive context,configured pilot anchor
DEL_NAJ,Najafgarh pilot area,Delhi,South West Delhi,2026-08-15 13:00:00+00:00,30.7,88,5.5,251,0.1,975.8,Open-Meteo archive context,configured pilot anchor
DEL_NAJ,Najafgarh pilot area,Delhi,South West Delhi,2026-08-15 14:00:00+00:00,29.9,91,4.8,209,0.0,976.4,Open-Meteo archive context,configured pilot anchor
DEL_NAJ,Najafgarh pilot area,Delhi,South West Delhi,2026-08-15 15:00:00+00:00,29.4,92,3.4,227,0.0,976.9,Open-Meteo archive context,configured pilot anchor
DEL_NAJ,Najafgarh pilot area,Delhi,South West Delhi,2026-08-15 16:00:00+00:00,29.1,91,4.1,218,0.0,977.4,Open-Meteo archive context,configured pilot anchor
DEL_NAJ,Najafgarh pilot area,Delhi,South West Delhi,2026-08-15 17:00:00+00:00,29.0,91,3.9,217,0.0,977.5,Open-Meteo archive context,configured pilot anchor
DEL_NAJ,Najafgarh pilot area,Delhi,South West Delhi,2026-08-15 18:00:00+00:00,29.2,88,8.4,214,0.0,977.2,Open-Meteo archive context,configured pilot anchor
DEL_NAJ,Najafgarh pilot area,Delhi,South West Delhi,2026-08-15 19:00:00+00:00,29.0,89,7.9,221,0.0,977.1,Open-Meteo archive context,configured pilot anchor
DEL_NAJ,Najafgarh pilot area,Delhi,South West Delhi,2026-08-15 20:00:00+00:00,28.8,87,8.6,240,0.0,976.6,Open-Meteo archive context,configured pilot anchor
DEL_NAJ,Najafgarh pilot area,Delhi,South West Delhi,2026-08-15 21:00:00+00:00,28.7,86,7.6,262,0.0,976.1,Open-Meteo archive context,configured pilot anchor
DEL_NAJ,Najafgarh pilot area,Delhi,South West Delhi,2026-08-15 22:00:00+00:00,27.2,92,7.0,35,0.4,976.0,Open-Meteo archive context,configured pilot anchor
DEL_NAJ,Najafgarh pilot area,Delhi,South West Delhi,2026-08-15 23:00:00+00:00,27.3,93,3.1,208,0.0,976.0,Open-Meteo archive context,configured pilot anchor
DEL_NAJ,Najafgarh pilot area,Delhi,South West Delhi,2026-08-16 00:00:00+00:00,27.8,87,8.2,289,0.0,975.8,Open-Meteo archive context,configured pilot anchor
DEL_NAJ,Najafgarh pilot area,Delhi,South West Delhi,2026-08-16 01:00:00+00:00,27.9,86,6.8,268,0.0,976.4,Open-Meteo archive context,configured pilot anchor
DEL_NAJ,Najafgarh pilot area,Delhi,South West Delhi,2026-08-16 02:00:00+00:00,28.7,83,7.8,266,0.1,976.9,Open-Meteo archive context,configured pilot anchor
DEL_NAJ,Najafgarh pilot area,Delhi,South West Delhi,2026-08-16 03:00:00+00:00,30.1,74,11.0,272,0.0,977.3,Open-Meteo archive context,configured pilot anchor
DEL_NAJ,Najafgarh pilot area,Delhi,South West Delhi,2026-08-16 04:00:00+00:00,31.4,68,11.6,276,0.0,977.4,Open-Meteo archive context,configured pilot anchor
DEL_NAJ,Najafgarh pilot area,Delhi,South West Delhi,2026-08-16 05:00:00+00:00,32.6,66,11.6,276,0.0,977.3,Open-Meteo archive context,configured pilot anchor
DEL_NAJ,Najafgarh pilot area,Delhi,South West Delhi,2026-08-16 06:00:00+00:00,33.4,62,11.1,304,0.0,977.1,Open-Meteo archive context,configured pilot anchor
DEL_NAJ,Najafgarh pilot area,Delhi,South West Delhi,2026-08-16 07:00:00+00:00,33.4,61,11.2,310,0.7,976.7,Open-Meteo archive context,configured pilot anchor
DEL_NAJ,Najafgarh pilot area,Delhi,South West Delhi,2026-08-16 08:00:00+00:00,31.7,71,8.3,311,2.1,976.4,Open-Meteo archive context,configured pilot anchor
DEL_NAJ,Najafgarh pilot area,Delhi,South West Delhi,2026-08-16 09:00:00+00:00,33.3,64,6.5,265,0.7,975.7,Open-Meteo archive context,configured pilot anchor
DEL_NAJ,Najafgarh pilot area,Delhi,South West Delhi,2026-08-16 10:00:00+00:00,33.9,61,10.1,268,0.0,975.0,Open-Meteo archive context,configured pilot anchor
DEL_NAJ,Najafgarh pilot area,Delhi,South West Delhi,2026-08-16 11:00:00+00:00,33.7,62,10.5,277,0.0,974.6,Open-Meteo archive context,configured pilot anchor
DEL_NAJ,Najafgarh pilot area,Delhi,South West Delhi,2026-08-16 12:00:00+00:00,31.4,76,4.4,19,0.0,975.4,Open-Meteo archive context,configured pilot anchor
DEL_NAJ,Najafgarh pilot area,Delhi,South West Delhi,2026-08-16 13:00:00+00:00,30.7,81,3.3,61,0.0,975.5,Open-Meteo archive context,configured pilot anchor
DEL_NAJ,Najafgarh pilot area,Delhi,South West Delhi,2026-08-16 14:00:00+00:00,29.8,86,3.7,125,0.0,976.0,Open-Meteo archive context,configured pilot anchor
DEL_NAJ,Najafgarh pilot area,Delhi,South West Delhi,2026-08-16 15:00:00+00:00,29.7,87,4.1,142,0.0,976.6,Open-Meteo archive context,configured pilot anchor
DEL_NAJ,Najafgarh pilot area,Delhi,South West Delhi,2026-08-16 16:00:00+00:00,29.3,89,4.4,150,0.0,977.3,Open-Meteo archive context,configured pilot anchor
DEL_NAJ,Najafgarh pilot area,Delhi,South West Delhi,2026-08-16 17:00:00+00:00,29.1,88,5.0,167,0.0,977.6,Open-Meteo archive context,configured pilot anchor
DEL_NAJ,Najafgarh pilot area,Delhi,South West Delhi,2026-08-16 18:00:00+00:00,29.1,87,4.3,152,0.0,977.0,Open-Meteo archive context,configured pilot anchor
DEL_NAJ,Najafgarh pilot area,Delhi,South West Delhi,2026-08-16 19:00:00+00:00,28.9,84,7.3,220,0.0,976.8,Open-Meteo archive context,configured pilot anchor
DEL_NAJ,Najafgarh pilot area,Delhi,South West Delhi,2026-08-16 20:00:00+00:00,28.3,86,4.0,328,0.0,976.7,Open-Meteo archive context,configured pilot anchor
DEL_NAJ,Najafgarh pilot area,Delhi,South West Delhi,2026-08-16 21:00:00+00:00,27.9,87,4.7,266,0.0,976.2,Open-Meteo archive context,configured pilot anchor
DEL_NAJ,Najafgarh pilot area,Delhi,South West Delhi,2026-08-16 22:00:00+00:00,27.8,82,6.6,249,0.0,976.2,Open-Meteo archive context,configured pilot anchor
DEL_NAJ,Najafgarh pilot area,Delhi,South West Delhi,2026-08-16 23:00:00+00:00,27.7,80,7.2,243,0.0,976.2,Open-Meteo archive context,configured pilot anchor
DEL_NAJ,Najafgarh pilot area,Delhi,South West Delhi,2026-08-17 00:00:00+00:00,28.4,77,11.3,263,0.0,976.5,Open-Meteo archive context,configured pilot anchor
DEL_NAJ,Najafgarh pilot area,Delhi,South West Delhi,2026-08-17 01:00:00+00:00,28.1,78,11.5,261,0.0,977.1,Open-Meteo archive context,configured pilot anchor
DEL_NAJ,Najafgarh pilot area,Delhi,South West Delhi,2026-08-17 02:00:00+00:00,29.0,77,11.2,271,0.0,977.6,Open-Meteo archive context,configured pilot anchor
DEL_NAJ,Najafgarh pilot area,Delhi,South West Delhi,2026-08-17 03:00:00+00:00,30.0,74,11.6,294,0.0,978.1,Open-Meteo archive context,configured pilot anchor
DEL_NAJ,Najafgarh pilot area,Delhi,South West Delhi,2026-08-17 04:00:00+00:00,30.8,71,11.1,293,0.0,978.5,Open-Meteo archive context,configured pilot anchor
DEL_NAJ,Najafgarh pilot area,Delhi,South West Delhi,2026-08-17 05:00:00+00:00,31.9,68,11.1,287,0.0,978.8,Open-Meteo archive context,configured pilot anchor
DEL_NAJ,Najafgarh pilot area,Delhi,South West Delhi,2026-08-17 06:00:00+00:00,32.9,64,12.7,297,0.0,978.6,Open-Meteo archive context,configured pilot anchor
DEL_NAJ,Najafgarh pilot area,Delhi,South West Delhi,2026-08-17 07:00:00+00:00,33.5,63,10.3,289,0.1,978.0,Open-Meteo archive context,configured pilot anchor
DEL_NAJ,Najafgarh pilot area,Delhi,South West Delhi,2026-08-17 08:00:00+00:00,32.9,66,9.7,301,0.1,977.5,Open-Meteo archive context,configured pilot anchor
DEL_NAJ,Najafgarh pilot area,Delhi,South West Delhi,2026-08-17 09:00:00+00:00,33.5,64,5.6,291,0.1,976.6,Open-Meteo archive context,configured pilot anchor
DEL_NAJ,Najafgarh pilot area,Delhi,South West Delhi,2026-08-17 10:00:00+00:00,33.6,65,7.1,261,0.1,976.2,Open-Meteo archive context,configured pilot anchor
DEL_NAJ,Najafgarh pilot area,Delhi,South West Delhi,2026-08-17 11:00:00+00:00,30.7,77,8.5,265,0.6,975.9,Open-Meteo archive context,configured pilot anchor
DEL_NAJ,Najafgarh pilot area,Delhi,South West Delhi,2026-08-17 12:00:00+00:00,28.4,90,8.0,63,0.4,976.4,Open-Meteo archive context,configured pilot anchor
DEL_NAJ,Najafgarh pilot area,Delhi,South West Delhi,2026-08-17 13:00:00+00:00,27.8,93,5.7,136,0.2,976.4,Open-Meteo archive context,configured pilot anchor
DEL_NAJ,Najafgarh pilot area,Delhi,South West Delhi,2026-08-17 14:00:00+00:00,27.7,92,3.8,155,0.0,976.9,Open-Meteo archive context,configured pilot anchor
DEL_NAJ,Najafgarh pilot area,Delhi,South West Delhi,2026-08-17 15:00:00+00:00,27.6,93,3.2,137,0.0,977.6,Open-Meteo archive context,configured pilot anchor
DEL_NAJ,Najafgarh pilot area,Delhi,South West Delhi,2026-08-17 16:00:00+00:00,27.5,93,3.6,150,0.0,978.1,Open-Meteo archive context,configured pilot anchor
DEL_NAJ,Najafgarh pilot area,Delhi,South West Delhi,2026-08-17 17:00:00+00:00,27.5,92,4.1,182,0.0,978.5,Open-Meteo archive context,configured pilot anchor
DEL_NAJ,Najafgarh pilot area,Delhi,South West Delhi,2026-08-17 18:00:00+00:00,28.9,87,4.2,227,0.0,978.3,Open-Meteo archive context,configured pilot anchor
DEL_NAJ,Najafgarh pilot area,Delhi,South West Delhi,2026-08-17 19:00:00+00:00,28.2,83,6.6,241,0.0,978.2,Open-Meteo archive context,configured pilot anchor
DEL_NAJ,Najafgarh pilot area,Delhi,South West Delhi,2026-08-17 20:00:00+00:00,27.8,82,6.3,239,0.0,977.8,Open-Meteo archive context,configured pilot anchor
DEL_NAJ,Najafgarh pilot area,Delhi,South West Delhi,2026-08-17 21:00:00+00:00,27.3,83,5.5,243,0.0,977.5,Open-Meteo archive context,configured pilot anchor
DEL_NAJ,Najafgarh pilot area,Delhi,South West Delhi,2026-08-17 22:00:00+00:00,27.1,84,5.2,241,0.0,977.5,Open-Meteo archive context,configured pilot anchor
DEL_NAJ,Najafgarh pilot area,Delhi,South West Delhi,2026-08-17 23:00:00+00:00,27.1,83,6.7,236,0.0,977.7,Open-Meteo archive context,configured pilot anchor
DEL_NAJ,Najafgarh pilot area,Delhi,South West Delhi,2026-08-18 00:00:00+00:00,28.1,76,10.3,257,0.0,977.5,Open-Meteo archive context,configured pilot anchor
DEL_NAJ,Najafgarh pilot area,Delhi,South West Delhi,2026-08-18 01:00:00+00:00,27.9,77,11.7,259,0.0,977.9,Open-Meteo archive context,configured pilot anchor
DEL_NAJ,Najafgarh pilot area,Delhi,South West Delhi,2026-08-18 02:00:00+00:00,28.6,76,8.7,265,0.0,978.7,Open-Meteo archive context,configured pilot anchor
DEL_NAJ,Najafgarh pilot area,Delhi,South West Delhi,2026-08-18 03:00:00+00:00,29.8,72,9.6,266,0.0,979.1,Open-Meteo archive context,configured pilot anchor
DEL_NAJ,Najafgarh pilot area,Delhi,South West Delhi,2026-08-18 04:00:00+00:00,30.9,69,10.8,271,0.0,979.4,Open-Meteo archive context,configured pilot anchor
DEL_NAJ,Najafgarh pilot area,Delhi,South West Delhi,2026-08-18 05:00:00+00:00,31.8,66,7.8,278,0.0,979.6,Open-Meteo archive context,configured pilot anchor
DEL_NAJ,Najafgarh pilot area,Delhi,South West Delhi,2026-08-18 06:00:00+00:00,32.4,62,7.7,295,0.1,980.0,Open-Meteo archive context,configured pilot anchor
DEL_NAJ,Najafgarh pilot area,Delhi,South West Delhi,2026-08-18 07:00:00+00:00,32.8,61,6.8,287,0.1,979.5,Open-Meteo archive context,configured pilot anchor
DEL_NAJ,Najafgarh pilot area,Delhi,South West Delhi,2026-08-18 08:00:00+00:00,33.3,62,6.7,276,0.0,978.9,Open-Meteo archive context,configured pilot anchor
DEL_NAJ,Najafgarh pilot area,Delhi,South West Delhi,2026-08-18 09:00:00+00:00,33.4,61,6.1,267,0.0,978.1,Open-Meteo archive context,configured pilot anchor
DEL_NAJ,Najafgarh pilot area,Delhi,South West Delhi,2026-08-18 10:00:00+00:00,32.3,64,7.0,258,0.1,977.2,Open-Meteo archive context,configured pilot anchor
DEL_NAJ,Najafgarh pilot area,Delhi,South West Delhi,2026-08-18 11:00:00+00:00,31.0,73,4.3,246,3.0,976.8,Open-Meteo archive context,configured pilot anchor
DEL_NAJ,Najafgarh pilot area,Delhi,South West Delhi,2026-08-18 12:00:00+00:00,32.8,61,2.2,318,0.3,977.0,Open-Meteo archive context,configured pilot anchor
DEL_NAJ,Najafgarh pilot area,Delhi,South West Delhi,2026-08-18 13:00:00+00:00,31.3,70,1.8,217,0.1,977.6,Open-Meteo archive context,configured pilot anchor
DEL_NAJ,Najafgarh pilot area,Delhi,South West Delhi,2026-08-18 14:00:00+00:00,30.2,77,2.8,140,0.0,978.1,Open-Meteo archive context,configured pilot anchor
DEL_NAJ,Najafgarh pilot area,Delhi,South West Delhi,2026-08-18 15:00:00+00:00,29.3,79,8.1,115,0.0,979.0,Open-Meteo archive context,configured pilot anchor
DEL_NAJ,Najafgarh pilot area,Delhi,South West Delhi,2026-08-18 16:00:00+00:00,28.2,84,5.8,126,0.1,979.8,Open-Meteo archive context,configured pilot anchor
DEL_NAJ,Najafgarh pilot area,Delhi,South West Delhi,2026-08-18 17:00:00+00:00,27.4,87,6.8,140,0.0,979.7,Open-Meteo archive context,configured pilot anchor
DEL_NAJ,Najafgarh pilot area,Delhi,South West Delhi,2026-08-18 18:00:00+00:00,27.6,92,4.1,203,0.0,979.2,Open-Meteo archive context,configured pilot anchor
DEL_NAJ,Najafgarh pilot area,Delhi,South West Delhi,2026-08-18 19:00:00+00:00,27.6,90,0.3,45,0.0,978.9,Open-Meteo archive context,configured pilot anchor
DEL_NAJ,Najafgarh pilot area,Delhi,South West Delhi,2026-08-18 20:00:00+00:00,27.1,95,0.4,63,0.0,978.5,Open-Meteo archive context,configured pilot anchor
DEL_NAJ,Najafgarh pilot area,Delhi,South West Delhi,2026-08-18 21:00:00+00:00,26.8,97,1.2,27,0.0,978.3,Open-Meteo archive context,configured pilot anchor
DEL_NAJ,Najafgarh pilot area,Delhi,South West Delhi,2026-08-18 22:00:00+00:00,26.7,98,0.4,153,0.0,978.0,Open-Meteo archive context,configured pilot anchor
DEL_NAJ,Najafgarh pilot area,Delhi,South West Delhi,2026-08-18 23:00:00+00:00,26.5,99,2.1,195,0.0,978.6,Open-Meteo archive context,configured pilot anchor
DEL_NAJ,Najafgarh pilot area,Delhi,South West Delhi,2026-08-19 00:00:00+00:00,27.5,86,5.1,278,0.0,978.0,Open-Meteo archive context,configured pilot anchor
DEL_NAJ,Najafgarh pilot area,Delhi,South West Delhi,2026-08-19 01:00:00+00:00,27.5,84,6.1,275,0.0,978.8,Open-Meteo archive context,configured pilot anchor
DEL_NAJ,Najafgarh pilot area,Delhi,South West Delhi,2026-08-19 02:00:00+00:00,28.7,80,5.8,265,0.0,979.5,Open-Meteo archive context,configured pilot anchor
DEL_NAJ,Najafgarh pilot area,Delhi,South West Delhi,2026-08-19 03:00:00+00:00,29.9,73,6.4,280,0.0,980.1,Open-Meteo archive context,configured pilot anchor
DEL_NAJ,Najafgarh pilot area,Delhi,South West Delhi,2026-08-19 04:00:00+00:00,31.1,68,5.6,301,0.0,980.4,Open-Meteo archive context,configured pilot anchor
DEL_NAJ,Najafgarh pilot area,Delhi,South West Delhi,2026-08-19 05:00:00+00:00,31.9,65,3.9,323,0.0,980.2,Open-Meteo archive context,configured pilot anchor
DEL_NAJ,Najafgarh pilot area,Delhi,South West Delhi,2026-08-19 06:00:00+00:00,32.5,59,7.1,333,0.0,980.5,Open-Meteo archive context,configured pilot anchor
DEL_NAJ,Najafgarh pilot area,Delhi,South West Delhi,2026-08-19 07:00:00+00:00,33.0,57,5.4,326,0.1,979.7,Open-Meteo archive context,configured pilot anchor
DEL_NAJ,Najafgarh pilot area,Delhi,South West Delhi,2026-08-19 08:00:00+00:00,33.4,55,3.5,321,0.2,979.3,Open-Meteo archive context,configured pilot anchor
DEL_NAJ,Najafgarh pilot area,Delhi,South West Delhi,2026-08-19 09:00:00+00:00,33.6,55,3.3,319,0.1,978.6,Open-Meteo archive context,configured pilot anchor
DEL_NAJ,Najafgarh pilot area,Delhi,South West Delhi,2026-08-19 10:00:00+00:00,33.5,55,3.9,304,0.0,977.8,Open-Meteo archive context,configured pilot anchor
DEL_NAJ,Najafgarh pilot area,Delhi,South West Delhi,2026-08-19 11:00:00+00:00,33.3,56,4.3,275,0.0,977.4,Open-Meteo archive context,configured pilot anchor
DEL_NAJ,Najafgarh pilot area,Delhi,South West Delhi,2026-08-19 12:00:00+00:00,29.2,91,5.2,115,0.0,978.3,Open-Meteo archive context,configured pilot anchor
DEL_NAJ,Najafgarh pilot area,Delhi,South West Delhi,2026-08-19 13:00:00+00:00,28.8,92,8.6,75,1.2,978.3,Open-Meteo archive context,configured pilot anchor
DEL_NAJ,Najafgarh pilot area,Delhi,South West Delhi,2026-08-19 14:00:00+00:00,28.3,94,7.5,114,0.6,978.8,Open-Meteo archive context,configured pilot anchor
DEL_NAJ,Najafgarh pilot area,Delhi,South West Delhi,2026-08-19 15:00:00+00:00,27.9,94,7.7,147,0.1,979.5,Open-Meteo archive context,configured pilot anchor
DEL_NAJ,Najafgarh pilot area,Delhi,South West Delhi,2026-08-19 16:00:00+00:00,27.7,93,4.7,130,0.0,980.0,Open-Meteo archive context,configured pilot anchor
DEL_NAJ,Najafgarh pilot area,Delhi,South West Delhi,2026-08-19 17:00:00+00:00,27.5,93,3.6,120,0.0,979.9,Open-Meteo archive context,configured pilot anchor
DEL_NAJ,Najafgarh pilot area,Delhi,South West Delhi,2026-08-19 18:00:00+00:00,28.8,91,3.6,174,0.0,979.6,Open-Meteo archive context,configured pilot anchor
DEL_NAJ,Najafgarh pilot area,Delhi,South West Delhi,2026-08-19 19:00:00+00:00,28.1,92,7.7,198,0.1,979.5,Open-Meteo archive context,configured pilot anchor
DEL_NAJ,Najafgarh pilot area,Delhi,South West Delhi,2026-08-19 20:00:00+00:00,27.5,94,5.5,341,0.1,979.7,Open-Meteo archive context,configured pilot anchor
DEL_NAJ,Najafgarh pilot area,Delhi,South West Delhi,2026-08-19 21:00:00+00:00,27.3,95,3.0,104,0.3,979.2,Open-Meteo archive context,configured pilot anchor
DEL_NAJ,Najafgarh pilot area,Delhi,South West Delhi,2026-08-19 22:00:00+00:00,27.3,96,4.1,61,0.2,979.1,Open-Meteo archive context,configured pilot anchor
DEL_NAJ,Najafgarh pilot area,Delhi,South West Delhi,2026-08-19 23:00:00+00:00,27.3,96,2.4,99,0.2,979.3,Open-Meteo archive context,configured pilot anchor
DEL_NAJ,Najafgarh pilot area,Delhi,South West Delhi,2026-08-20 00:00:00+00:00,27.4,91,6.6,286,0.0,979.3,Open-Meteo archive context,configured pilot anchor
DEL_NAJ,Najafgarh pilot area,Delhi,South West Delhi,2026-08-20 01:00:00+00:00,26.8,91,9.1,263,1.1,979.5,Open-Meteo archive context,configured pilot anchor
DEL_NAJ,Najafgarh pilot area,Delhi,South West Delhi,2026-08-20 02:00:00+00:00,26.9,90,8.3,254,0.5,980.4,Open-Meteo archive context,configured pilot anchor
DEL_NAJ,Najafgarh pilot area,Delhi,South West Delhi,2026-08-20 03:00:00+00:00,27.3,88,8.2,238,0.2,980.8,Open-Meteo archive context,configured pilot anchor
DEL_NAJ,Najafgarh pilot area,Delhi,South West Delhi,2026-08-20 04:00:00+00:00,27.5,88,8.8,226,0.2,981.3,Open-Meteo archive context,configured pilot anchor
DEL_NAJ,Najafgarh pilot area,Delhi,South West Delhi,2026-08-20 05:00:00+00:00,27.8,86,9.7,246,0.2,981.4,Open-Meteo archive context,configured pilot anchor
DEL_NAJ,Najafgarh pilot area,Delhi,South West Delhi,2026-08-20 06:00:00+00:00,31.8,67,8.5,258,0.1,980.9,Open-Meteo archive context,configured pilot anchor
DEL_NAJ,Najafgarh pilot area,Delhi,South West Delhi,2026-08-20 07:00:00+00:00,32.4,63,5.6,299,0.0,980.2,Open-Meteo archive context,configured pilot anchor
DEL_NAJ,Najafgarh pilot area,Delhi,South West Delhi,2026-08-20 08:00:00+00:00,33.0,60,5.8,321,0.1,979.6,Open-Meteo archive context,configured pilot anchor
DEL_NAJ,Najafgarh pilot area,Delhi,South West Delhi,2026-08-20 09:00:00+00:00,33.1,61,6.3,321,0.0,978.5,Open-Meteo archive context,configured pilot anchor
DEL_NAJ,Najafgarh pilot area,Delhi,South West Delhi,2026-08-20 10:00:00+00:00,33.3,61,5.5,319,0.0,977.9,Open-Meteo archive context,configured pilot anchor
DEL_NAJ,Najafgarh pilot area,Delhi,South West Delhi,2026-08-20 11:00:00+00:00,33.2,62,4.5,317,0.0,977.3,Open-Meteo archive context,configured pilot anchor
DEL_NAJ,Najafgarh pilot area,Delhi,South West Delhi,2026-08-20 12:00:00+00:00,30.2,85,7.2,148,0.0,977.7,Open-Meteo archive context,configured pilot anchor
DEL_NAJ,Najafgarh pilot area,Delhi,South West Delhi,2026-08-20 13:00:00+00:00,29.2,87,6.3,180,0.0,978.2,Open-Meteo archive context,configured pilot anchor
DEL_NAJ,Najafgarh pilot area,Delhi,South West Delhi,2026-08-20 14:00:00+00:00,28.5,89,6.5,175,0.0,978.2,Open-Meteo archive context,configured pilot anchor
DEL_NAJ,Najafgarh pilot area,Delhi,South West Delhi,2026-08-20 15:00:00+00:00,28.3,90,6.2,192,0.0,978.8,Open-Meteo archive context,configured pilot anchor
DEL_NAJ,Najafgarh pilot area,Delhi,South West Delhi,2026-08-20 16:00:00+00:00,28.3,86,4.9,204,0.0,979.2,Open-Meteo archive context,configured pilot anchor
DEL_NAJ,Najafgarh pilot area,Delhi,South West Delhi,2026-08-20 17:00:00+00:00,28.1,86,5.7,204,0.0,979.2,Open-Meteo archive context,configured pilot anchor
DEL_NAJ,Najafgarh pilot area,Delhi,South West Delhi,2026-08-20 18:00:00+00:00,28.8,91,4.2,250,0.0,978.8,Open-Meteo archive context,configured pilot anchor
DEL_NAJ,Najafgarh pilot area,Delhi,South West Delhi,2026-08-20 19:00:00+00:00,28.5,92,3.4,267,0.1,978.9,Open-Meteo archive context,configured pilot anchor
DEL_NAJ,Najafgarh pilot area,Delhi,South West Delhi,2026-08-20 20:00:00+00:00,28.3,92,4.0,302,0.0,978.5,Open-Meteo archive context,configured pilot anchor
DEL_NAJ,Najafgarh pilot area,Delhi,South West Delhi,2026-08-20 21:00:00+00:00,28.0,93,4.3,298,0.0,978.1,Open-Meteo archive context,configured pilot anchor
DEL_NAJ,Najafgarh pilot area,Delhi,South West Delhi,2026-08-20 22:00:00+00:00,27.7,96,3.6,303,0.0,977.9,Open-Meteo archive context,configured pilot anchor
DEL_NAJ,Najafgarh pilot area,Delhi,South West Delhi,2026-08-20 23:00:00+00:00,27.7,95,4.2,282,0.0,978.0,Open-Meteo archive context,configured pilot anchor
DEL_NAJ,Najafgarh pilot area,Delhi,South West Delhi,2026-08-21 00:00:00+00:00,27.0,97,11.7,345,0.0,978.5,Open-Meteo archive context,configured pilot anchor
DEL_NAJ,Najafgarh pilot area,Delhi,South West Delhi,2026-08-21 01:00:00+00:00,26.5,92,8.4,312,0.1,978.1,Open-Meteo archive context,configured pilot anchor
DEL_NAJ,Najafgarh pilot area,Delhi,South West Delhi,2026-08-21 02:00:00+00:00,27.5,88,4.3,294,0.0,979.2,Open-Meteo archive context,configured pilot anchor
DEL_NAJ,Najafgarh pilot area,Delhi,South West Delhi,2026-08-21 03:00:00+00:00,29.6,78,8.6,286,0.0,979.9,Open-Meteo archive context,configured pilot anchor
DEL_NAJ,Najafgarh pilot area,Delhi,South West Delhi,2026-08-21 04:00:00+00:00,31.1,67,13.3,288,0.0,979.8,Open-Meteo archive context,configured pilot anchor
DEL_NAJ,Najafgarh pilot area,Delhi,South West Delhi,2026-08-21 05:00:00+00:00,32.3,64,11.7,295,0.0,979.9,Open-Meteo archive context,configured pilot anchor
DEL_NAJ,Najafgarh pilot area,Delhi,South West Delhi,2026-08-21 06:00:00+00:00,33.5,60,14.2,310,0.0,979.8,Open-Meteo archive context,configured pilot anchor
DEL_NAJ,Najafgarh pilot area,Delhi,South West Delhi,2026-08-21 07:00:00+00:00,33.7,60,13.7,310,0.1,979.0,Open-Meteo archive context,configured pilot anchor
DEL_NAJ,Najafgarh pilot area,Delhi,South West Delhi,2026-08-21 08:00:00+00:00,33.8,58,13.2,309,0.1,978.2,Open-Meteo archive context,configured pilot anchor
DEL_NAJ,Najafgarh pilot area,Delhi,South West Delhi,2026-08-21 09:00:00+00:00,33.5,58,14.8,310,0.2,977.2,Open-Meteo archive context,configured pilot anchor
DEL_NAJ,Najafgarh pilot area,Delhi,South West Delhi,2026-08-21 10:00:00+00:00,33.1,61,14.1,310,0.1,976.8,Open-Meteo archive context,configured pilot anchor
DEL_NAJ,Najafgarh pilot area,Delhi,South West Delhi,2026-08-21 11:00:00+00:00,32.8,63,12.1,313,0.0,976.2,Open-Meteo archive context,configured pilot anchor
DEL_NAJ,Najafgarh pilot area,Delhi,South West Delhi,2026-08-21 12:00:00+00:00,32.3,69,8.7,278,0.0,976.2,Open-Meteo archive context,configured pilot anchor
DEL_NAJ,Najafgarh pilot area,Delhi,South West Delhi,2026-08-21 13:00:00+00:00,30.9,77,7.3,234,0.1,976.2,Open-Meteo archive context,configured pilot anchor
DEL_NAJ,Najafgarh pilot area,Delhi,South West Delhi,2026-08-21 14:00:00+00:00,30.2,80,6.2,240,0.0,976.8,Open-Meteo archive context,configured pilot anchor
DEL_NAJ,Najafgarh pilot area,Delhi,South West Delhi,2026-08-21 15:00:00+00:00,29.8,83,4.8,255,0.0,977.2,Open-Meteo archive context,configured pilot anchor
DEL_NAJ,Najafgarh pilot area,Delhi,South West Delhi,2026-08-21 16:00:00+00:00,29.6,83,4.2,230,0.0,977.7,Open-Meteo archive context,configured pilot anchor
DEL_NAJ,Najafgarh pilot area,Delhi,South West Delhi,2026-08-21 17:00:00+00:00,29.1,83,4.4,218,0.0,977.7,Open-Meteo archive context,configured pilot anchor
DEL_NAJ,Najafgarh pilot area,Delhi,South West Delhi,2026-08-21 18:00:00+00:00,27.3,92,2.4,54,0.0,977.7,Open-Meteo archive context,configured pilot anchor
DEL_NAJ,Najafgarh pilot area,Delhi,South West Delhi,2026-08-21 19:00:00+00:00,27.6,91,10.8,170,0.1,977.3,Open-Meteo archive context,configured pilot anchor
DEL_NAJ,Najafgarh pilot area,Delhi,South West Delhi,2026-08-21 20:00:00+00:00,27.4,89,8.3,200,0.0,977.5,Open-Meteo archive context,configured pilot anchor
DEL_NAJ,Najafgarh pilot area,Delhi,South West Delhi,2026-08-21 21:00:00+00:00,26.8,92,7.6,248,0.4,977.5,Open-Meteo archive context,configured pilot anchor
DEL_NAJ,Najafgarh pilot area,Delhi,South West Delhi,2026-08-21 22:00:00+00:00,26.4,96,5.5,131,0.2,977.0,Open-Meteo archive context,configured pilot anchor
DEL_NAJ,Najafgarh pilot area,Delhi,South West Delhi,2026-08-21 23:00:00+00:00,26.2,95,2.7,203,0.0,977.5,Open-Meteo archive context,configured pilot anchor
DEL_NAJ,Najafgarh pilot area,Delhi,South West Delhi,2026-08-22 00:00:00+00:00,26.6,95,3.9,208,0.1,977.7,Open-Meteo archive context,configured pilot anchor
DEL_NAJ,Najafgarh pilot area,Delhi,South West Delhi,2026-08-22 01:00:00+00:00,27.1,93,7.4,266,0.1,978.3,Open-Meteo archive context,configured pilot anchor
DEL_NAJ,Najafgarh pilot area,Delhi,South West Delhi,2026-08-22 02:00:00+00:00,28.3,87,8.5,266,0.0,979.0,Open-Meteo archive context,configured pilot anchor
DEL_NAJ,Najafgarh pilot area,Delhi,South West Delhi,2026-08-22 03:00:00+00:00,29.6,76,8.6,296,0.0,979.3,Open-Meteo archive context,configured pilot anchor
DEL_NAJ,Najafgarh pilot area,Delhi,South West Delhi,2026-08-22 04:00:00+00:00,30.9,68,10.6,285,0.0,979.6,Open-Meteo archive context,configured pilot anchor
DEL_NAJ,Najafgarh pilot area,Delhi,South West Delhi,2026-08-22 05:00:00+00:00,32.0,65,11.4,274,0.0,979.5,Open-Meteo archive context,configured pilot anchor
DEL_NAJ,Najafgarh pilot area,Delhi,South West Delhi,2026-08-22 06:00:00+00:00,33.0,62,12.4,304,0.0,979.7,Open-Meteo archive context,configured pilot anchor
DEL_NAJ,Najafgarh pilot area,Delhi,South West Delhi,2026-08-22 07:00:00+00:00,33.5,60,12.9,307,0.0,978.9,Open-Meteo archive context,configured pilot anchor
DEL_NAJ,Najafgarh pilot area,Delhi,South West Delhi,2026-08-22 08:00:00+00:00,34.0,58,11.1,304,0.1,977.9,Open-Meteo archive context,configured pilot anchor
DEL_NAJ,Najafgarh pilot area,Delhi,South West Delhi,2026-08-22 09:00:00+00:00,33.9,58,11.5,310,0.0,977.2,Open-Meteo archive context,configured pilot anchor
DEL_NAJ,Najafgarh pilot area,Delhi,South West Delhi,2026-08-22 10:00:00+00:00,33.3,61,9.7,304,0.1,976.5,Open-Meteo archive context,configured pilot anchor
DEL_NAJ,Najafgarh pilot area,Delhi,South West Delhi,2026-08-22 11:00:00+00:00,32.7,63,10.7,311,0.1,975.8,Open-Meteo archive context,configured pilot anchor
DEL_NAJ,Najafgarh pilot area,Delhi,South West Delhi,2026-08-22 12:00:00+00:00,31.2,76,9.0,37,0.2,976.3,Open-Meteo archive context,configured pilot anchor
DEL_NAJ,Najafgarh pilot area,Delhi,South West Delhi,2026-08-22 13:00:00+00:00,30.6,79,3.1,149,0.0,976.8,Open-Meteo archive context,configured pilot anchor
DEL_NAJ,Najafgarh pilot area,Delhi,South West Delhi,2026-08-22 14:00:00+00:00,29.4,79,9.6,174,0.0,977.2,Open-Meteo archive context,configured pilot anchor
DEL_NAJ,Najafgarh pilot area,Delhi,South West Delhi,2026-08-22 15:00:00+00:00,28.5,80,5.2,166,0.0,977.8,Open-Meteo archive context,configured pilot anchor
DEL_NAJ,Najafgarh pilot area,Delhi,South West Delhi,2026-08-22 16:00:00+00:00,28.2,82,4.5,180,0.0,978.4,Open-Meteo archive context,configured pilot anchor
DEL_NAJ,Najafgarh pilot area,Delhi,South West Delhi,2026-08-22 17:00:00+00:00,27.9,83,7.6,180,0.0,978.6,Open-Meteo archive context,configured pilot anchor
DEL_NAJ,Najafgarh pilot area,Delhi,South West Delhi,2026-08-22 18:00:00+00:00,29.1,80,8.8,161,0.0,978.4,Open-Meteo archive context,configured pilot anchor
DEL_NAJ,Najafgarh pilot area,Delhi,South West Delhi,2026-08-22 19:00:00+00:00,28.4,82,6.3,183,0.1,978.3,Open-Meteo archive context,configured pilot anchor
DEL_NAJ,Najafgarh pilot area,Delhi,South West Delhi,2026-08-22 20:00:00+00:00,27.8,89,7.4,198,0.3,978.3,Open-Meteo archive context,configured pilot anchor
DEL_NAJ,Najafgarh pilot area,Delhi,South West Delhi,2026-08-22 21:00:00+00:00,27.3,92,6.9,200,0.1,977.8,Open-Meteo archive context,configured pilot anchor
DEL_NAJ,Najafgarh pilot area,Delhi,South West Delhi,2026-08-22 22:00:00+00:00,27.0,91,6.3,217,0.0,977.7,Open-Meteo archive context,configured pilot anchor
DEL_NAJ,Najafgarh pilot area,Delhi,South West Delhi,2026-08-22 23:00:00+00:00,27.0,88,5.1,252,0.0,978.0,Open-Meteo archive context,configured pilot anchor
DEL_NAJ,Najafgarh pilot area,Delhi,South West Delhi,2026-08-23 00:00:00+00:00,27.5,88,7.1,350,0.5,978.1,Open-Meteo archive context,configured pilot anchor
DEL_NAJ,Najafgarh pilot area,Delhi,South West Delhi,2026-08-23 01:00:00+00:00,25.5,93,14.9,109,0.4,979.2,Open-Meteo archive context,configured pilot anchor
DEL_NAJ,Najafgarh pilot area,Delhi,South West Delhi,2026-08-23 02:00:00+00:00,25.9,94,6.5,152,0.1,979.3,Open-Meteo archive context,configured pilot anchor
DEL_NAJ,Najafgarh pilot area,Delhi,South West Delhi,2026-08-23 03:00:00+00:00,28.3,84,1.5,216,0.0,979.9,Open-Meteo archive context,configured pilot anchor
DEL_NAJ,Najafgarh pilot area,Delhi,South West Delhi,2026-08-23 04:00:00+00:00,30.4,76,1.7,311,0.0,980.5,Open-Meteo archive context,configured pilot anchor
DEL_NAJ,Najafgarh pilot area,Delhi,South West Delhi,2026-08-23 05:00:00+00:00,28.5,84,6.1,341,2.3,981.0,Open-Meteo archive context,configured pilot anchor
DEL_NAJ,Najafgarh pilot area,Delhi,South West Delhi,2026-08-23 06:00:00+00:00,29.5,82,7.4,304,0.7,981.2,Open-Meteo archive context,configured pilot anchor
DEL_NAJ,Najafgarh pilot area,Delhi,South West Delhi,2026-08-23 07:00:00+00:00,31.0,73,12.1,300,0.3,980.7,Open-Meteo archive context,configured pilot anchor
DEL_NAJ,Najafgarh pilot area,Delhi,South West Delhi,2026-08-23 08:00:00+00:00,32.0,67,11.2,303,0.3,979.5,Open-Meteo archive context,configured pilot anchor
DEL_NAJ,Najafgarh pilot area,Delhi,South West Delhi,2026-08-23 09:00:00+00:00,33.0,62,10.7,315,0.0,978.5,Open-Meteo archive context,configured pilot anchor
DEL_NAJ,Najafgarh pilot area,Delhi,South West Delhi,2026-08-23 10:00:00+00:00,33.0,62,10.1,316,0.0,977.8,Open-Meteo archive context,configured pilot anchor
DEL_NAJ,Najafgarh pilot area,Delhi,South West Delhi,2026-08-23 11:00:00+00:00,32.9,62,9.0,323,0.0,977.1,Open-Meteo archive context,configured pilot anchor
DEL_NAJ,Najafgarh pilot area,Delhi,South West Delhi,2026-08-23 12:00:00+00:00,32.4,69,7.2,328,0.0,976.7,Open-Meteo archive context,configured pilot anchor
DEL_NAJ,Najafgarh pilot area,Delhi,South West Delhi,2026-08-23 13:00:00+00:00,31.3,79,3.6,300,0.0,977.4,Open-Meteo archive context,configured pilot anchor
DEL_NAJ,Najafgarh pilot area,Delhi,South West Delhi,2026-08-23 14:00:00+00:00,30.6,80,3.3,283,0.0,978.1,Open-Meteo archive context,configured pilot anchor
DEL_NAJ,Najafgarh pilot area,Delhi,South West Delhi,2026-08-23 15:00:00+00:00,30.5,80,1.9,287,0.0,979.0,Open-Meteo archive context,configured pilot anchor
DEL_NAJ,Najafgarh pilot area,Delhi,South West Delhi,2026-08-23 16:00:00+00:00,30.4,79,0.5,225,0.0,979.7,Open-Meteo archive context,configured pilot anchor
DEL_NAJ,Najafgarh pilot area,Delhi,South West Delhi,2026-08-23 17:00:00+00:00,30.1,81,0.2,180,0.0,979.4,Open-Meteo archive context,configured pilot anchor
DEL_NAJ,Najafgarh pilot area,Delhi,South West Delhi,2026-08-23 18:00:00+00:00,28.4,87,5.4,42,0.2,979.8,Open-Meteo archive context,configured pilot anchor
DEL_NAJ,Najafgarh pilot area,Delhi,South West Delhi,2026-08-23 19:00:00+00:00,27.2,89,7.7,279,0.7,979.3,Open-Meteo archive context,configured pilot anchor
DEL_NAJ,Najafgarh pilot area,Delhi,South West Delhi,2026-08-23 20:00:00+00:00,27.4,88,0.4,90,0.0,978.5,Open-Meteo archive context,configured pilot anchor
DEL_NAJ,Najafgarh pilot area,Delhi,South West Delhi,2026-08-23 21:00:00+00:00,27.0,91,4.9,274,0.0,978.5,Open-Meteo archive context,configured pilot anchor
DEL_NAJ,Najafgarh pilot area,Delhi,South West Delhi,2026-08-23 22:00:00+00:00,25.2,92,4.6,171,1.3,978.5,Open-Meteo archive context,configured pilot anchor
DEL_NAJ,Najafgarh pilot area,Delhi,South West Delhi,2026-08-23 23:00:00+00:00,24.6,94,13.8,69,1.5,979.0,Open-Meteo archive context,configured pilot anchor
DEL_NAJ,Najafgarh pilot area,Delhi,South West Delhi,2026-08-24 00:00:00+00:00,25.9,97,3.3,189,1.2,979.2,Open-Meteo archive context,configured pilot anchor
DEL_NAJ,Najafgarh pilot area,Delhi,South West Delhi,2026-08-24 01:00:00+00:00,26.2,95,1.3,262,1.2,979.6,Open-Meteo archive context,configured pilot anchor
DEL_NAJ,Najafgarh pilot area,Delhi,South West Delhi,2026-08-24 02:00:00+00:00,26.9,90,4.7,81,0.3,979.8,Open-Meteo archive context,configured pilot anchor
DEL_NAJ,Najafgarh pilot area,Delhi,South West Delhi,2026-08-24 03:00:00+00:00,28.2,85,1.9,287,0.1,980.0,Open-Meteo archive context,configured pilot anchor
DEL_NAJ,Najafgarh pilot area,Delhi,South West Delhi,2026-08-24 04:00:00+00:00,30.2,73,2.3,302,0.0,980.4,Open-Meteo archive context,configured pilot anchor
DEL_NAJ,Najafgarh pilot area,Delhi,South West Delhi,2026-08-24 05:00:00+00:00,31.7,65,2.8,281,0.0,980.4,Open-Meteo archive context,configured pilot anchor
DEL_NAJ,Najafgarh pilot area,Delhi,South West Delhi,2026-08-24 06:00:00+00:00,31.0,65,3.3,41,0.0,980.4,Open-Meteo archive context,configured pilot anchor
DEL_NAJ,Najafgarh pilot area,Delhi,South West Delhi,2026-08-24 07:00:00+00:00,30.1,73,5.5,144,0.3,980.3,Open-Meteo archive context,configured pilot anchor
DEL_NAJ,Najafgarh pilot area,Delhi,South West Delhi,2026-08-24 08:00:00+00:00,30.4,71,4.2,200,0.0,979.2,Open-Meteo archive context,configured pilot anchor
DEL_NAJ,Najafgarh pilot area,Delhi,South West Delhi,2026-08-24 09:00:00+00:00,31.2,68,3.7,259,0.0,978.3,Open-Meteo archive context,configured pilot anchor
DEL_NAJ,Najafgarh pilot area,Delhi,South West Delhi,2026-08-24 10:00:00+00:00,31.5,66,3.5,255,0.0,977.7,Open-Meteo archive context,configured pilot anchor
DEL_NAJ,Najafgarh pilot area,Delhi,South West Delhi,2026-08-24 11:00:00+00:00,30.9,69,3.8,225,0.0,977.4,Open-Meteo archive context,configured pilot anchor
DEL_NAJ,Najafgarh pilot area,Delhi,South West Delhi,2026-08-24 12:00:00+00:00,31.5,71,3.2,19,0.0,977.1,Open-Meteo archive context,configured pilot anchor
DEL_NAJ,Najafgarh pilot area,Delhi,South West Delhi,2026-08-24 13:00:00+00:00,30.9,80,0.6,124,0.0,977.6,Open-Meteo archive context,configured pilot anchor
DEL_NAJ,Najafgarh pilot area,Delhi,South West Delhi,2026-08-24 14:00:00+00:00,30.2,81,3.0,155,0.0,978.1,Open-Meteo archive context,configured pilot anchor
DEL_NAJ,Najafgarh pilot area,Delhi,South West Delhi,2026-08-24 15:00:00+00:00,29.7,83,4.8,160,0.0,979.0,Open-Meteo archive context,configured pilot anchor
DEL_NAJ,Najafgarh pilot area,Delhi,South West Delhi,2026-08-24 16:00:00+00:00,29.5,83,6.2,159,0.0,979.6,Open-Meteo archive context,configured pilot anchor
DEL_NAJ,Najafgarh pilot area,Delhi,South West Delhi,2026-08-24 17:00:00+00:00,29.1,85,6.9,160,0.0,979.5,Open-Meteo archive context,configured pilot anchor
DEL_NAJ,Najafgarh pilot area,Delhi,South West Delhi,2026-08-24 18:00:00+00:00,28.7,87,5.1,157,0.0,979.1,Open-Meteo archive context,configured pilot anchor
DEL_NAJ,Najafgarh pilot area,Delhi,South West Delhi,2026-08-24 19:00:00+00:00,28.2,89,3.6,189,0.0,979.1,Open-Meteo archive context,configured pilot anchor
DEL_NAJ,Najafgarh pilot area,Delhi,South West Delhi,2026-08-24 20:00:00+00:00,27.8,92,3.5,219,0.0,978.8,Open-Meteo archive context,configured pilot anchor
DEL_NAJ,Najafgarh pilot area,Delhi,South West Delhi,2026-08-24 21:00:00+00:00,27.7,92,3.3,221,0.0,978.6,Open-Meteo archive context,configured pilot anchor
DEL_NAJ,Najafgarh pilot area,Delhi,South West Delhi,2026-08-24 22:00:00+00:00,27.7,92,3.3,209,0.0,978.6,Open-Meteo archive context,configured pilot anchor
DEL_NAJ,Najafgarh pilot area,Delhi,South West Delhi,2026-08-24 23:00:00+00:00,27.5,93,3.0,194,0.0,978.6,Open-Meteo archive context,configured pilot anchor
DEL_NAJ,Najafgarh pilot area,Delhi,South West Delhi,2026-08-25 00:00:00+00:00,26.1,96,1.9,253,0.0,979.2,Open-Meteo archive context,configured pilot anchor
DEL_NAJ,Najafgarh pilot area,Delhi,South West Delhi,2026-08-25 01:00:00+00:00,26.5,94,0.9,233,0.9,980.1,Open-Meteo archive context,configured pilot anchor
DEL_NAJ,Najafgarh pilot area,Delhi,South West Delhi,2026-08-25 02:00:00+00:00,26.6,94,3.3,257,0.5,980.1,Open-Meteo archive context,configured pilot anchor
DEL_NAJ,Najafgarh pilot area,Delhi,South West Delhi,2026-08-25 03:00:00+00:00,27.3,93,1.9,229,0.2,980.2,Open-Meteo archive context,configured pilot anchor
DEL_NAJ,Najafgarh pilot area,Delhi,South West Delhi,2026-08-25 04:00:00+00:00,28.3,88,2.7,86,0.0,980.5,Open-Meteo archive context,configured pilot anchor
DEL_NAJ,Najafgarh pilot area,Delhi,South West Delhi,2026-08-25 05:00:00+00:00,29.5,83,3.8,85,0.0,980.8,Open-Meteo archive context,configured pilot anchor
DEL_NAJ,Najafgarh pilot area,Delhi,South West Delhi,2026-08-25 06:00:00+00:00,29.9,79,3.4,155,0.0,980.7,Open-Meteo archive context,configured pilot anchor
DEL_NAJ,Najafgarh pilot area,Delhi,South West Delhi,2026-08-25 07:00:00+00:00,30.8,73,2.6,106,0.0,980.4,Open-Meteo archive context,configured pilot anchor
DEL_NAJ,Najafgarh pilot area,Delhi,South West Delhi,2026-08-25 08:00:00+00:00,31.9,66,2.8,40,0.0,979.7,Open-Meteo archive context,configured pilot anchor
DEL_NAJ,Najafgarh pilot area,Delhi,South West Delhi,2026-08-25 09:00:00+00:00,32.2,64,2.8,35,0.0,978.8,Open-Meteo archive context,configured pilot anchor
DEL_NAJ,Najafgarh pilot area,Delhi,South West Delhi,2026-08-25 10:00:00+00:00,32.8,62,2.3,61,0.0,978.1,Open-Meteo archive context,configured pilot anchor
DEL_NAJ,Najafgarh pilot area,Delhi,South West Delhi,2026-08-25 11:00:00+00:00,32.7,61,1.4,40,0.0,977.8,Open-Meteo archive context,configured pilot anchor
DEL_NAJ,Najafgarh pilot area,Delhi,South West Delhi,2026-08-25 12:00:00+00:00,32.5,61,1.3,352,0.0,977.4,Open-Meteo archive context,configured pilot anchor
DEL_NAJ,Najafgarh pilot area,Delhi,South West Delhi,2026-08-25 13:00:00+00:00,31.2,77,1.5,315,0.0,977.5,Open-Meteo archive context,configured pilot anchor
DEL_NAJ,Najafgarh pilot area,Delhi,South West Delhi,2026-08-25 14:00:00+00:00,30.0,79,2.7,302,0.0,977.6,Open-Meteo archive context,configured pilot anchor
DEL_NAJ,Najafgarh pilot area,Delhi,South West Delhi,2026-08-25 15:00:00+00:00,29.7,81,0.7,14,0.0,978.8,Open-Meteo archive context,configured pilot anchor
DEL_NAJ,Najafgarh pilot area,Delhi,South West Delhi,2026-08-25 16:00:00+00:00,29.3,82,0.2,180,0.0,979.3,Open-Meteo archive context,configured pilot anchor
DEL_NAJ,Najafgarh pilot area,Delhi,South West Delhi,2026-08-25 17:00:00+00:00,28.6,85,2.3,184,0.0,979.6,Open-Meteo archive context,configured pilot anchor
DEL_NAJ,Najafgarh pilot area,Delhi,South West Delhi,2026-08-25 18:00:00+00:00,28.0,87,4.3,180,0.0,979.7,Open-Meteo archive context,configured pilot anchor
DEL_NAJ,Najafgarh pilot area,Delhi,South West Delhi,2026-08-25 19:00:00+00:00,27.7,89,3.8,197,0.0,979.5,Open-Meteo archive context,configured pilot anchor
DEL_NAJ,Najafgarh pilot area,Delhi,South West Delhi,2026-08-25 20:00:00+00:00,27.5,90,3.3,216,0.0,978.8,Open-Meteo archive context,configured pilot anchor
DEL_NAJ,Najafgarh pilot area,Delhi,South West Delhi,2026-08-25 21:00:00+00:00,27.2,90,3.7,215,0.0,978.2,Open-Meteo archive context,configured pilot anchor
DEL_NAJ,Najafgarh pilot area,Delhi,South West Delhi,2026-08-25 22:00:00+00:00,27.0,90,3.4,212,0.0,978.1,Open-Meteo archive context,configured pilot anchor
DEL_NAJ,Najafgarh pilot area,Delhi,South West Delhi,2026-08-25 23:00:00+00:00,27.0,90,3.5,231,0.0,978.2,Open-Meteo archive context,configured pilot anchor
